
 PRINT TEMP NODAL SOLUTION PER NODE
 
  ***** POST1 NODAL DEGREE OF FREEDOM LISTING *****                            
 
  LOAD STEP=     1  SUBSTEP=     1                                             
   TIME=    1.0000      LOAD CASE=   0                                         
 
    NODE       TEMP  
       1   542.19     
       2   541.78     
       3   541.87     
       4   755.43     
       5   754.85     
       6   755.81     
       7   680.68     
       8   677.56     
       9   676.14     
      10   621.07     
      11   621.80     
      12   621.51     
      13   576.92     
      14   579.80     
      15   575.74     
      16   689.57     
      17   693.30     
      18   694.91     
      19   579.91     
      20   583.17     
      21   446.40     
      22   447.04     
      23   447.25     
      24   438.18     
      25   438.82     
      26   439.12     
      27   358.66     
      28   359.01     
      29   358.94     
      30   359.64     
      31   359.47     
      32   359.26     
      33   437.06     
      34   437.80     
      35   438.43     
      36   547.84     
      37   549.16     
      38   545.93     
      39   533.17     
 
  ***** POST1 NODAL DEGREE OF FREEDOM LISTING *****                            
 
  LOAD STEP=     1  SUBSTEP=     1                                             
   TIME=    1.0000      LOAD CASE=   0                                         
 
    NODE       TEMP  
      40   528.03     
      41   530.24     
      42   427.98     
      43   428.50     
      44   427.18     
      45   490.10     
      46   488.85     
      47   486.81     
      48   416.84     
      49   416.26     
      50   417.44     
      51   447.50     
      52   446.75     
      53   445.95     
      54   640.39     
      55   639.01     
      56   637.94     
      57   631.56     
      58   633.54     
      59   632.55     
      60   659.94     
      61   661.71     
      62   663.54     
      63   623.99     
      64   623.62     
      65   624.90     
      66   738.47     
      67   739.00     
      68   738.59     
      69   749.80     
      70   745.92     
      71   742.82     
      72   754.96     
      73   754.89     
      74   754.99     
      75   754.96     
      76   754.89     
      77   755.01     
      78   621.16     
 
  ***** POST1 NODAL DEGREE OF FREEDOM LISTING *****                            
 
  LOAD STEP=     1  SUBSTEP=     1                                             
   TIME=    1.0000      LOAD CASE=   0                                         
 
    NODE       TEMP  
      79   620.95     
      80   621.54     
      81   567.88     
      82   567.76     
      83   567.87     
      84   747.48     
      85   741.92     
      86   744.63     
      87   731.69     
      88   730.87     
      89   731.03     
      90   731.14     
      91   635.20     
      92   636.62     
      93   637.54     
      94   633.49     
      95   634.62     
      96   619.77     
      97   620.09     
      98   620.41     
      99   571.95     
     100   574.89     
     101   573.66     
     102   740.03     
     103   742.45     
     104   740.24     
     105   727.06     
     106   726.42     
     107   726.78     
     108   557.45     
     109   559.53     
     110   558.36     
     111   541.89     
     112   541.99     
     113   541.42     
     114   622.13     
     115   621.81     
     116   704.52     
     117   706.16     
 
  ***** POST1 NODAL DEGREE OF FREEDOM LISTING *****                            
 
  LOAD STEP=     1  SUBSTEP=     1                                             
   TIME=    1.0000      LOAD CASE=   0                                         
 
    NODE       TEMP  
     118   703.11     
     119   543.45     
     120   542.69     
     121   543.28     
     122   648.93     
     123   650.55     
     124   653.26     
     125   603.46     
     126   605.23     
     127   602.71     
     128   596.27     
     129   596.75     
     130   593.82     
     131   621.22     
     132   620.59     
     133   620.91     
     134   633.48     
     135   629.10     
     136   633.14     
     137   627.83     
     138   629.62     
     139   628.79     
     140   622.97     
     141   622.85     
     142   622.75     
     143   605.91     
     144   607.54     
     145   601.73     
     146   599.85     
     147   622.75     
     148   646.31     
     149   647.91     
     150   648.35     
     151   623.17     
     152   623.00     
     153   623.03     
     154   646.03     
     155   645.68     
     156   647.35     
 
  ***** POST1 NODAL DEGREE OF FREEDOM LISTING *****                            
 
  LOAD STEP=     1  SUBSTEP=     1                                             
   TIME=    1.0000      LOAD CASE=   0                                         
 
    NODE       TEMP  
     157   362.07     
     158   362.00     
     159   362.14     
     160   360.90     
     161   361.05     
     162   361.11     
     163   391.61     
     164   392.08     
     165   392.57     
     166   620.73     
     167   621.29     
     168   620.73     
     169   357.75     
     170   358.01     
     171   357.80     
     172   689.80     
     173   689.93     
     174   689.38     
     175   353.84     
     176   353.92     
     177   353.62     
     178   353.52     
     179   353.80     
     180   353.72     
     181   362.02     
     182   362.18     
     183   362.06     
     184   353.53     
     185   353.02     
     186   353.11     
     187   352.45     
     188   352.46     
     189   352.00     
     190   360.84     
     191   360.82     
     192   360.62     
     193   365.38     
     194   364.41     
     195   364.96     
 
  ***** POST1 NODAL DEGREE OF FREEDOM LISTING *****                            
 
  LOAD STEP=     1  SUBSTEP=     1                                             
   TIME=    1.0000      LOAD CASE=   0                                         
 
    NODE       TEMP  
     196   362.57     
     197   362.46     
     198   362.41     
     199   361.62     
     200   361.75     
     201   361.58     
     202   369.68     
     203   370.40     
     204   370.37     
     205   375.44     
     206   375.53     
     207   375.69     
     208   351.30     
     209   351.64     
     210   351.50     
     211   376.64     
     212   377.00     
     213   377.51     
     214   418.04     
     215   418.65     
     216   445.13     
     217   445.80     
     218   445.28     
     219   443.93     
     220   443.36     
     221   443.67     
     222   394.46     
     223   395.43     
     224   394.95     
     225   442.79     
     226   442.66     
     227   442.41     
     228   442.81     
     229   443.17     
     230   442.03     
     231   433.68     
     232   432.40     
     233   433.27     
     234   434.72     
 
  ***** POST1 NODAL DEGREE OF FREEDOM LISTING *****                            
 
  LOAD STEP=     1  SUBSTEP=     1                                             
   TIME=    1.0000      LOAD CASE=   0                                         
 
    NODE       TEMP  
     235   434.43     
     236   439.53     
     237   439.03     
     238   436.26     
     239   435.29     
     240   434.52     
     241   567.46     
     242   567.62     
     243   567.17     
     244   587.98     
     245   587.19     
     246   589.85     
     247   559.34     
     248   556.78     
     249   561.37     
     250   528.93     
     251   532.53     
     252   481.48     
     253   483.49     
     254   485.13     
     255   621.37     
     256   623.21     
     257   623.90     
     258   454.96     
     259   456.57     
     260   455.09     
     261   437.98     
     262   439.44     
     263   439.54     
     264   459.21     
     265   458.49     
     266   458.01     
     267   362.58     
     268   362.47     
     269   362.59     
     270   736.97     
     271   737.53     
     272   746.95     
     273   746.30     
 
  ***** POST1 NODAL DEGREE OF FREEDOM LISTING *****                            
 
  LOAD STEP=     1  SUBSTEP=     1                                             
   TIME=    1.0000      LOAD CASE=   0                                         
 
    NODE       TEMP  
     274   745.92     
     275   691.54     
     276   688.50     
     277   693.50     
     278   734.90     
     279   733.15     
     280   732.55     
     281   641.70     
     282   644.36     
     283   642.98     
     284   639.19     
     285   626.87     
     286   626.33     
     287   627.90     
     288   621.48     
     289   622.11     
     290   622.48     
     291   669.36     
     292   672.18     
     293   667.71     
     294   739.17     
     295   741.91     
     296   743.05     
     297   623.59     
     298   622.46     
     299   622.69     
     300   690.33     
     301   685.66     
     302   635.68     
     303   636.83     
     304   624.87     
     305   625.70     
     306   624.35     
     307   619.28     
     308   619.10     
     309   619.53     
     310   698.57     
     311   702.11     
     312   710.66     
 
  ***** POST1 NODAL DEGREE OF FREEDOM LISTING *****                            
 
  LOAD STEP=     1  SUBSTEP=     1                                             
   TIME=    1.0000      LOAD CASE=   0                                         
 
    NODE       TEMP  
     313   698.27     
     314   688.99     
     315   693.34     
     316   669.64     
     317   665.35     
     318   721.25     
     319   710.01     
     320   716.43     
     321   728.23     
     322   737.67     
     323   734.26     
     324   753.17     
     325   753.36     
     326   751.29     
     327   642.95     
     328   645.68     
     329   636.78     
     330   637.89     
     331   639.26     
     332   754.87     
     333   754.76     
     334   660.00     
     335   658.21     
     336   661.75     
     337   621.17     
     338   621.60     
     339   620.76     
     340   648.59     
     341   647.14     
     342   645.69     
     343   663.70     
     344   665.47     
     345   677.43     
     346   673.41     
     347   659.68     
     348   619.28     
     349   618.55     
     350   619.11     
     351   626.77     
 
  ***** POST1 NODAL DEGREE OF FREEDOM LISTING *****                            
 
  LOAD STEP=     1  SUBSTEP=     1                                             
   TIME=    1.0000      LOAD CASE=   0                                         
 
    NODE       TEMP  
     352   628.41     
     353   627.87     
     354   651.63     
     355   649.87     
     356   653.00     
     357   644.33     
     358   640.34     
     359   641.67     
     360   639.16     
     361   544.44     
     362   544.15     
     363   543.62     
     364   560.21     
     365   562.47     
     366   561.45     
     367   544.91     
     368   544.06     
     369   545.03     
     370   621.85     
     371   623.49     
     372   623.10     
     373   559.26     
     374   560.31     
     375   558.19     
     376   623.39     
     377   624.17     
     378   622.98     
     379   681.13     
     380   675.15     
     381   680.02     
     382   544.35     
     383   544.78     
     384   543.91     
     385   558.08     
     386   556.78     
     387   558.84     
     388   563.77     
     389   638.46     
     390   637.07     
 
  ***** POST1 NODAL DEGREE OF FREEDOM LISTING *****                            
 
  LOAD STEP=     1  SUBSTEP=     1                                             
   TIME=    1.0000      LOAD CASE=   0                                         
 
    NODE       TEMP  
     391   635.51     
     392   699.91     
     393   703.18     
     394   699.62     
     395   754.89     
     396   556.45     
     397   754.98     
     398   754.92     
     399   754.90     
     400   552.29     
     401   553.95     
     402   553.30     
     403   542.72     
     404   542.33     
     405   542.91     
     406   541.55     
     407   541.86     
     408   541.64     
     409   606.78     
     410   608.99     
     411   604.88     
     412   755.01     
     413   754.91     
     414   595.87     
     415   593.78     
     416   592.34     
     417   624.10     
     418   625.26     
     419   623.90     
     420   638.85     
     421   637.20     
     422   639.66     
     423   602.37     
     424   600.97     
     425   703.50     
     426   697.78     
     427   698.35     
     428   683.80     
     429   681.21     
 
  ***** POST1 NODAL DEGREE OF FREEDOM LISTING *****                            
 
  LOAD STEP=     1  SUBSTEP=     1                                             
   TIME=    1.0000      LOAD CASE=   0                                         
 
    NODE       TEMP  
     430   695.45     
     431   694.50     
     432   693.50     
     433   658.21     
     434   659.88     
     435   667.31     
     436   665.39     
     437   647.16     
     438   743.84     
     439   745.47     
     440   744.52     
     441   737.74     
     442   741.51     
     443   741.61     
     444   754.77     
     445   750.84     
     446   752.70     
     447   700.64     
     448   704.10     
     449   709.91     
     450   710.75     
     451   715.27     
     452   728.23     
     453   729.24     
     454   729.23     
     455   689.62     
     456   689.94     
     457   689.40     
     458   566.56     
     459   569.18     
     460   567.75     
     461   542.43     
     462   543.04     
     463   590.22     
     464   593.05     
     465   602.63     
     466   599.85     
     467   603.64     
     468   590.75     
 
  ***** POST1 NODAL DEGREE OF FREEDOM LISTING *****                            
 
  LOAD STEP=     1  SUBSTEP=     1                                             
   TIME=    1.0000      LOAD CASE=   0                                         
 
    NODE       TEMP  
     469   615.16     
     470   613.37     
     471   612.39     
     472   593.55     
     473   592.05     
     474   595.08     
     475   545.28     
     476   545.67     
     477   546.33     
     478   551.78     
     479   552.58     
     480   550.97     
     481   598.86     
     482   596.93     
     483   593.98     
     484   594.84     
     485   692.19     
     486   691.85     
     487   693.43     
     488   581.44     
     489   543.76     
     490   544.61     
     491   544.08     
     492   541.95     
     493   541.59     
     494   542.30     
     495   542.03     
     496   727.36     
     497   727.41     
     498   728.11     
     499   603.08     
     500   560.46     
     501   561.73     
     502   562.72     
     503   570.06     
     504   567.40     
     505   568.45     
     506   690.85     
     507   690.64     
 
  ***** POST1 NODAL DEGREE OF FREEDOM LISTING *****                            
 
  LOAD STEP=     1  SUBSTEP=     1                                             
   TIME=    1.0000      LOAD CASE=   0                                         
 
    NODE       TEMP  
     508   609.45     
     509   609.59     
     510   611.22     
     511   610.23     
     512   608.16     
     513   621.75     
     514   622.18     
     515   621.44     
     516   622.53     
     517   623.42     
     518   674.30     
     519   680.97     
     520   621.82     
     521   622.35     
     522   621.75     
     523   643.74     
     524   642.11     
     525   639.66     
     526   622.27     
     527   623.42     
     528   623.01     
     529   630.32     
     530   633.40     
     531   622.33     
     532   622.80     
     533   622.10     
     534   630.23     
     535   628.02     
     536   629.46     
     537   700.92     
     538   702.10     
     539   697.16     
     540   620.12     
     541   352.30     
     542   352.11     
     543   352.55     
     544   646.14     
     545   648.41     
     546   642.35     
 
  ***** POST1 NODAL DEGREE OF FREEDOM LISTING *****                            
 
  LOAD STEP=     1  SUBSTEP=     1                                             
   TIME=    1.0000      LOAD CASE=   0                                         
 
    NODE       TEMP  
     547   649.64     
     548   650.49     
     549   653.03     
     550   623.38     
     551   623.33     
     552   624.33     
     553   646.53     
     554   648.18     
     555   625.47     
     556   625.52     
     557   626.83     
     558   605.59     
     559   608.06     
     560   609.06     
     561   585.58     
     562   568.42     
     563   569.15     
     564   568.86     
     565   584.64     
     566   583.34     
     567   606.88     
     568   605.50     
     569   608.93     
     570   597.35     
     571   600.35     
     572   598.28     
     573   577.75     
     574   576.88     
     575   578.53     
     576   594.51     
     577   591.85     
     578   593.51     
     579   582.43     
     580   581.23     
     581   632.49     
     582   631.54     
     583   630.51     
     584   645.13     
     585   644.59     
 
  ***** POST1 NODAL DEGREE OF FREEDOM LISTING *****                            
 
  LOAD STEP=     1  SUBSTEP=     1                                             
   TIME=    1.0000      LOAD CASE=   0                                         
 
    NODE       TEMP  
     586   660.36     
     587   652.81     
     588   656.50     
     589   637.66     
     590   638.82     
     591   635.66     
     592   576.86     
     593   576.15     
     594   596.27     
     595   622.24     
     596   621.82     
     597   621.31     
     598   620.61     
     599   622.64     
     600   623.04     
     601   622.94     
     602   636.34     
     603   633.77     
     604   635.57     
     605   642.13     
     606   643.48     
     607   640.87     
     608   636.49     
     609   632.86     
     610   622.76     
     611   622.69     
     612   622.76     
     613   623.22     
     614   623.49     
     615   624.35     
     616   623.65     
     617   624.09     
     618   705.79     
     619   654.37     
     620   653.83     
     621   653.26     
     622   656.62     
     623   657.39     
     624   668.08     
 
  ***** POST1 NODAL DEGREE OF FREEDOM LISTING *****                            
 
  LOAD STEP=     1  SUBSTEP=     1                                             
   TIME=    1.0000      LOAD CASE=   0                                         
 
    NODE       TEMP  
     625   667.58     
     626   610.43     
     627   612.54     
     628   410.06     
     629   410.62     
     630   409.54     
     631   424.11     
     632   425.23     
     633   424.04     
     634   405.34     
     635   404.31     
     636   404.83     
     637   361.82     
     638   361.68     
     639   361.78     
     640   407.41     
     641   406.88     
     642   407.93     
     643   403.30     
     644   402.30     
     645   402.80     
     646   403.81     
     647   362.22     
     648   362.12     
     649   362.20     
     650   401.30     
     651   401.80     
     652   397.86     
     653   397.37     
     654   398.35     
     655   361.99     
     656   362.10     
     657   359.36     
     658   358.86     
     659   359.44     
     660   362.28     
     661   362.16     
     662   362.06     
     663   421.68     
 
  ***** POST1 NODAL DEGREE OF FREEDOM LISTING *****                            
 
  LOAD STEP=     1  SUBSTEP=     1                                             
   TIME=    1.0000      LOAD CASE=   0                                         
 
    NODE       TEMP  
     664   420.91     
     665   420.44     
     666   362.01     
     667   362.55     
     668   362.60     
     669   362.67     
     670   410.08     
     671   411.16     
     672   362.34     
     673   362.43     
     674   362.28     
     675   362.48     
     676   362.17     
     677   362.01     
     678   362.05     
     679   356.00     
     680   355.80     
     681   355.68     
     682   360.35     
     683   360.43     
     684   360.57     
     685   355.99     
     686   356.19     
     687   355.96     
     688   353.51     
     689   353.28     
     690   353.46     
     691   356.22     
     692   356.27     
     693   355.53     
     694   355.31     
     695   355.55     
     696   353.25     
     697   352.98     
     698   352.84     
     699   353.60     
     700   350.65     
     701   350.93     
     702   350.51     
 
  ***** POST1 NODAL DEGREE OF FREEDOM LISTING *****                            
 
  LOAD STEP=     1  SUBSTEP=     1                                             
   TIME=    1.0000      LOAD CASE=   0                                         
 
    NODE       TEMP  
     703   353.52     
     704   353.78     
     705   353.52     
     706   353.24     
     707   353.26     
     708   354.33     
     709   354.03     
     710   354.05     
     711   350.10     
     712   350.39     
     713   354.39     
     714   354.22     
     715   354.75     
     716   357.19     
     717   357.40     
     718   357.15     
     719   360.54     
     720   357.35     
     721   357.54     
     722   361.19     
     723   361.28     
     724   361.04     
     725   361.91     
     726   361.80     
     727   361.52     
     728   363.59     
     729   363.18     
     730   363.00     
     731   364.23     
     732   364.83     
     733   364.32     
     734   360.44     
     735   360.15     
     736   360.69     
     737   363.88     
     738   364.36     
     739   363.73     
     740   362.97     
     741   362.91     
 
  ***** POST1 NODAL DEGREE OF FREEDOM LISTING *****                            
 
  LOAD STEP=     1  SUBSTEP=     1                                             
   TIME=    1.0000      LOAD CASE=   0                                         
 
    NODE       TEMP  
     742   364.83     
     743   366.17     
     744   366.58     
     745   365.79     
     746   362.23     
     747   362.10     
     748   361.81     
     749   361.35     
     750   361.23     
     751   358.40     
     752   358.15     
     753   358.38     
     754   360.96     
     755   361.02     
     756   361.07     
     757   367.86     
     758   367.98     
     759   368.69     
     760   366.25     
     761   365.67     
     762   365.85     
     763   369.48     
     764   370.07     
     765   369.78     
     766   362.31     
     767   362.15     
     768   371.80     
     769   371.57     
     770   371.25     
     771   375.44     
     772   375.93     
     773   375.51     
     774   361.85     
     775   361.76     
     776   361.89     
     777   378.17     
     778   378.44     
     779   378.66     
     780   377.30     
 
  ***** POST1 NODAL DEGREE OF FREEDOM LISTING *****                            
 
  LOAD STEP=     1  SUBSTEP=     1                                             
   TIME=    1.0000      LOAD CASE=   0                                         
 
    NODE       TEMP  
     781   377.27     
     782   377.29     
     783   372.63     
     784   372.35     
     785   372.09     
     786   374.62     
     787   374.99     
     788   374.49     
     789   379.86     
     790   379.39     
     791   378.81     
     792   382.95     
     793   383.89     
     794   383.39     
     795   376.49     
     796   377.33     
     797   377.03     
     798   376.78     
     799   376.76     
     800   375.05     
     801   376.05     
     802   375.89     
     803   375.94     
     804   377.25     
     805   377.27     
     806   377.03     
     807   377.06     
     808   377.08     
     809   458.60     
     810   459.10     
     811   459.36     
     812   377.31     
     813   377.30     
     814   377.30     
     815   384.35     
     816   395.91     
     817   396.88     
     818   396.41     
     819   402.30     
 
  ***** POST1 NODAL DEGREE OF FREEDOM LISTING *****                            
 
  LOAD STEP=     1  SUBSTEP=     1                                             
   TIME=    1.0000      LOAD CASE=   0                                         
 
    NODE       TEMP  
     820   403.30     
     821   382.18     
     822   382.70     
     823   381.55     
     824   443.74     
     825   443.51     
     826   443.67     
     827   376.68     
     828   376.60     
     829   376.64     
     830   377.43     
     831   377.62     
     832   376.91     
     833   362.38     
     834   362.24     
     835   362.44     
     836   422.93     
     837   422.55     
     838   421.14     
     839   420.56     
     840   419.84     
     841   414.52     
     842   413.94     
     843   413.38     
     844   429.19     
     845   417.40     
     846   418.02     
     847   418.57     
     848   406.37     
     849   405.84     
     850   404.31     
     851   394.49     
     852   393.53     
     853   394.00     
     854   401.28     
     855   402.27     
     856   401.79     
     857   443.51     
     858   400.79     
 
  ***** POST1 NODAL DEGREE OF FREEDOM LISTING *****                            
 
  LOAD STEP=     1  SUBSTEP=     1                                             
   TIME=    1.0000      LOAD CASE=   0                                         
 
    NODE       TEMP  
     859   399.81     
     860   400.29     
     861   444.01     
     862   443.96     
     863   443.96     
     864   399.33     
     865   398.83     
     866   443.81     
     867   390.63     
     868   389.67     
     869   390.15     
     870   464.60     
     871   463.76     
     872   465.25     
     873   431.84     
     874   485.04     
     875   455.95     
     876   453.89     
     877   455.51     
     878   453.54     
     879   453.06     
     880   454.15     
     881   440.96     
     882   442.47     
     883   441.74     
     884   573.88     
     885   572.60     
     886   573.36     
     887   462.25     
     888   461.32     
     889   461.82     
     890   448.90     
     891   447.72     
     892   447.71     
     893   449.83     
     894   450.23     
     895   464.59     
     896   465.30     
     897   465.85     
 
  ***** POST1 NODAL DEGREE OF FREEDOM LISTING *****                            
 
  LOAD STEP=     1  SUBSTEP=     1                                             
   TIME=    1.0000      LOAD CASE=   0                                         
 
    NODE       TEMP  
     898   451.21     
     899   450.62     
     900   450.28     
     901   447.92     
     902   447.69     
     903   448.55     
     904   568.31     
     905   567.91     
     906   567.96     
     907   567.41     
     908   564.34     
     909   565.04     
     910   568.49     
     911   568.13     
     912   568.37     
     913   570.66     
     914   570.48     
     915   571.47     
     916   568.81     
     917   568.34     
     918   572.17     
     919   567.78     
     920   567.67     
     921   567.36     
     922   567.41     
     923   568.23     
     924   568.16     
     925   568.66     
     926   575.26     
     927   573.02     
     928   572.58     
     929   569.23     
     930   569.51     
     931   540.52     
     932   537.53     
     933   536.37     
     934   577.32     
     935   578.83     
     936   565.62     
 
  ***** POST1 NODAL DEGREE OF FREEDOM LISTING *****                            
 
  LOAD STEP=     1  SUBSTEP=     1                                             
   TIME=    1.0000      LOAD CASE=   0                                         
 
    NODE       TEMP  
     937   560.55     
     938   562.62     
     939   595.72     
     940   595.82     
     941   589.02     
     942   522.72     
     943   519.24     
     944   521.12     
     945   624.04     
     946   624.37     
     947   624.08     
     948   651.03     
     949   650.78     
     950   650.81     
     951   623.77     
     952   623.71     
     953   623.48     
     954   623.66     
     955   623.28     
     956   624.13     
     957   550.80     
     958   548.25     
     959   555.40     
     960   624.08     
     961   624.78     
     962   516.77     
     963   514.80     
     964   513.67     
     965   503.36     
     966   506.52     
     967   504.14     
     968   495.78     
     969   494.15     
     970   492.57     
     971   459.90     
     972   461.14     
     973   460.47     
     974   469.65     
     975   468.73     
 
  ***** POST1 NODAL DEGREE OF FREEDOM LISTING *****                            
 
  LOAD STEP=     1  SUBSTEP=     1                                             
   TIME=    1.0000      LOAD CASE=   0                                         
 
    NODE       TEMP  
     976   470.35     
     977   457.34     
     978   457.19     
     979   457.59     
     980   457.06     
     981   456.97     
     982   492.49     
     983   492.56     
     984   494.11     
     985   464.65     
     986   469.71     
     987   470.62     
     988   471.48     
     989   459.46     
     990   460.29     
     991   459.93     
     992   466.64     
     993   467.35     
     994   468.14     
     995   456.85     
     996   456.95     
     997   745.60     
     998   747.49     
     999   747.93     
    1000   745.12     
    1001   729.30     
    1002   722.93     
    1003   725.89     
    1004   720.60     
    1005   725.84     
    1006   724.91     
    1007   750.84     
    1008   751.82     
    1009   734.11     
    1010   733.69     
    1011   735.04     
    1012   738.81     
    1013   740.08     
    1014   739.54     
 
  ***** POST1 NODAL DEGREE OF FREEDOM LISTING *****                            
 
  LOAD STEP=     1  SUBSTEP=     1                                             
   TIME=    1.0000      LOAD CASE=   0                                         
 
    NODE       TEMP  
    1015   738.87     
    1016   735.12     
    1017   737.57     
    1018   739.32     
    1019   717.26     
    1020   716.33     
    1021   720.34     
    1022   752.02     
    1023   753.70     
    1024   750.18     
    1025   747.75     
    1026   746.02     
    1027   747.01     
    1028   746.04     
    1029   747.43     
    1030   746.51     
    1031   748.78     
    1032   748.33     
    1033   750.05     
    1034   750.43     
    1035   747.41     
    1036   748.16     
    1037   748.62     
    1038   744.67     
    1039   746.94     
    1040   745.66     
    1041   744.85     
    1042   745.67     
    1043   747.09     
    1044   739.19     
    1045   742.47     
    1046   734.58     
    1047   735.32     
    1048   745.27     
    1049   746.38     
    1050   744.41     
    1051   747.25     
    1052   669.22     
    1053   665.38     
 
  ***** POST1 NODAL DEGREE OF FREEDOM LISTING *****                            
 
  LOAD STEP=     1  SUBSTEP=     1                                             
   TIME=    1.0000      LOAD CASE=   0                                         
 
    NODE       TEMP  
    1054   721.06     
    1055   715.98     
    1056   704.37     
    1057   706.93     
    1058   713.38     
    1059   709.61     
    1060   695.38     
    1061   698.91     
    1062   703.66     
    1063   710.15     
    1064   716.40     
    1065   673.22     
    1066   671.08     
    1067   675.15     
    1068   656.47     
    1069   658.05     
    1070   663.46     
    1071   667.19     
    1072   742.05     
    1073   744.36     
    1074   679.38     
    1075   676.96     
    1076   654.73     
    1077   654.86     
    1078   653.22     
    1079   648.54     
    1080   722.63     
    1081   719.49     
    1082   707.71     
    1083   701.11     
    1084   720.79     
    1085   733.53     
    1086   736.12     
    1087   733.22     
    1088   739.54     
    1089   742.86     
    1090   728.71     
    1091   734.33     
    1092   732.00     
 
  ***** POST1 NODAL DEGREE OF FREEDOM LISTING *****                            
 
  LOAD STEP=     1  SUBSTEP=     1                                             
   TIME=    1.0000      LOAD CASE=   0                                         
 
    NODE       TEMP  
    1093   727.01     
    1094   731.84     
    1095   737.71     
    1096   737.04     
    1097   735.38     
    1098   740.11     
    1099   737.41     
    1100   741.69     
    1101   725.67     
    1102   731.32     
    1103   740.48     
    1104   642.83     
    1105   640.27     
    1106   661.53     
    1107   618.67     
    1108   618.67     
    1109   618.64     
    1110   622.09     
    1111   636.80     
    1112   637.85     
    1113   740.12     
    1114   735.65     
    1115   723.83     
    1116   730.44     
    1117   727.00     
    1118   708.55     
    1119   717.89     
    1120   738.23     
    1121   744.69     
    1122   736.80     
    1123   745.53     
    1124   751.80     
    1125   750.28     
    1126   751.89     
    1127   755.02     
    1128   754.91     
    1129   756.63     
    1130   755.00     
    1131   750.26     
 
  ***** POST1 NODAL DEGREE OF FREEDOM LISTING *****                            
 
  LOAD STEP=     1  SUBSTEP=     1                                             
   TIME=    1.0000      LOAD CASE=   0                                         
 
    NODE       TEMP  
    1132   752.38     
    1133   754.39     
    1134   556.19     
    1135   557.20     
    1136   625.86     
    1137   754.87     
    1138   754.95     
    1139   754.86     
    1140   755.71     
    1141   755.35     
    1142   755.52     
    1143   755.32     
    1144   755.13     
    1145   755.13     
    1146   733.34     
    1147   739.51     
    1148   753.46     
    1149   741.16     
    1150   757.43     
    1151   754.05     
    1152   754.86     
    1153   753.97     
    1154   620.70     
    1155   620.61     
    1156   619.92     
    1157   635.60     
    1158   636.47     
    1159   637.90     
    1160   622.59     
    1161   623.15     
    1162   623.71     
    1163   634.59     
    1164   656.52     
    1165   657.97     
    1166   654.61     
    1167   653.22     
    1168   644.48     
    1169   651.47     
    1170   644.66     
 
  ***** POST1 NODAL DEGREE OF FREEDOM LISTING *****                            
 
  LOAD STEP=     1  SUBSTEP=     1                                             
   TIME=    1.0000      LOAD CASE=   0                                         
 
    NODE       TEMP  
    1171   751.04     
    1172   748.67     
    1173   636.18     
    1174   632.26     
    1175   630.21     
    1176   631.44     
    1177   629.58     
    1178   632.52     
    1179   633.45     
    1180   631.47     
    1181   632.14     
    1182   630.70     
    1183   630.60     
    1184   656.55     
    1185   652.94     
    1186   661.25     
    1187   618.23     
    1188   618.63     
    1189   618.45     
    1190   619.08     
    1191   618.91     
    1192   619.27     
    1193   618.71     
    1194   618.82     
    1195   618.43     
    1196   618.63     
    1197   618.22     
    1198   618.49     
    1199   619.90     
    1200   619.76     
    1201   619.33     
    1202   618.79     
    1203   618.91     
    1204   621.46     
    1205   620.39     
    1206   624.38     
    1207   623.77     
    1208   625.04     
    1209   746.27     
 
  ***** POST1 NODAL DEGREE OF FREEDOM LISTING *****                            
 
  LOAD STEP=     1  SUBSTEP=     1                                             
   TIME=    1.0000      LOAD CASE=   0                                         
 
    NODE       TEMP  
    1210   742.25     
    1211   619.35     
    1212   620.80     
    1213   629.09     
    1214   628.52     
    1215   630.33     
    1216   622.99     
    1217   621.82     
    1218   622.77     
    1219   621.19     
    1220   621.69     
    1221   625.72     
    1222   602.66     
    1223   604.64     
    1224   605.91     
    1225   639.43     
    1226   643.60     
    1227   601.03     
    1228   598.58     
    1229   602.61     
    1230   563.59     
    1231   561.89     
    1232   561.26     
    1233   557.11     
    1234   555.33     
    1235   555.51     
    1236   541.35     
    1237   541.23     
    1238   541.32     
    1239   541.27     
    1240   541.21     
    1241   541.38     
    1242   541.24     
    1243   541.35     
    1244   550.23     
    1245   549.48     
    1246   555.37     
    1247   557.36     
    1248   552.47     
 
  ***** POST1 NODAL DEGREE OF FREEDOM LISTING *****                            
 
  LOAD STEP=     1  SUBSTEP=     1                                             
   TIME=    1.0000      LOAD CASE=   0                                         
 
    NODE       TEMP  
    1249   553.46     
    1250   555.26     
    1251   554.32     
    1252   598.10     
    1253   599.31     
    1254   596.45     
    1255   617.87     
    1256   619.72     
    1257   620.52     
    1258   659.23     
    1259   662.49     
    1260   654.30     
    1261   640.32     
    1262   643.96     
    1263   646.07     
    1264   648.05     
    1265   643.36     
    1266   647.72     
    1267   684.29     
    1268   687.86     
    1269   618.78     
    1270   616.11     
    1271   610.59     
    1272   609.59     
    1273   656.93     
    1274   649.98     
    1275   655.07     
    1276   652.58     
    1277   650.30     
    1278   698.41     
    1279   700.53     
    1280   703.16     
    1281   588.92     
    1282   587.61     
    1283   586.10     
    1284   590.60     
    1285   582.28     
    1286   583.91     
    1287   586.10     
 
  ***** POST1 NODAL DEGREE OF FREEDOM LISTING *****                            
 
  LOAD STEP=     1  SUBSTEP=     1                                             
   TIME=    1.0000      LOAD CASE=   0                                         
 
    NODE       TEMP  
    1288   546.78     
    1289   545.77     
    1290   556.08     
    1291   554.21     
    1292   548.01     
    1293   549.37     
    1294   548.81     
    1295   571.52     
    1296   572.83     
    1297   570.08     
    1298   580.31     
    1299   578.60     
    1300   577.29     
    1301   563.37     
    1302   564.14     
    1303   565.84     
    1304   707.29     
    1305   711.00     
    1306   713.41     
    1307   625.24     
    1308   616.88     
    1309   614.25     
    1310   645.28     
    1311   646.31     
    1312   641.07     
    1313   634.16     
    1314   623.21     
    1315   623.42     
    1316   623.59     
    1317   545.95     
    1318   548.12     
    1319   566.23     
    1320   568.81     
    1321   585.09     
    1322   587.44     
    1323   564.86     
    1324   583.38     
    1325   543.37     
    1326   549.98     
 
  ***** POST1 NODAL DEGREE OF FREEDOM LISTING *****                            
 
  LOAD STEP=     1  SUBSTEP=     1                                             
   TIME=    1.0000      LOAD CASE=   0                                         
 
    NODE       TEMP  
    1327   551.55     
    1328   550.63     
    1329   544.68     
    1330   543.82     
    1331   541.36     
    1332   541.09     
    1333   541.26     
    1334   570.60     
    1335   571.79     
    1336   572.87     
    1337   570.09     
    1338   551.39     
    1339   550.41     
    1340   551.98     
    1341   545.05     
    1342   550.71     
    1343   549.25     
    1344   549.87     
    1345   599.64     
    1346   613.65     
    1347   615.88     
    1348   618.88     
    1349   590.06     
    1350   595.33     
    1351   592.99     
    1352   568.82     
    1353   566.09     
    1354   569.41     
    1355   567.41     
    1356   566.79     
    1357   620.69     
    1358   624.35     
    1359   627.78     
    1360   621.54     
    1361   615.84     
    1362   662.76     
    1363   655.56     
    1364   659.42     
    1365   638.13     
 
  ***** POST1 NODAL DEGREE OF FREEDOM LISTING *****                            
 
  LOAD STEP=     1  SUBSTEP=     1                                             
   TIME=    1.0000      LOAD CASE=   0                                         
 
    NODE       TEMP  
    1366   631.24     
    1367   633.89     
    1368   641.01     
    1369   634.26     
    1370   624.70     
    1371   627.75     
    1372   620.76     
    1373   620.63     
    1374   619.82     
    1375   625.53     
    1376   656.27     
    1377   654.21     
    1378   675.05     
    1379   675.84     
    1380   677.10     
    1381   677.74     
    1382   672.28     
    1383   680.10     
    1384   642.37     
    1385   639.25     
    1386   673.62     
    1387   673.60     
    1388   671.02     
    1389   684.20     
    1390   681.26     
    1391   672.28     
    1392   685.06     
    1393   693.29     
    1394   627.34     
    1395   625.74     
    1396   625.36     
    1397   632.72     
    1398   651.01     
    1399   647.95     
    1400   644.06     
    1401   642.94     
    1402   641.38     
    1403   619.93     
    1404   619.97     
 
  ***** POST1 NODAL DEGREE OF FREEDOM LISTING *****                            
 
  LOAD STEP=     1  SUBSTEP=     1                                             
   TIME=    1.0000      LOAD CASE=   0                                         
 
    NODE       TEMP  
    1405   618.92     
    1406   617.73     
    1407   618.16     
    1408   661.68     
    1409   669.26     
    1410   651.48     
    1411   648.39     
    1412   650.06     
    1413   647.07     
    1414   645.45     
    1415   634.37     
    1416   629.62     
    1417   631.48     
    1418   624.29     
    1419   743.53     
    1420   743.88     
    1421   744.41     
    1422   746.04     
    1423   746.78     
    1424   746.66     
    1425   673.28     
    1426   671.24     
    1427   675.35     
    1428   679.64     
    1429   681.82     
    1430   684.14     
    1431   747.94     
    1432   747.22     
    1433   746.88     
    1434   689.37     
    1435   702.78     
    1436   703.58     
    1437   689.00     
    1438   677.46     
    1439   746.49     
    1440   747.39     
    1441   740.67     
    1442   741.45     
    1443   740.07     
 
  ***** POST1 NODAL DEGREE OF FREEDOM LISTING *****                            
 
  LOAD STEP=     1  SUBSTEP=     1                                             
   TIME=    1.0000      LOAD CASE=   0                                         
 
    NODE       TEMP  
    1444   742.98     
    1445   743.16     
    1446   736.29     
    1447   736.50     
    1448   738.09     
    1449   739.96     
    1450   738.29     
    1451   730.99     
    1452   733.69     
    1453   726.04     
    1454   729.04     
    1455   731.78     
    1456   728.78     
    1457   731.70     
    1458   700.77     
    1459   708.33     
    1460   699.96     
    1461   695.79     
    1462   735.04     
    1463   730.68     
    1464   730.60     
    1465   731.86     
    1466   728.84     
    1467   730.64     
    1468   729.57     
    1469   564.27     
    1470   555.95     
    1471   554.05     
    1472   553.00     
    1473   574.42     
    1474   577.56     
    1475   580.84     
    1476   584.25     
    1477   546.06     
    1478   547.24     
    1479   546.47     
    1480   541.10     
    1481   545.59     
    1482   545.01     
 
  ***** POST1 NODAL DEGREE OF FREEDOM LISTING *****                            
 
  LOAD STEP=     1  SUBSTEP=     1                                             
   TIME=    1.0000      LOAD CASE=   0                                         
 
    NODE       TEMP  
    1483   541.23     
    1484   541.55     
    1485   542.04     
    1486   542.06     
    1487   542.60     
    1488   541.07     
    1489   540.84     
    1490   541.29     
    1491   541.61     
    1492   541.56     
    1493   543.20     
    1494   543.99     
    1495   543.09     
    1496   575.83     
    1497   574.12     
    1498   577.20     
    1499   639.67     
    1500   651.40     
    1501   655.16     
    1502   665.68     
    1503   662.72     
    1504   660.13     
    1505   622.68     
    1506   622.70     
    1507   646.02     
    1508   696.43     
    1509   702.48     
    1510   708.67     
    1511   704.15     
    1512   541.98     
    1513   566.68     
    1514   561.03     
    1515   637.00     
    1516   636.81     
    1517   634.68     
    1518   632.72     
    1519   688.21     
    1520   684.82     
    1521   684.92     
 
  ***** POST1 NODAL DEGREE OF FREEDOM LISTING *****                            
 
  LOAD STEP=     1  SUBSTEP=     1                                             
   TIME=    1.0000      LOAD CASE=   0                                         
 
    NODE       TEMP  
    1522   546.13     
    1523   547.12     
    1524   571.20     
    1525   572.88     
    1526   578.50     
    1527   580.45     
    1528   597.33     
    1529   595.07     
    1530   552.28     
    1531   560.14     
    1532   559.62     
    1533   588.91     
    1534   590.26     
    1535   578.66     
    1536   581.71     
    1537   691.89     
    1538   691.22     
    1539   690.66     
    1540   575.73     
    1541   732.51     
    1542   731.55     
    1543   731.61     
    1544   733.57     
    1545   730.17     
    1546   730.32     
    1547   692.71     
    1548   700.07     
    1549   703.19     
    1550   700.92     
    1551   728.00     
    1552   727.58     
    1553   726.18     
    1554   726.08     
    1555   726.54     
    1556   728.01     
    1557   727.27     
    1558   728.72     
    1559   726.80     
    1560   729.33     
 
  ***** POST1 NODAL DEGREE OF FREEDOM LISTING *****                            
 
  LOAD STEP=     1  SUBSTEP=     1                                             
   TIME=    1.0000      LOAD CASE=   0                                         
 
    NODE       TEMP  
    1561   627.03     
    1562   631.79     
    1563   614.87     
    1564   613.39     
    1565   615.10     
    1566   622.31     
    1567   628.12     
    1568   627.82     
    1569   630.42     
    1570   615.02     
    1571   612.27     
    1572   615.94     
    1573   627.37     
    1574   625.53     
    1575   624.81     
    1576   635.06     
    1577   639.35     
    1578   621.78     
    1579   611.71     
    1580   613.28     
    1581   624.99     
    1582   621.58     
    1583   620.42     
    1584   621.16     
    1585   690.26     
    1586   611.59     
    1587   612.13     
    1588   621.74     
    1589   621.36     
    1590   618.96     
    1591   619.61     
    1592   620.93     
    1593   619.39     
    1594   618.07     
    1595   620.84     
    1596   624.60     
    1597   621.70     
    1598   622.48     
    1599   622.47     
 
  ***** POST1 NODAL DEGREE OF FREEDOM LISTING *****                            
 
  LOAD STEP=     1  SUBSTEP=     1                                             
   TIME=    1.0000      LOAD CASE=   0                                         
 
    NODE       TEMP  
    1600   623.08     
    1601   623.42     
    1602   623.25     
    1603   622.54     
    1604   628.22     
    1605   631.59     
    1606   629.82     
    1607   626.09     
    1608   621.90     
    1609   621.19     
    1610   622.60     
    1611   621.07     
    1612   620.80     
    1613   621.35     
    1614   621.24     
    1615   620.85     
    1616   622.65     
    1617   623.31     
    1618   622.53     
    1619   623.23     
    1620   645.36     
    1621   644.43     
    1622   624.07     
    1623   620.36     
    1624   622.76     
    1625   623.17     
    1626   623.35     
    1627   625.13     
    1628   625.02     
    1629   633.52     
    1630   622.32     
    1631   622.58     
    1632   622.63     
    1633   622.51     
    1634   623.41     
    1635   622.85     
    1636   623.08     
    1637   622.91     
    1638   622.97     
 
  ***** POST1 NODAL DEGREE OF FREEDOM LISTING *****                            
 
  LOAD STEP=     1  SUBSTEP=     1                                             
   TIME=    1.0000      LOAD CASE=   0                                         
 
    NODE       TEMP  
    1639   626.16     
    1640   623.24     
    1641   625.77     
    1642   624.45     
    1643   627.54     
    1644   626.11     
    1645   622.59     
    1646   625.96     
    1647   624.98     
    1648   624.67     
    1649   622.65     
    1650   622.63     
    1651   622.69     
    1652   627.01     
    1653   626.22     
    1654   626.65     
    1655   638.14     
    1656   637.62     
    1657   636.15     
    1658   638.09     
    1659   635.69     
    1660   643.28     
    1661   643.88     
    1662   646.76     
    1663   646.37     
    1664   646.98     
    1665   647.85     
    1666   645.74     
    1667   645.51     
    1668   599.18     
    1669   643.21     
    1670   641.73     
    1671   636.79     
    1672   634.48     
    1673   592.53     
    1674   589.40     
    1675   590.93     
    1676   588.58     
    1677   628.10     
 
  ***** POST1 NODAL DEGREE OF FREEDOM LISTING *****                            
 
  LOAD STEP=     1  SUBSTEP=     1                                             
   TIME=    1.0000      LOAD CASE=   0                                         
 
    NODE       TEMP  
    1678   626.91     
    1679   622.52     
    1680   631.56     
    1681   628.47     
    1682   630.25     
    1683   629.67     
    1684   632.13     
    1685   634.12     
    1686   352.85     
    1687   352.92     
    1688   353.02     
    1689   353.15     
    1690   353.03     
    1691   353.26     
    1692   640.78     
    1693   640.19     
    1694   626.72     
    1695   631.02     
    1696   628.24     
    1697   604.64     
    1698   625.18     
    1699   623.46     
    1700   620.67     
    1701   612.69     
    1702   611.66     
    1703   603.53     
    1704   602.26     
    1705   599.10     
    1706   601.37     
    1707   590.53     
    1708   596.09     
    1709   595.34     
    1710   571.73     
    1711   567.06     
    1712   567.97     
    1713   568.04     
    1714   568.59     
    1715   570.56     
    1716   571.01     
 
  ***** POST1 NODAL DEGREE OF FREEDOM LISTING *****                            
 
  LOAD STEP=     1  SUBSTEP=     1                                             
   TIME=    1.0000      LOAD CASE=   0                                         
 
    NODE       TEMP  
    1717   550.76     
    1718   548.57     
    1719   552.71     
    1720   555.65     
    1721   558.63     
    1722   553.07     
    1723   556.58     
    1724   547.55     
    1725   552.28     
    1726   534.55     
    1727   544.93     
    1728   523.20     
    1729   519.95     
    1730   518.84     
    1731   532.23     
    1732   533.15     
    1733   530.10     
    1734   563.98     
    1735   538.43     
    1736   570.35     
    1737   569.53     
    1738   568.07     
    1739   567.25     
    1740   568.94     
    1741   566.00     
    1742   567.99     
    1743   562.05     
    1744   569.72     
    1745   570.21     
    1746   571.12     
    1747   567.51     
    1748   567.07     
    1749   567.18     
    1750   580.32     
    1751   582.24     
    1752   581.37     
    1753   575.30     
    1754   574.32     
    1755   579.50     
 
  ***** POST1 NODAL DEGREE OF FREEDOM LISTING *****                            
 
  LOAD STEP=     1  SUBSTEP=     1                                             
   TIME=    1.0000      LOAD CASE=   0                                         
 
    NODE       TEMP  
    1756   569.86     
    1757   569.44     
    1758   569.63     
    1759   570.64     
    1760   586.39     
    1761   582.24     
    1762   574.48     
    1763   574.08     
    1764   578.80     
    1765   568.49     
    1766   570.91     
    1767   569.42     
    1768   568.78     
    1769   571.05     
    1770   569.06     
    1771   572.93     
    1772   568.07     
    1773   569.83     
    1774   570.06     
    1775   570.63     
    1776   567.36     
    1777   567.92     
    1778   567.69     
    1779   568.73     
    1780   568.95     
    1781   583.87     
    1782   578.18     
    1783   582.59     
    1784   582.25     
    1785   579.97     
    1786   589.80     
    1787   568.32     
    1788   568.19     
    1789   567.98     
    1790   592.35     
    1791   574.68     
    1792   567.79     
    1793   567.92     
    1794   567.80     
 
  ***** POST1 NODAL DEGREE OF FREEDOM LISTING *****                            
 
  LOAD STEP=     1  SUBSTEP=     1                                             
   TIME=    1.0000      LOAD CASE=   0                                         
 
    NODE       TEMP  
    1795   567.74     
    1796   585.47     
    1797   614.22     
    1798   616.42     
    1799   602.26     
    1800   610.75     
    1801   604.01     
    1802   600.88     
    1803   643.47     
    1804   656.17     
    1805   653.97     
    1806   655.61     
    1807   634.01     
    1808   637.03     
    1809   639.46     
    1810   614.36     
    1811   659.96     
    1812   662.52     
    1813   657.83     
    1814   655.52     
    1815   661.55     
    1816   653.11     
    1817   652.91     
    1818   652.98     
    1819   666.51     
    1820   667.44     
    1821   597.89     
    1822   581.03     
    1823   653.08     
    1824   652.72     
    1825   648.47     
    1826   643.17     
    1827   632.43     
    1828   649.45     
    1829   650.84     
    1830   650.31     
    1831   650.94     
    1832   654.18     
    1833   652.81     
 
  ***** POST1 NODAL DEGREE OF FREEDOM LISTING *****                            
 
  LOAD STEP=     1  SUBSTEP=     1                                             
   TIME=    1.0000      LOAD CASE=   0                                         
 
    NODE       TEMP  
    1834   651.95     
    1835   651.80     
    1836   652.00     
    1837   652.45     
    1838   652.57     
    1839   651.68     
    1840   651.40     
    1841   706.84     
    1842   651.30     
    1843   650.40     
    1844   649.77     
    1845   665.19     
    1846   661.20     
    1847   659.00     
    1848   656.28     
    1849   664.22     
    1850   571.55     
    1851   571.03     
    1852   603.50     
    1853   604.25     
    1854   609.87     
    1855   583.98     
    1856   589.24     
    1857   585.97     
    1858   629.53     
    1859   635.93     
    1860   570.21     
    1861   571.51     
    1862   570.96     
    1863   571.97     
    1864   614.34     
    1865   618.46     
    1866   607.76     
    1867   601.59     
    1868   602.43     
    1869   620.55     
    1870   620.01     
    1871   618.72     
    1872   601.41     
 
  ***** POST1 NODAL DEGREE OF FREEDOM LISTING *****                            
 
  LOAD STEP=     1  SUBSTEP=     1                                             
   TIME=    1.0000      LOAD CASE=   0                                         
 
    NODE       TEMP  
    1873   597.63     
    1874   592.51     
    1875   590.25     
    1876   588.43     
    1877   577.49     
    1878   575.88     
    1879   576.66     
    1880   362.82     
    1881   362.72     
    1882   362.83     
    1883   423.33     
    1884   422.11     
    1885   362.63     
    1886   362.51     
    1887   362.48     
    1888   362.75     
    1889   362.78     
    1890   362.84     
    1891   362.75     
    1892   362.32     
    1893   362.09     
    1894   362.17     
    1895   362.30     
    1896   361.16     
    1897   360.98     
    1898   361.97     
    1899   361.92     
    1900   362.20     
    1901   362.09     
    1902   361.87     
    1903   361.71     
    1904   362.47     
    1905   362.53     
    1906   362.41     
    1907   362.16     
    1908   362.26     
    1909   362.26     
    1910   361.94     
    1911   362.10     
 
  ***** POST1 NODAL DEGREE OF FREEDOM LISTING *****                            
 
  LOAD STEP=     1  SUBSTEP=     1                                             
   TIME=    1.0000      LOAD CASE=   0                                         
 
    NODE       TEMP  
    1912   361.81     
    1913   362.19     
    1914   361.55     
    1915   361.43     
    1916   362.35     
    1917   362.12     
    1918   362.05     
    1919   362.14     
    1920   361.73     
    1921   361.53     
    1922   362.28     
    1923   362.24     
    1924   362.17     
    1925   361.70     
    1926   361.90     
    1927   361.98     
    1928   361.18     
    1929   362.28     
    1930   362.41     
    1931   362.34     
    1932   362.06     
    1933   362.24     
    1934   361.99     
    1935   362.10     
    1936   361.68     
    1937   361.44     
    1938   360.82     
    1939   360.68     
    1940   360.56     
    1941   361.28     
    1942   361.45     
    1943   361.88     
    1944   361.44     
    1945   359.67     
    1946   359.43     
    1947   361.26     
    1948   361.23     
    1949   360.74     
    1950   360.40     
 
  ***** POST1 NODAL DEGREE OF FREEDOM LISTING *****                            
 
  LOAD STEP=     1  SUBSTEP=     1                                             
   TIME=    1.0000      LOAD CASE=   0                                         
 
    NODE       TEMP  
    1951   360.28     
    1952   359.89     
    1953   360.76     
    1954   361.12     
    1955   359.29     
    1956   359.94     
    1957   358.46     
    1958   360.85     
    1959   362.30     
    1960   362.31     
    1961   361.99     
    1962   359.40     
    1963   359.45     
    1964   359.83     
    1965   356.42     
    1966   356.48     
    1967   356.82     
    1968   359.93     
    1969   359.97     
    1970   358.84     
    1971   358.57     
    1972   358.98     
    1973   359.72     
    1974   358.20     
    1975   358.24     
    1976   358.44     
    1977   356.14     
    1978   356.49     
    1979   356.62     
    1980   360.08     
    1981   360.12     
    1982   360.29     
    1983   359.19     
    1984   359.64     
    1985   359.40     
    1986   360.24     
    1987   361.44     
    1988   359.90     
    1989   360.18     
 
  ***** POST1 NODAL DEGREE OF FREEDOM LISTING *****                            
 
  LOAD STEP=     1  SUBSTEP=     1                                             
   TIME=    1.0000      LOAD CASE=   0                                         
 
    NODE       TEMP  
    1990   359.17     
    1991   359.19     
    1992   362.86     
    1993   362.79     
    1994   362.83     
    1995   362.62     
    1996   361.76     
    1997   361.85     
    1998   361.52     
    1999   361.63     
    2000   361.68     
    2001   361.46     
    2002   361.57     
    2003   361.46     
    2004   356.95     
    2005   356.91     
    2006   356.47     
    2007   356.43     
    2008   358.93     
    2009   358.97     
    2010   358.69     
    2011   357.97     
    2012   358.68     
    2013   358.42     
    2014   358.26     
    2015   354.99     
    2016   355.13     
    2017   354.90     
    2018   355.11     
    2019   354.91     
    2020   355.32     
    2021   353.66     
    2022   353.82     
    2023   355.27     
    2024   354.34     
    2025   354.17     
    2026   354.14     
    2027   355.76     
    2028   354.71     
 
  ***** POST1 NODAL DEGREE OF FREEDOM LISTING *****                            
 
  LOAD STEP=     1  SUBSTEP=     1                                             
   TIME=    1.0000      LOAD CASE=   0                                         
 
    NODE       TEMP  
    2029   354.70     
    2030   354.48     
    2031   353.98     
    2032   354.00     
    2033   353.85     
    2034   353.38     
    2035   352.79     
    2036   352.99     
    2037   353.20     
    2038   352.94     
    2039   352.77     
    2040   352.94     
    2041   352.59     
    2042   352.57     
    2043   352.36     
    2044   352.77     
    2045   352.80     
    2046   352.95     
    2047   352.52     
    2048   352.75     
    2049   352.63     
    2050   352.04     
    2051   352.19     
    2052   351.86     
    2053   351.77     
    2054   351.63     
    2055   353.80     
    2056   351.67     
    2057   353.07     
    2058   353.24     
    2059   352.73     
    2060   354.33     
    2061   354.18     
    2062   354.56     
    2063   354.08     
    2064   352.23     
    2065   352.39     
    2066   351.61     
    2067   351.14     
 
  ***** POST1 NODAL DEGREE OF FREEDOM LISTING *****                            
 
  LOAD STEP=     1  SUBSTEP=     1                                             
   TIME=    1.0000      LOAD CASE=   0                                         
 
    NODE       TEMP  
    2068   351.50     
    2069   351.98     
    2070   352.08     
    2071   352.46     
    2072   352.27     
    2073   352.38     
    2074   351.02     
    2075   350.80     
    2076   351.09     
    2077   351.76     
    2078   351.23     
    2079   351.37     
    2080   351.49     
    2081   350.30     
    2082   350.75     
    2083   350.66     
    2084   351.29     
    2085   350.94     
    2086   350.75     
    2087   351.19     
    2088   351.24     
    2089   351.90     
    2090   351.74     
    2091   351.08     
    2092   353.34     
    2093   353.08     
    2094   353.02     
    2095   355.17     
    2096   354.69     
    2097   357.62     
    2098   357.55     
    2099   357.38     
    2100   356.50     
    2101   355.65     
    2102   355.24     
    2103   354.11     
    2104   353.90     
    2105   353.46     
    2106   357.46     
 
  ***** POST1 NODAL DEGREE OF FREEDOM LISTING *****                            
 
  LOAD STEP=     1  SUBSTEP=     1                                             
   TIME=    1.0000      LOAD CASE=   0                                         
 
    NODE       TEMP  
    2107   357.65     
    2108   357.98     
    2109   358.08     
    2110   357.79     
    2111   358.35     
    2112   358.35     
    2113   357.03     
    2114   357.28     
    2115   357.61     
    2116   357.65     
    2117   357.28     
    2118   358.10     
    2119   358.69     
    2120   358.62     
    2121   356.67     
    2122   356.94     
    2123   356.65     
    2124   356.13     
    2125   355.91     
    2126   356.17     
    2127   359.02     
    2128   361.54     
    2129   361.57     
    2130   360.44     
    2131   360.62     
    2132   360.85     
    2133   360.31     
    2134   361.78     
    2135   361.95     
    2136   358.92     
    2137   361.67     
    2138   361.71     
    2139   361.65     
    2140   358.13     
    2141   356.92     
    2142   356.69     
    2143   355.13     
    2144   355.10     
    2145   355.45     
 
  ***** POST1 NODAL DEGREE OF FREEDOM LISTING *****                            
 
  LOAD STEP=     1  SUBSTEP=     1                                             
   TIME=    1.0000      LOAD CASE=   0                                         
 
    NODE       TEMP  
    2146   354.06     
    2147   353.79     
    2148   355.30     
    2149   355.58     
    2150   356.88     
    2151   356.93     
    2152   357.87     
    2153   357.68     
    2154   357.92     
    2155   355.64     
    2156   355.87     
    2157   355.60     
    2158   356.35     
    2159   351.31     
    2160   354.58     
    2161   354.84     
    2162   354.83     
    2163   355.34     
    2164   355.37     
    2165   351.54     
    2166   352.36     
    2167   352.10     
    2168   350.49     
    2169   350.98     
    2170   350.70     
    2171   350.94     
    2172   349.94     
    2173   350.17     
    2174   349.67     
    2175   350.05     
    2176   355.08     
    2177   352.50     
    2178   352.23     
    2179   352.48     
    2180   352.18     
    2181   361.48     
    2182   361.41     
    2183   361.30     
    2184   361.68     
 
  ***** POST1 NODAL DEGREE OF FREEDOM LISTING *****                            
 
  LOAD STEP=     1  SUBSTEP=     1                                             
   TIME=    1.0000      LOAD CASE=   0                                         
 
    NODE       TEMP  
    2185   361.57     
    2186   361.40     
    2187   361.03     
    2188   361.19     
    2189   362.17     
    2190   361.08     
    2191   360.39     
    2192   360.92     
    2193   360.46     
    2194   361.49     
    2195   361.73     
    2196   361.08     
    2197   360.78     
    2198   361.18     
    2199   361.39     
    2200   360.82     
    2201   360.49     
    2202   362.24     
    2203   362.64     
    2204   361.63     
    2205   361.70     
    2206   361.30     
    2207   361.12     
    2208   361.79     
    2209   377.31     
    2210   377.29     
    2211   361.13     
    2212   361.60     
    2213   361.17     
    2214   361.41     
    2215   361.53     
    2216   361.08     
    2217   361.65     
    2218   361.75     
    2219   360.82     
    2220   361.14     
    2221   361.04     
    2222   361.21     
    2223   360.76     
 
  ***** POST1 NODAL DEGREE OF FREEDOM LISTING *****                            
 
  LOAD STEP=     1  SUBSTEP=     1                                             
   TIME=    1.0000      LOAD CASE=   0                                         
 
    NODE       TEMP  
    2224   361.47     
    2225   362.19     
    2226   361.85     
    2227   361.89     
    2228   361.88     
    2229   361.50     
    2230   361.29     
    2231   361.57     
    2232   361.41     
    2233   362.70     
    2234   361.82     
    2235   361.75     
    2236   361.88     
    2237   361.84     
    2238   365.39     
    2239   364.60     
    2240   365.06     
    2241   362.77     
    2242   367.58     
    2243   368.25     
    2244   361.66     
    2245   364.67     
    2246   363.36     
    2247   363.85     
    2248   361.90     
    2249   361.59     
    2250   361.91     
    2251   362.52     
    2252   363.04     
    2253   362.70     
    2254   363.02     
    2255   362.61     
    2256   363.22     
    2257   362.75     
    2258   361.73     
    2259   362.18     
    2260   362.60     
    2261   362.50     
    2262   362.79     
 
  ***** POST1 NODAL DEGREE OF FREEDOM LISTING *****                            
 
  LOAD STEP=     1  SUBSTEP=     1                                             
   TIME=    1.0000      LOAD CASE=   0                                         
 
    NODE       TEMP  
    2263   362.04     
    2264   362.45     
    2265   362.33     
    2266   362.86     
    2267   362.88     
    2268   362.70     
    2269   362.49     
    2270   362.62     
    2271   363.30     
    2272   363.33     
    2273   363.57     
    2274   364.34     
    2275   364.78     
    2276   363.32     
    2277   363.24     
    2278   363.62     
    2279   363.62     
    2280   363.96     
    2281   363.89     
    2282   366.10     
    2283   365.40     
    2284   365.99     
    2285   369.65     
    2286   370.37     
    2287   368.12     
    2288   368.43     
    2289   368.89     
    2290   376.42     
    2291   374.32     
    2292   373.85     
    2293   374.09     
    2294   367.31     
    2295   367.09     
    2296   367.85     
    2297   368.27     
    2298   367.57     
    2299   365.37     
    2300   368.88     
    2301   367.64     
 
  ***** POST1 NODAL DEGREE OF FREEDOM LISTING *****                            
 
  LOAD STEP=     1  SUBSTEP=     1                                             
   TIME=    1.0000      LOAD CASE=   0                                         
 
    NODE       TEMP  
    2302   377.87     
    2303   376.15     
    2304   375.80     
    2305   380.98     
    2306   373.09     
    2307   372.62     
    2308   372.15     
    2309   373.97     
    2310   374.76     
    2311   374.35     
    2312   376.80     
    2313   375.98     
    2314   376.24     
    2315   375.76     
    2316   376.23     
    2317   376.33     
    2318   376.31     
    2319   376.97     
    2320   376.99     
    2321   376.94     
    2322   376.09     
    2323   376.17     
    2324   375.12     
    2325   375.25     
    2326   375.18     
    2327   371.53     
    2328   374.75     
    2329   377.22     
    2330   377.21     
    2331   377.24     
    2332   377.31     
    2333   377.32     
    2334   377.10     
    2335   377.07     
    2336   377.06     
    2337   377.18     
    2338   377.17     
    2339   377.14     
    2340   377.15     
 
  ***** POST1 NODAL DEGREE OF FREEDOM LISTING *****                            
 
  LOAD STEP=     1  SUBSTEP=     1                                             
   TIME=    1.0000      LOAD CASE=   0                                         
 
    NODE       TEMP  
    2341   377.12     
    2342   377.11     
    2343   377.33     
    2344   377.32     
    2345   377.32     
    2346   377.32     
    2347   377.31     
    2348   377.28     
    2349   377.26     
    2350   377.28     
    2351   377.25     
    2352   375.90     
    2353   375.96     
    2354   375.69     
    2355   376.80     
    2356   376.76     
    2357   376.72     
    2358   376.91     
    2359   376.04     
    2360   377.24     
    2361   377.21     
    2362   377.22     
    2363   376.77     
    2364   376.69     
    2365   376.99     
    2366   377.14     
    2367   376.87     
    2368   376.84     
    2369   377.32     
    2370   377.02     
    2371   377.16     
    2372   377.19     
    2373   377.19     
    2374   377.09     
    2375   377.13     
    2376   377.20     
    2377   377.23     
    2378   377.26     
    2379   376.80     
 
  ***** POST1 NODAL DEGREE OF FREEDOM LISTING *****                            
 
  LOAD STEP=     1  SUBSTEP=     1                                             
   TIME=    1.0000      LOAD CASE=   0                                         
 
    NODE       TEMP  
    2380   376.82     
    2381   376.86     
    2382   376.25     
    2383   376.35     
    2384   376.30     
    2385   376.71     
    2386   376.92     
    2387   377.05     
    2388   376.74     
    2389   376.76     
    2390   376.30     
    2391   376.30     
    2392   376.27     
    2393   376.15     
    2394   376.40     
    2395   376.35     
    2396   376.42     
    2397   376.49     
    2398   376.46     
    2399   376.24     
    2400   376.44     
    2401   376.56     
    2402   376.52     
    2403   376.47     
    2404   376.32     
    2405   376.41     
    2406   376.15     
    2407   376.26     
    2408   376.28     
    2409   376.24     
    2410   377.73     
    2411   377.36     
    2412   377.55     
    2413   376.50     
    2414   376.42     
    2415   376.53     
    2416   376.55     
    2417   396.39     
    2418   380.15     
 
  ***** POST1 NODAL DEGREE OF FREEDOM LISTING *****                            
 
  LOAD STEP=     1  SUBSTEP=     1                                             
   TIME=    1.0000      LOAD CASE=   0                                         
 
    NODE       TEMP  
    2419   381.04     
    2420   443.94     
    2421   379.15     
    2422   378.50     
    2423   379.34     
    2424   391.11     
    2425   391.59     
    2426   392.07     
    2427   392.55     
    2428   393.51     
    2429   393.04     
    2430   384.85     
    2431   390.63     
    2432   387.74     
    2433   386.77     
    2434   387.26     
    2435   391.59     
    2436   388.23     
    2437   388.71     
    2438   385.32     
    2439   383.26     
    2440   383.83     
    2441   384.29     
    2442   385.30     
    2443   385.80     
    2444   386.29     
    2445   378.16     
    2446   380.71     
    2447   377.86     
    2448   376.93     
    2449   376.70     
    2450   376.27     
    2451   376.20     
    2452   375.77     
    2453   378.28     
    2454   376.36     
    2455   376.17     
    2456   384.82     
    2457   382.85     
 
  ***** POST1 NODAL DEGREE OF FREEDOM LISTING *****                            
 
  LOAD STEP=     1  SUBSTEP=     1                                             
   TIME=    1.0000      LOAD CASE=   0                                         
 
    NODE       TEMP  
    2458   382.45     
    2459   380.45     
    2460   398.84     
    2461   398.35     
    2462   397.85     
    2463   396.89     
    2464   393.99     
    2465   394.48     
    2466   391.12     
    2467   393.03     
    2468   403.28     
    2469   402.79     
    2470   399.82     
    2471   400.31     
    2472   401.30     
    2473   403.80     
    2474   404.29     
    2475   399.31     
    2476   400.81     
    2477   395.44     
    2478   399.33     
    2479   412.82     
    2480   412.27     
    2481   408.43     
    2482   408.99     
    2483   424.58     
    2484   421.19     
    2485   419.27     
    2486   419.90     
    2487   419.23     
    2488   429.81     
    2489   430.43     
    2490   426.71     
    2491   424.96     
    2492   425.85     
    2493   427.51     
    2494   426.59     
    2495   425.81     
    2496   425.87     
 
  ***** POST1 NODAL DEGREE OF FREEDOM LISTING *****                            
 
  LOAD STEP=     1  SUBSTEP=     1                                             
   TIME=    1.0000      LOAD CASE=   0                                         
 
    NODE       TEMP  
    2497   409.00     
    2498   411.15     
    2499   412.25     
    2500   411.71     
    2501   407.38     
    2502   409.50     
    2503   405.34     
    2504   405.86     
    2505   408.47     
    2506   435.61     
    2507   436.09     
    2508   434.92     
    2509   439.71     
    2510   448.85     
    2511   448.53     
    2512   447.74     
    2513   441.41     
    2514   442.27     
    2515   442.12     
    2516   436.48     
    2517   437.83     
    2518   438.56     
    2519   445.08     
    2520   444.52     
    2521   444.21     
    2522   433.67     
    2523   447.91     
    2524   448.80     
    2525   445.86     
    2526   446.17     
    2527   444.48     
    2528   443.08     
    2529   444.01     
    2530   440.57     
    2531   440.32     
    2532   443.98     
    2533   443.69     
    2534   445.41     
    2535   442.43     
 
  ***** POST1 NODAL DEGREE OF FREEDOM LISTING *****                            
 
  LOAD STEP=     1  SUBSTEP=     1                                             
   TIME=    1.0000      LOAD CASE=   0                                         
 
    NODE       TEMP  
    2536   441.64     
    2537   443.38     
    2538   436.33     
    2539   430.98     
    2540   430.15     
    2541   429.35     
    2542   432.82     
    2543   431.04     
    2544   428.47     
    2545   427.67     
    2546   413.37     
    2547   413.95     
    2548   392.55     
    2549   415.66     
    2550   415.10     
    2551   414.50     
    2552   443.77     
    2553   443.89     
    2554   443.96     
    2555   444.00     
    2556   444.06     
    2557   397.36     
    2558   463.14     
    2559   462.42     
    2560   466.76     
    2561   462.07     
    2562   477.87     
    2563   479.48     
    2564   480.72     
    2565   464.17     
    2566   475.13     
    2567   473.79     
    2568   476.50     
    2569   465.39     
    2570   467.34     
    2571   467.09     
    2572   461.74     
    2573   482.47     
    2574   485.07     
 
  ***** POST1 NODAL DEGREE OF FREEDOM LISTING *****                            
 
  LOAD STEP=     1  SUBSTEP=     1                                             
   TIME=    1.0000      LOAD CASE=   0                                         
 
    NODE       TEMP  
    2575   487.76     
    2576   481.81     
    2577   478.08     
    2578   476.68     
    2579   479.09     
    2580   472.00     
    2581   515.59     
    2582   462.40     
    2583   463.87     
    2584   522.78     
    2585   523.99     
    2586   520.92     
    2587   468.88     
    2588   468.10     
    2589   511.79     
    2590   507.83     
    2591   504.98     
    2592   507.04     
    2593   489.45     
    2594   487.99     
    2595   486.46     
    2596   538.60     
    2597   452.53     
    2598   452.95     
    2599   451.93     
    2600   529.30     
    2601   538.27     
    2602   536.27     
    2603   535.34     
    2604   525.84     
    2605   509.63     
    2606   509.53     
    2607   509.32     
    2608   623.56     
    2609   623.38     
    2610   498.03     
    2611   497.09     
    2612   499.61     
    2613   510.71     
 
  ***** POST1 NODAL DEGREE OF FREEDOM LISTING *****                            
 
  LOAD STEP=     1  SUBSTEP=     1                                             
   TIME=    1.0000      LOAD CASE=   0                                         
 
    NODE       TEMP  
    2614   507.85     
    2615   621.20     
    2616   617.71     
    2617   623.30     
    2618   622.97     
    2619   622.95     
    2620   542.18     
    2621   545.41     
    2622   616.17     
    2623   612.58     
    2624   613.01     
    2625   622.68     
    2626   624.11     
    2627   624.52     
    2628   624.66     
    2629   618.82     
    2630   616.71     
    2631   608.30     
    2632   620.04     
    2633   623.60     
    2634   621.41     
    2635   623.57     
    2636   622.40     
    2637   621.52     
    2638   621.80     
    2639   623.74     
    2640   623.89     
    2641   623.96     
    2642   623.83     
    2643   624.10     
    2644   623.98     
    2645   495.49     
    2646   494.67     
    2647   624.23     
    2648   623.66     
    2649   623.58     
    2650   515.97     
    2651   516.34     
    2652   623.55     
 
  ***** POST1 NODAL DEGREE OF FREEDOM LISTING *****                            
 
  LOAD STEP=     1  SUBSTEP=     1                                             
   TIME=    1.0000      LOAD CASE=   0                                         
 
    NODE       TEMP  
    2653   623.52     
    2654   623.60     
    2655   490.92     
    2656   494.18     
    2657   496.22     
    2658   474.66     
    2659   473.49     
    2660   501.00     
    2661   502.02     
    2662   498.92     
    2663   623.64     
    2664   488.44     
    2665   623.56     
    2666   472.47     
    2667   474.49     
    2668   475.82     
    2669   460.84     
    2670   462.86     
    2671   463.36     
    2672   464.02     
    2673   461.22     
    2674   456.58     
    2675   443.97     
    2676   460.40     
    2677   457.31     
    2678   457.87     
    2679   457.17     
    2680   457.78     
    2681   463.40     
    2682   462.57     
    2683   461.24     
    2684   458.37     
    2685   457.83     
    2686   461.02     
    2687   459.72     
    2688   460.07     
    2689   461.06     
    2690   459.84     
    2691   458.78     
 
  ***** POST1 NODAL DEGREE OF FREEDOM LISTING *****                            
 
  LOAD STEP=     1  SUBSTEP=     1                                             
   TIME=    1.0000      LOAD CASE=   0                                         
 
    NODE       TEMP  
    2692   455.12     
    2693   455.64     
    2694   454.55     
    2695   457.45     
    2696   456.79     
    2697   453.99     
    2698   455.07     
    2699   456.17     
    2700   456.17     
    2701   453.65     
    2702   451.54     
    2703   450.93     
    2704   452.10     
    2705   457.26     
    2706   458.96     
    2707   458.21     
    2708   454.22     
    2709   455.45     
    2710   456.70     
    2711   456.24     
    2712   452.10     
    2713   455.43     
    2714   454.46     
    2715   450.74     
    2716   450.16     
    2717   451.56     
    2718   446.51     
    2719   446.61     
    2720   445.57     
    2721   444.77     
    2722   445.32     
    2723   444.28     
    2724   445.21     
    2725   442.23     
    2726   446.95     
    2727   447.08     
    2728   448.63     
    2729   446.92     
    2730   449.09     
 
  ***** POST1 NODAL DEGREE OF FREEDOM LISTING *****                            
 
  LOAD STEP=     1  SUBSTEP=     1                                             
   TIME=    1.0000      LOAD CASE=   0                                         
 
    NODE       TEMP  
    2731   449.59     
    2732   443.76     
    2733   443.83     
    2734   410.58     
    2735   446.46     
    2736   446.22     
    2737   444.04     
    2738   444.01     
    2739   444.16     
    2740   443.98     
    2741   443.94     
    2742   444.26     
    2743   453.36     
    2744   446.66     
    2745   445.59     
    2746   445.99     
    2747   448.18     
    2748   623.65     
    2749   623.70     
    2750   623.75     
    2751   444.08     
    2752   623.68     
    2753   443.92     
    2754   443.90     
    2755   757.21     
    2756   750.24     
    2757   753.07     
    2758   759.56     
    2759   760.01     
    2760   756.16     
    2761   755.55     
    2762   758.55     
    2763   744.80     
    2764   747.52     
    2765   748.85     
    2766   755.46     
    2767   743.02     
    2768   744.80     
    2769   741.18     
 
  ***** POST1 NODAL DEGREE OF FREEDOM LISTING *****                            
 
  LOAD STEP=     1  SUBSTEP=     1                                             
   TIME=    1.0000      LOAD CASE=   0                                         
 
    NODE       TEMP  
    2770   740.11     
    2771   739.15     
    2772   741.32     
    2773   739.34     
    2774   739.24     
    2775   742.80     
    2776   741.26     
    2777   731.08     
    2778   729.52     
    2779   738.29     
    2780   747.76     
    2781   750.10     
    2782   744.75     
    2783   740.35     
    2784   736.91     
    2785   746.10     
    2786   747.35     
    2787   752.89     
    2788   748.10     
    2789   749.17     
    2790   754.08     
    2791   752.74     
    2792   751.74     
    2793   750.84     
    2794   749.98     
    2795   749.17     
    2796   742.01     
    2797   742.54     
    2798   741.41     
    2799   737.76     
    2800   735.08     
    2801   732.86     
    2802   731.47     
    2803   732.38     
    2804   727.29     
    2805   726.49     
    2806   743.68     
    2807   707.18     
    2808   686.46     
 
  ***** POST1 NODAL DEGREE OF FREEDOM LISTING *****                            
 
  LOAD STEP=     1  SUBSTEP=     1                                             
   TIME=    1.0000      LOAD CASE=   0                                         
 
    NODE       TEMP  
    2809   668.93     
    2810   665.14     
    2811   661.52     
    2812   672.86     
    2813   677.43     
    2814   693.97     
    2815   706.26     
    2816   702.57     
    2817   722.37     
    2818   719.31     
    2819   712.31     
    2820   688.89     
    2821   690.97     
    2822   686.29     
    2823   645.73     
    2824   644.23     
    2825   651.56     
    2826   650.11     
    2827   641.54     
    2828   648.62     
    2829   656.50     
    2830   642.66     
    2831   651.67     
    2832   640.03     
    2833   635.64     
    2834   632.27     
    2835   630.63     
    2836   628.85     
    2837   627.22     
    2838   640.39     
    2839   637.96     
    2840   629.71     
    2841   626.45     
    2842   628.01     
    2843   713.46     
    2844   736.29     
    2845   738.19     
    2846   719.64     
    2847   742.51     
 
  ***** POST1 NODAL DEGREE OF FREEDOM LISTING *****                            
 
  LOAD STEP=     1  SUBSTEP=     1                                             
   TIME=    1.0000      LOAD CASE=   0                                         
 
    NODE       TEMP  
    2848   743.55     
    2849   740.37     
    2850   746.80     
    2851   746.33     
    2852   746.70     
    2853   742.94     
    2854   740.54     
    2855   747.96     
    2856   704.90     
    2857   618.70     
    2858   674.81     
    2859   621.65     
    2860   635.57     
    2861   693.64     
    2862   680.86     
    2863   688.04     
    2864   698.77     
    2865   703.84     
    2866   689.05     
    2867   730.79     
    2868   717.10     
    2869   741.56     
    2870   747.91     
    2871   749.29     
    2872   757.75     
    2873   752.62     
    2874   745.74     
    2875   756.45     
    2876   755.24     
    2877   753.80     
    2878   754.25     
    2879   754.92     
    2880   754.87     
    2881   754.87     
    2882   754.81     
    2883   754.80     
    2884   755.10     
    2885   755.21     
    2886   754.75     
 
  ***** POST1 NODAL DEGREE OF FREEDOM LISTING *****                            
 
  LOAD STEP=     1  SUBSTEP=     1                                             
   TIME=    1.0000      LOAD CASE=   0                                         
 
    NODE       TEMP  
    2887   755.03     
    2888   756.07     
    2889   757.30     
    2890   756.26     
    2891   757.44     
    2892   756.34     
    2893   754.88     
    2894   628.82     
    2895   629.63     
    2896   645.55     
    2897   650.10     
    2898   648.42     
    2899   651.43     
    2900   646.89     
    2901   646.94     
    2902   670.32     
    2903   654.85     
    2904   683.31     
    2905   664.67     
    2906   672.26     
    2907   666.61     
    2908   649.43     
    2909   663.20     
    2910   633.45     
    2911   634.23     
    2912   626.30     
    2913   627.19     
    2914   621.62     
    2915   620.67     
    2916   617.72     
    2917   617.85     
    2918   621.67     
    2919   626.38     
    2920   627.93     
    2921   624.97     
    2922   619.50     
    2923   620.06     
    2924   618.49     
    2925   618.92     
 
  ***** POST1 NODAL DEGREE OF FREEDOM LISTING *****                            
 
  LOAD STEP=     1  SUBSTEP=     1                                             
   TIME=    1.0000      LOAD CASE=   0                                         
 
    NODE       TEMP  
    2926   618.81     
    2927   623.17     
    2928   622.63     
    2929   619.92     
    2930   619.32     
    2931   619.20     
    2932   618.81     
    2933   648.15     
    2934   611.36     
    2935   617.22     
    2936   614.53     
    2937   610.78     
    2938   609.82     
    2939   612.00     
    2940   584.59     
    2941   575.68     
    2942   574.35     
    2943   581.58     
    2944   602.13     
    2945   600.93     
    2946   603.80     
    2947   604.95     
    2948   606.67     
    2949   607.78     
    2950   602.14     
    2951   585.31     
    2952   587.56     
    2953   607.93     
    2954   600.94     
    2955   599.47     
    2956   631.44     
    2957   628.87     
    2958   626.38     
    2959   628.48     
    2960   652.22     
    2961   657.50     
    2962   676.64     
    2963   678.97     
    2964   673.57     
 
  ***** POST1 NODAL DEGREE OF FREEDOM LISTING *****                            
 
  LOAD STEP=     1  SUBSTEP=     1                                             
   TIME=    1.0000      LOAD CASE=   0                                         
 
    NODE       TEMP  
    2965   691.95     
    2966   578.51     
    2967   714.38     
    2968   662.83     
    2969   671.10     
    2970   668.73     
    2971   668.12     
    2972   682.30     
    2973   674.17     
    2974   686.02     
    2975   706.73     
    2976   679.52     
    2977   669.27     
    2978   666.96     
    2979   622.29     
    2980   546.88     
    2981   543.54     
    2982   543.16     
    2983   542.86     
    2984   547.50     
    2985   567.45     
    2986   562.56     
    2987   564.95     
    2988   637.05     
    2989   695.63     
    2990   608.53     
    2991   607.01     
    2992   610.71     
    2993   691.86     
    2994   689.17     
    2995   691.35     
    2996   605.48     
    2997   549.83     
    2998   551.37     
    2999   550.86     
    3000   542.53     
    3001   542.53     
    3002   542.47     
    3003   546.07     
 
  ***** POST1 NODAL DEGREE OF FREEDOM LISTING *****                            
 
  LOAD STEP=     1  SUBSTEP=     1                                             
   TIME=    1.0000      LOAD CASE=   0                                         
 
    NODE       TEMP  
    3004   545.39     
    3005   546.46     
    3006   554.67     
    3007   546.69     
    3008   547.22     
    3009   548.48     
    3010   548.97     
    3011   547.65     
    3012   553.68     
    3013   541.03     
    3014   541.53     
    3015   541.49     
    3016   541.31     
    3017   565.15     
    3018   564.08     
    3019   606.35     
    3020   578.02     
    3021   572.03     
    3022   559.10     
    3023   555.50     
    3024   673.01     
    3025   668.84     
    3026   666.78     
    3027   675.12     
    3028   660.97     
    3029   664.44     
    3030   657.54     
    3031   667.86     
    3032   622.81     
    3033   628.83     
    3034   618.62     
    3035   618.18     
    3036   617.88     
    3037   681.80     
    3038   633.02     
    3039   627.10     
    3040   620.81     
    3041   658.12     
    3042   654.73     
 
  ***** POST1 NODAL DEGREE OF FREEDOM LISTING *****                            
 
  LOAD STEP=     1  SUBSTEP=     1                                             
   TIME=    1.0000      LOAD CASE=   0                                         
 
    NODE       TEMP  
    3043   653.20     
    3044   630.98     
    3045   634.89     
    3046   645.04     
    3047   642.27     
    3048   618.13     
    3049   715.16     
    3050   723.05     
    3051   723.84     
    3052   724.96     
    3053   706.93     
    3054   712.15     
    3055   698.35     
    3056   702.67     
    3057   742.00     
    3058   744.28     
    3059   734.92     
    3060   738.89     
    3061   736.77     
    3062   748.78     
    3063   745.27     
    3064   748.46     
    3065   742.56     
    3066   743.36     
    3067   742.43     
    3068   746.12     
    3069   745.19     
    3070   746.88     
    3071   709.59     
    3072   728.25     
    3073   704.52     
    3074   701.48     
    3075   697.54     
    3076   698.11     
    3077   697.76     
    3078   727.38     
    3079   728.35     
    3080   698.98     
    3081   733.79     
 
  ***** POST1 NODAL DEGREE OF FREEDOM LISTING *****                            
 
  LOAD STEP=     1  SUBSTEP=     1                                             
   TIME=    1.0000      LOAD CASE=   0                                         
 
    NODE       TEMP  
    3082   729.30     
    3083   731.81     
    3084   732.77     
    3085   733.40     
    3086   734.85     
    3087   734.93     
    3088   734.45     
    3089   695.32     
    3090   696.59     
    3091   598.66     
    3092   727.25     
    3093   695.79     
    3094   696.07     
    3095   729.35     
    3096   730.14     
    3097   694.07     
    3098   591.58     
    3099   586.86     
    3100   583.73     
    3101   564.86     
    3102   547.91     
    3103   548.55     
    3104   557.46     
    3105   554.85     
    3106   553.04     
    3107   553.51     
    3108   693.20     
    3109   605.13     
    3110   608.68     
    3111   618.66     
    3112   607.11     
    3113   696.75     
    3114   697.50     
    3115   640.87     
    3116   700.55     
    3117   619.29     
    3118   578.95     
    3119   572.24     
    3120   575.29     
 
  ***** POST1 NODAL DEGREE OF FREEDOM LISTING *****                            
 
  LOAD STEP=     1  SUBSTEP=     1                                             
   TIME=    1.0000      LOAD CASE=   0                                         
 
    NODE       TEMP  
    3121   547.35     
    3122   548.41     
    3123   548.70     
    3124   550.17     
    3125   551.78     
    3126   559.49     
    3127   569.37     
    3128   561.75     
    3129   591.66     
    3130   616.72     
    3131   617.95     
    3132   623.98     
    3133   673.96     
    3134   623.07     
    3135   581.78     
    3136   664.76     
    3137   694.41     
    3138   588.40     
    3139   562.43     
    3140   549.12     
    3141   547.73     
    3142   544.33     
    3143   540.74     
    3144   541.60     
    3145   543.21     
    3146   557.98     
    3147   541.16     
    3148   540.75     
    3149   588.18     
    3150   584.87     
    3151   726.76     
    3152   693.83     
    3153   690.26     
    3154   726.48     
    3155   545.34     
    3156   542.49     
    3157   540.89     
    3158   600.79     
    3159   597.90     
 
  ***** POST1 NODAL DEGREE OF FREEDOM LISTING *****                            
 
  LOAD STEP=     1  SUBSTEP=     1                                             
   TIME=    1.0000      LOAD CASE=   0                                         
 
    NODE       TEMP  
    3160   692.36     
    3161   726.90     
    3162   726.55     
    3163   725.72     
    3164   689.61     
    3165   690.94     
    3166   689.79     
    3167   689.37     
    3168   689.02     
    3169   689.79     
    3170   689.69     
    3171   689.82     
    3172   613.88     
    3173   615.48     
    3174   616.63     
    3175   616.90     
    3176   618.15     
    3177   620.13     
    3178   622.20     
    3179   621.90     
    3180   624.70     
    3181   624.03     
    3182   622.26     
    3183   621.87     
    3184   621.79     
    3185   621.60     
    3186   620.57     
    3187   620.70     
    3188   620.24     
    3189   620.72     
    3190   620.14     
    3191   620.10     
    3192   620.38     
    3193   620.20     
    3194   624.14     
    3195   622.67     
    3196   622.93     
    3197   622.80     
    3198   622.66     
 
  ***** POST1 NODAL DEGREE OF FREEDOM LISTING *****                            
 
  LOAD STEP=     1  SUBSTEP=     1                                             
   TIME=    1.0000      LOAD CASE=   0                                         
 
    NODE       TEMP  
    3199   622.96     
    3200   622.78     
    3201   622.64     
    3202   623.92     
    3203   619.23     
    3204   622.70     
    3205   622.85     
    3206   622.61     
    3207   622.59     
    3208   622.20     
    3209   621.63     
    3210   634.42     
    3211   639.20     
    3212   641.69     
    3213   647.64     
    3214   625.30     
    3215   630.55     
    3216   639.83     
    3217   629.41     
    3218   626.48     
    3219   631.44     
    3220   618.36     
    3221   622.17     
    3222   618.15     
    3223   607.30     
    3224   662.22     
    3225   643.38     
    3226   648.36     
    3227   646.94     
    3228   644.90     
    3229   622.88     
    3230   619.39     
    3231   615.45     
    3232   620.33     
    3233   646.11     
    3234   645.94     
    3235   634.36     
    3236   632.08     
    3237   645.80     
 
  ***** POST1 NODAL DEGREE OF FREEDOM LISTING *****                            
 
  LOAD STEP=     1  SUBSTEP=     1                                             
   TIME=    1.0000      LOAD CASE=   0                                         
 
    NODE       TEMP  
    3238   644.96     
    3239   640.03     
    3240   622.04     
    3241   621.33     
    3242   621.86     
    3243   628.49     
    3244   624.33     
    3245   643.52     
    3246   641.46     
    3247   624.29     
    3248   616.46     
    3249   593.23     
    3250   587.42     
    3251   580.42     
    3252   578.56     
    3253   579.28     
    3254   572.95     
    3255   568.92     
    3256   568.93     
    3257   568.28     
    3258   575.83     
    3259   577.48     
    3260   567.95     
    3261   568.50     
    3262   568.65     
    3263   566.97     
    3264   565.96     
    3265   567.61     
    3266   564.54     
    3267   566.35     
    3268   564.25     
    3269   562.71     
    3270   560.51     
    3271   557.98     
    3272   568.34     
    3273   569.44     
    3274   567.58     
    3275   570.15     
    3276   567.80     
 
  ***** POST1 NODAL DEGREE OF FREEDOM LISTING *****                            
 
  LOAD STEP=     1  SUBSTEP=     1                                             
   TIME=    1.0000      LOAD CASE=   0                                         
 
    NODE       TEMP  
    3277   568.19     
    3278   567.89     
    3279   568.52     
    3280   569.16     
    3281   568.61     
    3282   583.38     
    3283   575.36     
    3284   572.75     
    3285   573.99     
    3286   571.65     
    3287   570.68     
    3288   584.28     
    3289   595.05     
    3290   586.37     
    3291   574.50     
    3292   573.21     
    3293   572.05     
    3294   571.03     
    3295   570.15     
    3296   568.79     
    3297   569.19     
    3298   574.41     
    3299   575.17     
    3300   573.08     
    3301   574.94     
    3302   572.62     
    3303   573.86     
    3304   569.53     
    3305   575.93     
    3306   583.01     
    3307   569.40     
    3308   585.13     
    3309   579.19     
    3310   577.49     
    3311   587.40     
    3312   643.07     
    3313   649.54     
    3314   639.64     
    3315   623.79     
 
  ***** POST1 NODAL DEGREE OF FREEDOM LISTING *****                            
 
  LOAD STEP=     1  SUBSTEP=     1                                             
   TIME=    1.0000      LOAD CASE=   0                                         
 
    NODE       TEMP  
    3316   624.20     
    3317   623.29     
    3318   649.60     
    3319   671.47     
    3320   669.47     
    3321   651.03     
    3322   622.90     
    3323   622.95     
    3324   622.87     
    3325   650.38     
    3326   651.00     
    3327   650.87     
    3328   623.62     
    3329   622.83     
    3330   622.64     
    3331   703.43     
    3332   705.31     
    3333   622.88     
    3334   651.74     
    3335   652.25     
    3336   655.55     
    3337   658.83     
    3338   672.76     
    3339   673.72     
    3340   664.55     
    3341   674.36     
    3342   673.89     
    3343   571.99     
    3344   573.11     
    3345   584.97     
    3346   580.27     
    3347   581.07     
    3348   583.42     
    3349   669.14     
    3350   579.20     
    3351   586.43     
    3352   362.42     
    3353   362.36     
    3354   362.31     
 
  ***** POST1 NODAL DEGREE OF FREEDOM LISTING *****                            
 
  LOAD STEP=     1  SUBSTEP=     1                                             
   TIME=    1.0000      LOAD CASE=   0                                         
 
    NODE       TEMP  
    3355   362.59     
    3356   362.69     
    3357   362.90     
    3358   362.86     
    3359   362.83     
    3360   362.75     
    3361   362.70     
    3362   362.22     
    3363   361.78     
    3364   361.93     
    3365   361.88     
    3366   361.77     
    3367   361.92     
    3368   361.85     
    3369   361.62     
    3370   361.69     
    3371   362.30     
    3372   362.36     
    3373   362.38     
    3374   362.33     
    3375   362.29     
    3376   362.26     
    3377   362.18     
    3378   362.01     
    3379   362.19     
    3380   361.86     
    3381   400.31     
    3382   362.21     
    3383   362.04     
    3384   397.38     
    3385   396.41     
    3386   395.93     
    3387   394.96     
    3388   362.07     
    3389   362.22     
    3390   362.15     
    3391   361.92     
    3392   361.31     
    3393   360.79     
 
  ***** POST1 NODAL DEGREE OF FREEDOM LISTING *****                            
 
  LOAD STEP=     1  SUBSTEP=     1                                             
   TIME=    1.0000      LOAD CASE=   0                                         
 
    NODE       TEMP  
    3394   360.68     
    3395   360.99     
    3396   360.76     
    3397   361.13     
    3398   359.69     
    3399   360.10     
    3400   357.80     
    3401   358.11     
    3402   357.24     
    3403   358.92     
    3404   358.67     
    3405   358.42     
    3406   359.86     
    3407   360.89     
    3408   360.49     
    3409   361.05     
    3410   361.21     
    3411   361.43     
    3412   361.35     
    3413   361.52     
    3414   361.60     
    3415   362.79     
    3416   362.70     
    3417   362.22     
    3418   362.43     
    3419   361.44     
    3420   358.16     
    3421   357.72     
    3422   356.71     
    3423   356.67     
    3424   357.90     
    3425   356.75     
    3426   356.96     
    3427   354.53     
    3428   354.51     
    3429   354.85     
    3430   353.79     
    3431   354.70     
    3432   354.32     
 
  ***** POST1 NODAL DEGREE OF FREEDOM LISTING *****                            
 
  LOAD STEP=     1  SUBSTEP=     1                                             
   TIME=    1.0000      LOAD CASE=   0                                         
 
    NODE       TEMP  
    3433   354.51     
    3434   354.89     
    3435   355.09     
    3436   355.51     
    3437   355.73     
    3438   355.30     
    3439   353.70     
    3440   353.34     
    3441   353.15     
    3442   353.45     
    3443   353.57     
    3444   352.93     
    3445   352.90     
    3446   353.08     
    3447   352.98     
    3448   352.83     
    3449   352.95     
    3450   352.78     
    3451   352.63     
    3452   352.68     
    3453   352.53     
    3454   352.36     
    3455   352.68     
    3456   353.40     
    3457   352.91     
    3458   352.18     
    3459   351.98     
    3460   351.29     
    3461   351.54     
    3462   350.19     
    3463   350.72     
    3464   350.50     
    3465   350.40     
    3466   350.85     
    3467   351.77     
    3468   351.94     
    3469   352.71     
    3470   352.78     
    3471   352.75     
 
  ***** POST1 NODAL DEGREE OF FREEDOM LISTING *****                            
 
  LOAD STEP=     1  SUBSTEP=     1                                             
   TIME=    1.0000      LOAD CASE=   0                                         
 
    NODE       TEMP  
    3472   352.01     
    3473   351.92     
    3474   351.67     
    3475   352.97     
    3476   352.71     
    3477   354.82     
    3478   354.57     
    3479   355.59     
    3480   355.95     
    3481   354.31     
    3482   356.04     
    3483   355.82     
    3484   356.11     
    3485   357.35     
    3486   356.40     
    3487   356.43     
    3488   357.12     
    3489   362.40     
    3490   363.07     
    3491   362.17     
    3492   361.93     
    3493   363.61     
    3494   363.97     
    3495   361.71     
    3496   361.73     
    3497   361.70     
    3498   361.81     
    3499   361.78     
    3500   361.55     
    3501   361.60     
    3502   361.71     
    3503   361.70     
    3504   359.47     
    3505   359.95     
    3506   357.15     
    3507   356.94     
    3508   357.44     
    3509   355.10     
    3510   354.32     
 
  ***** POST1 NODAL DEGREE OF FREEDOM LISTING *****                            
 
  LOAD STEP=     1  SUBSTEP=     1                                             
   TIME=    1.0000      LOAD CASE=   0                                         
 
    NODE       TEMP  
    3511   351.42     
    3512   352.44     
    3513   351.18     
    3514   349.81     
    3515   350.28     
    3516   350.06     
    3517   349.72     
    3518   350.48     
    3519   349.68     
    3520   357.19     
    3521   361.74     
    3522   361.31     
    3523   360.83     
    3524   360.74     
    3525   360.40     
    3526   360.38     
    3527   361.28     
    3528   361.51     
    3529   361.13     
    3530   361.63     
    3531   360.83     
    3532   361.64     
    3533   360.41     
    3534   360.76     
    3535   360.43     
    3536   360.89     
    3537   360.69     
    3538   360.83     
    3539   360.46     
    3540   361.01     
    3541   360.94     
    3542   361.43     
    3543   361.52     
    3544   361.62     
    3545   361.50     
    3546   361.44     
    3547   361.55     
    3548   361.62     
    3549   361.68     
 
  ***** POST1 NODAL DEGREE OF FREEDOM LISTING *****                            
 
  LOAD STEP=     1  SUBSTEP=     1                                             
   TIME=    1.0000      LOAD CASE=   0                                         
 
    NODE       TEMP  
    3550   362.01     
    3551   362.00     
    3552   363.55     
    3553   364.12     
    3554   363.68     
    3555   364.29     
    3556   362.19     
    3557   361.90     
    3558   361.87     
    3559   361.90     
    3560   369.75     
    3561   366.90     
    3562   367.88     
    3563   368.51     
    3564   365.83     
    3565   366.56     
    3566   367.23     
    3567   369.25     
    3568   369.28     
    3569   372.09     
    3570   372.62     
    3571   370.66     
    3572   370.35     
    3573   369.13     
    3574   370.95     
    3575   372.39     
    3576   371.60     
    3577   372.85     
    3578   371.74     
    3579   370.98     
    3580   371.19     
    3581   371.04     
    3582   370.75     
    3583   369.32     
    3584   368.57     
    3585   374.50     
    3586   374.14     
    3587   373.69     
    3588   371.43     
 
  ***** POST1 NODAL DEGREE OF FREEDOM LISTING *****                            
 
  LOAD STEP=     1  SUBSTEP=     1                                             
   TIME=    1.0000      LOAD CASE=   0                                         
 
    NODE       TEMP  
    3589   371.10     
    3590   371.80     
    3591   374.14     
    3592   368.99     
    3593   369.71     
    3594   370.04     
    3595   366.29     
    3596   366.87     
    3597   365.28     
    3598   366.67     
    3599   364.25     
    3600   364.67     
    3601   363.07     
    3602   362.73     
    3603   366.47     
    3604   367.14     
    3605   365.14     
    3606   366.88     
    3607   367.39     
    3608   370.42     
    3609   373.54     
    3610   373.14     
    3611   373.36     
    3612   373.63     
    3613   373.11     
    3614   373.61     
    3615   374.52     
    3616   374.02     
    3617   372.15     
    3618   373.32     
    3619   372.89     
    3620   373.20     
    3621   372.53     
    3622   374.97     
    3623   374.84     
    3624   375.66     
    3625   375.32     
    3626   378.42     
    3627   390.16     
 
  ***** POST1 NODAL DEGREE OF FREEDOM LISTING *****                            
 
  LOAD STEP=     1  SUBSTEP=     1                                             
   TIME=    1.0000      LOAD CASE=   0                                         
 
    NODE       TEMP  
    3628   389.20     
    3629   384.81     
    3630   375.41     
    3631   376.51     
    3632   376.60     
    3633   377.02     
    3634   377.18     
    3635   377.10     
    3636   376.21     
    3637   376.28     
    3638   376.32     
    3639   376.42     
    3640   376.38     
    3641   374.91     
    3642   376.09     
    3643   376.17     
    3644   377.27     
    3645   377.30     
    3646   377.33     
    3647   377.33     
    3648   377.33     
    3649   377.33     
    3650   377.33     
    3651   376.84     
    3652   376.97     
    3653   376.93     
    3654   377.11     
    3655   377.96     
    3656   376.24     
    3657   379.01     
    3658   379.93     
    3659   379.25     
    3660   378.83     
    3661   381.88     
    3662   381.57     
    3663   381.18     
    3664   380.39     
    3665   376.27     
    3666   376.56     
 
  ***** POST1 NODAL DEGREE OF FREEDOM LISTING *****                            
 
  LOAD STEP=     1  SUBSTEP=     1                                             
   TIME=    1.0000      LOAD CASE=   0                                         
 
    NODE       TEMP  
    3667   376.64     
    3668   376.88     
    3669   376.96     
    3670   377.00     
    3671   376.91     
    3672   376.53     
    3673   376.67     
    3674   376.60     
    3675   376.34     
    3676   379.66     
    3677   377.20     
    3678   382.04     
    3679   387.26     
    3680   389.19     
    3681   393.51     
    3682   388.22     
    3683   386.29     
    3684   386.78     
    3685   387.74     
    3686   385.81     
    3687   389.67     
    3688   443.83     
    3689   443.87     
    3690   443.83     
    3691   388.71     
    3692   398.33     
    3693   404.81     
    3694   406.34     
    3695   405.31     
    3696   407.94     
    3697   406.89     
    3698   395.45     
    3699   390.65     
    3700   389.69     
    3701   385.81     
    3702   388.73     
    3703   387.76     
    3704   386.79     
    3705   383.79     
 
  ***** POST1 NODAL DEGREE OF FREEDOM LISTING *****                            
 
  LOAD STEP=     1  SUBSTEP=     1                                             
   TIME=    1.0000      LOAD CASE=   0                                         
 
    NODE       TEMP  
    3706   407.41     
    3707   409.53     
    3708   406.37     
    3709   408.46     
    3710   410.61     
    3711   415.07     
    3712   412.81     
    3713   411.70     
    3714   416.23     
    3715   415.67     
    3716   411.67     
    3717   412.78     
    3718   416.20     
    3719   415.04     
    3720   413.90     
    3721   418.60     
    3722   416.83     
    3723   417.39     
    3724   421.91     
    3725   424.08     
    3726   422.53     
    3727   419.74     
    3728   423.37     
    3729   429.26     
    3730   431.11     
    3731   436.75     
    3732   432.71     
    3733   431.89     
    3734   440.00     
    3735   437.18     
    3736   437.52     
    3737   440.83     
    3738   443.20     
    3739   442.89     
    3740   441.21     
    3741   439.54     
    3742   440.56     
    3743   449.69     
    3744   449.97     
 
  ***** POST1 NODAL DEGREE OF FREEDOM LISTING *****                            
 
  LOAD STEP=     1  SUBSTEP=     1                                             
   TIME=    1.0000      LOAD CASE=   0                                         
 
    NODE       TEMP  
    3745   449.03     
    3746   448.12     
    3747   449.41     
    3748   450.51     
    3749   448.99     
    3750   457.31     
    3751   452.75     
    3752   451.78     
    3753   452.39     
    3754   451.22     
    3755   446.02     
    3756   446.24     
    3757   444.53     
    3758   444.09     
    3759   443.01     
    3760   443.28     
    3761   442.96     
    3762   442.55     
    3763   442.18     
    3764   441.61     
    3765   441.09     
    3766   440.25     
    3767   440.44     
    3768   441.14     
    3769   440.75     
    3770   441.74     
    3771   439.98     
    3772   441.95     
    3773   441.40     
    3774   443.29     
    3775   443.35     
    3776   443.11     
    3777   443.50     
    3778   497.15     
    3779   497.67     
    3780   502.99     
    3781   505.89     
    3782   508.82     
    3783   500.09     
 
  ***** POST1 NODAL DEGREE OF FREEDOM LISTING *****                            
 
  LOAD STEP=     1  SUBSTEP=     1                                             
   TIME=    1.0000      LOAD CASE=   0                                         
 
    NODE       TEMP  
    3784   505.05     
    3785   492.43     
    3786   500.44     
    3787   506.46     
    3788   503.74     
    3789   498.58     
    3790   502.23     
    3791   501.10     
    3792   512.54     
    3793   513.57     
    3794   512.12     
    3795   509.25     
    3796   512.19     
    3797   515.05     
    3798   518.04     
    3799   527.05     
    3800   525.57     
    3801   520.80     
    3802   510.73     
    3803   517.85     
    3804   539.44     
    3805   541.42     
    3806   542.67     
    3807   543.75     
    3808   533.97     
    3809   555.23     
    3810   553.87     
    3811   542.79     
    3812   530.95     
    3813   527.55     
    3814   525.82     
    3815   524.28     
    3816   617.11     
    3817   614.15     
    3818   604.30     
    3819   621.66     
    3820   619.25     
    3821   622.46     
    3822   597.97     
 
  ***** POST1 NODAL DEGREE OF FREEDOM LISTING *****                            
 
  LOAD STEP=     1  SUBSTEP=     1                                             
   TIME=    1.0000      LOAD CASE=   0                                         
 
    NODE       TEMP  
    3823   590.27     
    3824   610.07     
    3825   573.69     
    3826   576.24     
    3827   579.21     
    3828   593.78     
    3829   595.08     
    3830   611.06     
    3831   624.21     
    3832   624.58     
    3833   623.19     
    3834   624.77     
    3835   622.34     
    3836   624.84     
    3837   622.50     
    3838   620.75     
    3839   623.23     
    3840   623.50     
    3841   623.72     
    3842   623.61     
    3843   623.68     
    3844   623.60     
    3845   623.57     
    3846   623.82     
    3847   623.75     
    3848   623.60     
    3849   623.79     
    3850   623.88     
    3851   443.93     
    3852   491.04     
    3853   480.48     
    3854   477.99     
    3855   467.31     
    3856   462.24     
    3857   458.10     
    3858   464.58     
    3859   458.73     
    3860   465.91     
    3861   468.92     
 
  ***** POST1 NODAL DEGREE OF FREEDOM LISTING *****                            
 
  LOAD STEP=     1  SUBSTEP=     1                                             
   TIME=    1.0000      LOAD CASE=   0                                         
 
    NODE       TEMP  
    3862   459.85     
    3863   472.24     
    3864   463.22     
    3865   483.55     
    3866   471.15     
    3867   491.08     
    3868   472.56     
    3869   471.27     
    3870   470.22     
    3871   476.21     
    3872   481.89     
    3873   484.92     
    3874   478.98     
    3875   473.64     
    3876   467.20     
    3877   469.13     
    3878   466.27     
    3879   465.46     
    3880   458.37     
    3881   453.30     
    3882   452.09     
    3883   447.38     
    3884   448.90     
    3885   445.01     
    3886   445.34     
    3887   444.57     
    3888   443.54     
    3889   443.67     
    3890   443.86     
    3891   443.93     
    3892   443.81     
    3893   444.37     
    3894   444.59     
    3895   444.73     
    3896   444.20     
    3897   444.35     
    3898   444.15     
    3899   443.85     
    3900   443.82     
 
  ***** POST1 NODAL DEGREE OF FREEDOM LISTING *****                            
 
  LOAD STEP=     1  SUBSTEP=     1                                             
   TIME=    1.0000      LOAD CASE=   0                                         
 
    NODE       TEMP  
    3901   443.94     
    3902   443.91     
    3903   443.92     
    3904   443.90     
    3905   454.73     
    3906   444.04     
    3907   455.64     
    3908   456.13     
    3909   456.72     
    3910   456.21     
    3911   456.59     
    3912   456.79     
    3913   456.84     
    3914   443.87     
    3915   443.87     
    3916   443.84     
    3917   443.80     
    3918   443.84     
    3919   443.82     

 MAXIMUM ABSOLUTE VALUES
 NODE       2759
 VALUE    760.01     

