1 0.0640473300000002 0.00726599999999999 0
2 0.0645413399999999 0.00726599999999999 0
3 0.0643362999999999 0.00676800299999999 0
4 0.0495572000000006 0.00140701299999998 0
5 0.0489840500000005 0.00132299999999999 0
6 0.04920101 0.00184600099999999 0
7 0.0441193499999999 0.00412800899999999 0
8 0.0435223499999999 0.004105002 0
9 0.0437684000000003 0.004690007 0
10 0.09481334 0.015066013 0
11 0.0953512100000005 0.014543012 0
12 0.0946912700000002 0.014457003 0
13 0.0541720300000001 0.007250011 0
14 0.0536980600000003 0.007663012 0
15 0.0543260500000002 0.00776301399999998 0
16 0.0937571500000001 0.00576500599999999 0
17 0.0940852100000003 0.006250009 0
18 0.0942492399999999 0.00576500599999999 0
19 0.0537233300000004 0.00715300499999999 0
20 0.0532612800000001 0.00723800099999999 0
21 0.153520100000001 0.024979011 0
22 0.153540130000001 0.024359003 0
23 0.15309095 0.024726004 0
24 0.157807350000001 0.027505011 0
25 0.15786838 0.026923001 0
26 0.15737819 0.027253002 0
27 0.177313320000001 0.048359007 0
28 0.17733812 0.047771007 0
29 0.17659235 0.048083008 0
30 0.17424821 0.047280014 0
31 0.173639290000001 0.047792003 0
32 0.17426824 0.048055008 0
33 0.159868240000001 0.026331008 0
34 0.16025209 0.025875002 0
35 0.15967702 0.025795013 0
36 0.132596970000001 0.017963007 0
37 0.13223934 0.018221006 0
38 0.13270711 0.018391013 0
39 0.134863370000001 0.017735005 0
40 0.13563013 0.017747 0
41 0.1353631 0.017182008 0
42 0.16166925 0.029056013 0
43 0.16129493 0.029414013 0
44 0.16176319 0.029584006 0
45 0.14228534 0.016950012 0
46 0.142325400000001 0.017532006 0
47 0.142779350000001 0.017229006 0
48 0.16594696 0.029616013 0
49 0.166211120000001 0.029112011 0
50 0.165712350000001 0.02911 0
51 0.154073230000001 0.02314201 0
52 0.15406131 0.023951009 0
53 0.1548233 0.023709014 0
54 0.0206379800000001 0.00420100999999998 0
55 0.0208520800000001 0.00470501199999998 0
56 0.0211329400000002 0.00420100999999998 0
57 0.0226683599999999 0.00320001 0
58 0.0221772100000006 0.00320001 0
59 0.02239608 0.00369601 0
60 0.0173802300000006 0.00470601099999998 0
61 0.0171761500000001 0.00420200899999998 0
62 0.01688432 0.00470601099999998 0
63 0.0248212800000003 0.00470401399999998 0
64 0.0250892600000006 0.004200012 0
65 0.0245943000000004 0.004200012 0
66 0.00814008000000044 0.000446006999999998 0
67 0.00792312000000006 0 0
68 0.00770616000000057 0.000443011999999993 0
69 0.0454993200000002 0 0
70 0.0451231000000005 0 0
71 0.0453000000000001 0.000412002999999994 0
72 0.0504460300000007 0.000422999999999979 0
73 0.0502161900000004 0 0
74 0.05003213 0.000460013999999981 0
75 0.04959106 0.000445008999999996 0
76 0.0491671500000006 0.000428005999999981 0
77 0.0493559800000005 0.000905006999999985 0
78 0.0910501400000001 0.01437901 0
79 0.09149122 0.014557004 0
80 0.0915160100000003 0.014024005 0
81 0.12425708 0.013369009 0
82 0.12380218 0.013530001 0
83 0.12417602 0.013992012 0
84 0.0466732900000002 0.000813007999999976 0
85 0.0463280600000004 0.00112400999999998 0
86 0.0468392300000007 0.00134500899999998 0
87 0.00563621000000047 0.006196007 0
88 0.00608635000000035 0.00654600599999999 0
89 0.00616931000000065 0.00609000099999998 0
90 0.00563526000000003 0.006726012 0
91 0.0215673400000007 0.005200014 0
92 0.0213480000000006 0.00470501199999998 0
93 0.0210690500000004 0.005200014 0
94 0.0221223799999999 0.004200012 0
95 0.0219030300000007 0.00369601 0
96 0.0273261000000007 0.00369601 0
97 0.0270919800000007 0.00320001 0
98 0.0268330500000005 0.00369601 0
99 0.05498695 0.00676800299999999 0
100 0.05449533 0.00676800299999999 0
101 0.0546989400000006 0.00729401399999999 0
102 0.00386333000000061 0.003586009 0
103 0.00295829000000047 0.00344000799999999 0
104 0.00337313999999989 0.00414700799999998 0
105 0.00398634999999992 0.00904101199999999 0
106 0.00398634999999992 0.00938201 0
107 0.00433634999999999 0.00938201 0
108 0.0579390499999999 0.00676800299999999 0
109 0.0574469500000001 0.00676800299999999 0
110 0.0577311500000004 0.00725600199999998 0
111 0.0681343000000005 0.00876700899999999 0
112 0.06792116 0.008272007 0
113 0.0676369600000006 0.00876700899999999 0
114 0.0951261500000005 0.01375401 0
115 0.0942182499999999 0.013779 0
116 0.0113430000000001 0.00588300899999999 0
117 0.0107469500000006 0.00582700999999999 0
118 0.0110559400000003 0.00643101399999998 0
119 0.0626611700000002 0.00876800699999999 0
120 0.0631580300000003 0.00876800699999999 0
121 0.0629601400000004 0.008274004 0
122 0.10601806 0.014405012 0
123 0.10655307 0.013915003 0
124 0.10598325 0.013585002 0
125 0.08187532 0.00994201 0
126 0.0823063800000003 0.009606004 0
127 0.0818719800000007 0.009326011 0
128 0.0808939900000007 0.008299008 0
129 0.0810322700000006 0.007769004 0
130 0.0805354100000004 0.00779600499999999 0
131 0.0952730100000005 0.015198008 0
132 0.0949621199999999 0.015638009 0
133 0.0954599300000005 0.015638009 0
134 0.0884490000000007 0.00851300399999999 0
135 0.0881524000000002 0.00956501099999998 0
136 0.0889739900000004 0.00926001399999998 0
137 0.0989961600000004 0.01414901 0
138 0.0995073300000007 0.014166013 0
139 0.0992889400000001 0.013638005 0
140 0.0964412600000006 0.012418002 0
141 0.0962672200000005 0.011731014 0
142 0.0957841799999999 0.012174011 0
143 0.0823130600000006 0.010178 0
144 0.0827312400000002 0.009883002 0
145 0.0817971200000001 0.00867500899999998 0
146 0.0813860800000006 0.009141013 0
147 0.0958199500000001 0.011572004 0
148 0.10222625 0.013080001 0
149 0.10270118 0.012901008 0
150 0.10222625 0.012611002 0
151 0.0977263400000004 0.011880011 0
152 0.0977940500000001 0.01132901 0
153 0.0973119700000007 0.011583001 0
154 0.10393333 0.014729008 0
155 0.10417699 0.015153006 0
156 0.10440206 0.014588014 0
157 0.16909313 0.043178007 0
158 0.16945934 0.043107003 0
159 0.169145100000001 0.042796001 0
160 0.17334604 0.044649005 0
161 0.173733230000001 0.044180006 0
162 0.17316818 0.044175014 0
163 0.17812633 0.03011401 0
164 0.17788124 0.02961801 0
165 0.177628990000001 0.03011401 0
166 0.0937643000000001 0.015000001 0
167 0.0935392300000002 0.014307007 0
168 0.0932302400000005 0.014877007 0
169 0.174009320000001 0.051079005 0
170 0.17344617 0.050739006 0
171 0.17336225 0.051170007 0
172 0.0111851600000001 0.010056004 0
173 0.0109090800000002 0.010110006 0
174 0.0111041000000007 0.010382012 0
175 0.174205300000001 0.059356004 0
176 0.173548220000001 0.059563011 0
177 0.17407226 0.060051009 0
178 0.17755937 0.058058009 0
179 0.17736101 0.05760701 0
180 0.17688226 0.058012009 0
181 0.171449180000001 0.041429013 0
182 0.17080736 0.040999011 0
183 0.17061138 0.041795001 0
184 0.17573499 0.059104011 0
185 0.17602109 0.060113013 0
186 0.176638120000001 0.059449002 0
187 0.17658519 0.061001003 0
188 0.17581129 0.061764002 0
189 0.17665004 0.062071011 0
190 0.18814611 0.045610011 0
191 0.18781137 0.045544014 0
192 0.18803501 0.045881003 0
193 0.185165400000001 0.039953009 0
194 0.185182090000001 0.04092601 0
195 0.18587923 0.04050301 0
196 0.17838621 0.040309012 0
197 0.17788505 0.040312007 0
198 0.17813634 0.040767014 0
199 0.173213000000001 0.042522013 0
200 0.17253494 0.042193011 0
201 0.172590250000001 0.042858005 0
202 0.185677050000001 0.036394 0
203 0.186479090000001 0.036083013 0
204 0.18569421 0.03585501 0
205 0.19004535 0.031673 0
206 0.19066906 0.031864003 0
207 0.19041538 0.031234011 0
208 0.1779623 0.062268004 0
209 0.1774702 0.062041 0
210 0.17734193 0.062554002 0
211 0.18500709 0.031687007 0
212 0.185356140000001 0.031167001 0
213 0.18473434 0.031270013 0
214 0.165480130000001 0.028605014 0
215 0.1652112 0.029106006 0
216 0.15687322 0.020857007 0
217 0.15628004 0.020844013 0
218 0.15654707 0.021589011 0
219 0.15799999 0.021826014 0
220 0.1586132 0.022226006 0
221 0.15869236 0.021540001 0
222 0.176651000000001 0.028114006 0
223 0.17615509 0.028114006 0
224 0.17639923 0.028609008 0
225 0.16020727 0.022409007 0
226 0.15972232 0.02267401 0
227 0.16020727 0.022904009 0
228 0.158611290000001 0.023008004 0
229 0.157727240000001 0.023283005 0
230 0.1584773 0.023917005 0
231 0.159522050000001 0.02851601 0
232 0.15995121 0.028767005 0
233 0.15997409 0.028165013 0
234 0.15983724 0.027484 0
235 0.159520140000001 0.028026 0
236 0.159681320000001 0.025225014 0
237 0.16020727 0.025382012 0
238 0.16041421 0.026341006 0
239 0.16017437 0.026878 0
240 0.16068601 0.026754007 0
241 0.123598090000001 0.015134007 0
242 0.12309837 0.015142009 0
243 0.12332725 0.015638009 0
244 0.11536502 0.015638009 0
245 0.11561203 0.015061006 0
246 0.11507225 0.015117005 0
247 0.13104915 0.017028004 0
248 0.131739140000001 0.016929001 0
249 0.131267070000001 0.016397 0
250 0.135589120000001 0.016616002 0
251 0.13508701 0.016595006 0
252 0.143543240000001 0.017839 0
253 0.14329338 0.01735501 0
254 0.142910000000001 0.017802 0
255 0.0854520800000005 0.006328002 0
256 0.08588123 0.00675900299999999 0
257 0.0859260500000003 0.00619700599999998 0
258 0.15088415 0.021125004 0
259 0.15009498 0.020957008 0
260 0.15048694 0.02159001 0
261 0.15912914 0.026344002 0
262 0.15903329 0.025555 0
263 0.15844917 0.025873006 0
264 0.148406980000001 0.021420002 0
265 0.14837503 0.021947012 0
266 0.14886331 0.021634013 0
267 0.16758537 0.043681011 0
268 0.16787719 0.043367014 0
269 0.167511940000001 0.043229014 0
270 0.00834703000000037 0.000969007999999993 0
271 0.00792121000000012 0.000848009999999982 0
272 0.000308030000000237 0.00470800699999999 0
273 0.000547400000000309 0.00493600999999999 0
274 0.000685210000000325 0.00463300999999999 0
275 0.0136041599999999 0.00416301199999999 0
276 0.0139751400000003 0.00367300199999998 0
277 0.0134553900000007 0.00367601199999998 0
278 0.00488519000000043 0.004857004 0
279 0.00515604000000014 0.005694002 0
280 0.00559806000000052 0.00513601299999999 0
281 0.0204253200000002 0.003697008 0
282 0.01993227 0.003697008 0
283 0.0201439800000003 0.00420100999999998 0
284 0.0209183600000005 0.00369601 0
285 0.0238289800000002 0.00470401399999998 0
286 0.0241003000000006 0.004200012 0
287 0.0236053400000005 0.004200012 0
288 0.0260782200000005 0.004200012 0
289 0.02584695 0.00369601 0
290 0.0255832600000003 0.004200012 0
291 0.0424313500000002 0.00417301099999998 0
292 0.0426511700000001 0.00366000899999999 0
293 0.0421390500000003 0.00367601199999998 0
294 0.0108180000000004 0.000688999999999995 0
295 0.0109953800000007 0.000333010999999994 0
296 0.0107421800000003 0.000265002999999986 0
297 0.0334963799999999 0.004200012 0
298 0.0330023700000002 0.004200012 0
299 0.0332550999999999 0.00470401399999998 0
300 0.0138211200000002 0.00320001 0
301 0.0143122600000005 0.00320001 0
302 0.0216851199999999 0.00320001 0
303 0.02141094 0.00369601 0
304 0.0339913300000001 0.004200012 0
305 0.03422927 0.00369601 0
306 0.0337362200000006 0.00369601 0
307 0.02781915 0.00369601 0
308 0.0280752099999999 0.00320001 0
309 0.0275840700000005 0.00320001 0
310 0.0448532100000003 0.00297600099999998 0
311 0.0453262300000006 0.002950013 0
312 0.0452222799999999 0.00246199999999999 0
313 0.0456852900000007 0.00321300399999999 0
314 0.0456533400000003 0.003668011 0
315 0.0461053800000002 0.003447011 0
316 0.04233026 0.00320001 0
317 0.0418381600000002 0.00320001 0
318 0.0445094100000007 0.00160500399999999 0
319 0.0443501400000006 0.00207000999999998 0
320 0.0448889700000006 0.00199300099999999 0
321 0.0460791500000006 0.00201800499999999 0
322 0.0463533400000005 0.001563013 0
323 0.0459041600000001 0.001447007 0
324 0.0481100000000003 0.002305001 0
325 0.0483050300000007 0.001838014 0
326 0.0478663400000006 0.00183100999999999 0
327 0.0202112200000002 0.00320001 0
328 0.0197191200000004 0.00320001 0
329 0.0487222599999999 0.00490801099999999 0
330 0.0487222599999999 0.00446501399999999 0
331 0.0482950200000003 0.00446501399999999 0
332 0.0487432400000003 0.000440001999999995 0
333 0.0489463800000003 0.000811011 0
334 0.0411391200000004 0.00368900599999999 0
335 0.0409202500000001 0.004195005 0
336 0.0414190200000002 0.00419101099999999 0
337 0.0322570799999999 0.00369601 0
338 0.0324993100000004 0.00320001 0
339 0.0320081700000001 0.00320001 0
340 0.0394320400000003 0.004199013 0
341 0.0391592900000006 0.003695011 0
342 0.0389370900000001 0.004200012 0
343 0.0416369400000001 0.00368401399999999 0
344 0.0419220899999999 0.00418400799999999 0
345 0.0431962000000006 0.00360600699999999 0
346 0.0429582600000007 0.00415301399999998 0
347 0.0411973000000003 0.00470100399999998 0
348 0.0312709800000004 0.00470401399999998 0
349 0.0310220700000006 0.005200014 0
350 0.03152036 0.005200014 0
351 0.0347442600000001 0.00470401399999998 0
352 0.0352401700000007 0.00470401399999998 0
353 0.03498029 0.004200012 0
354 0.0399270000000005 0.004199013 0
355 0.0397052700000007 0.00470401399999998 0
356 0.0402021399999999 0.00470299999999998 0
357 0.0386662400000004 0.00369601 0
358 0.0379471700000007 0.004200012 0
359 0.0381731900000002 0.00369601 0
360 0.03768014 0.00369601 0
361 0.0623683900000005 0.00676800299999999 0
362 0.0625681800000004 0.00726801199999999 0
363 0.0628600100000005 0.00676800299999999 0
364 0.0746369300000005 0.00776700699999999 0
365 0.0751323700000004 0.00776700699999999 0
366 0.0749001500000004 0.00726300499999999 0
367 0.06990623 0.008272007 0
368 0.0696272800000006 0.00876700899999999 0
369 0.0701251000000003 0.00876700899999999 0
370 0.0867800700000005 0.011389003 0
371 0.08740711 0.01121901 0
372 0.0869393299999999 0.010663003 0
373 0.0744071000000002 0.00726300499999999 0
374 0.0746703100000001 0.00676700499999999 0
375 0.0741782100000004 0.00676700499999999 0
376 0.0912222800000002 0.012507007 0
377 0.0904412200000007 0.012243003 0
378 0.0906391100000006 0.012962014 0
379 0.09282827 0.007382006 0
380 0.0923099500000006 0.00731500999999998 0
381 0.0926122600000001 0.00787301399999998 0
382 0.0694732600000005 0.00726400299999999 0
383 0.0697493500000004 0.00676800299999999 0
384 0.0692572500000006 0.00676800299999999 0
385 0.0741419700000003 0.00776700699999999 0
386 0.0738763800000006 0.008271009 0
387 0.0743722900000003 0.008271009 0
388 0.0753941500000002 0.00726300499999999 0
389 0.0885672500000005 0.006328002 0
390 0.08834505 0.005777002 0
391 0.0880961400000002 0.006219 0
392 0.09494924 0.00802001399999999 0
393 0.09531402 0.00772701199999998 0
394 0.0948224 0.007549003 0
395 0.0497980099999999 0 0
396 0.0581979700000002 0.00722700399999998 0
397 0.0511741600000004 0.00115001199999998 0
398 0.0514712300000006 0.00130501399999999 0
399 0.0514712300000006 0.000979006999999976 0
400 0.0593180600000007 0.00776401199999999 0
401 0.0588431300000005 0.007743001 0
402 0.0589742600000003 0.00824800199999998 0
403 0.06355428 0.00726701299999999 0
404 0.0638442000000001 0.00676800299999999 0
405 0.0633521000000004 0.00676800299999999 0
406 0.0670070599999999 0.00726500199999999 0
407 0.0675001100000001 0.00726400299999999 0
408 0.0672893500000002 0.00676800299999999 0
409 0.0503273000000002 0.00671701199999999 0
410 0.0498800200000007 0.007109002 0
411 0.0503020200000002 0.007326007 0
412 0.0507082900000002 0.000769004999999989 0
413 0.0508370400000002 0.000408008999999987 0
414 0.0515961599999999 0.00728501399999998 0
415 0.0516400300000006 0.00786501199999998 0
416 0.0519742900000004 0.00755700499999998 0
417 0.0340080199999999 0.005200014 0
418 0.03424739 0.00470401399999998 0
419 0.0337510100000005 0.00470401399999998 0
420 0.0377201999999999 0.00470401399999998 0
421 0.03749132 0.005200014 0
422 0.0379891400000005 0.005200014 0
423 0.0503430300000005 0.00789500799999998 0
424 0.0507421400000005 0.00753700799999998 0
425 0.0124402000000003 0.003611014 0
426 0.01292896 0.00412601299999998 0
427 0.0129823600000005 0.00358900499999998 0
428 0.0144853500000002 0.00367501399999998 0
429 0.0148043600000003 0.00320001 0
430 0.0109291000000002 0.00817000899999998 0
431 0.0104050600000001 0.00847600399999998 0
432 0.0109419800000001 0.00869600499999998 0
433 0.0176711000000003 0.00420200899999998 0
434 0.0174660600000003 0.003697008 0
435 0.0163869800000001 0.00470501199999998 0
436 0.0165910700000005 0.005200014 0
437 0.0194392200000006 0.003697008 0
438 0.00210332000000069 0.003640011 0
439 0.00140714000000042 0.003468007 0
440 0.00147199000000064 0.00410701399999999 0
441 0.00584410999999996 0.002388001 0
442 0.00550316999999989 0.00157600699999999 0
443 0.00487804000000036 0.00211900499999998 0
444 0.00389814000000044 0.000364006 0
445 0.00387716000000005 0.000885009999999992 0
446 0.00428914999999996 0.000437006999999989 0
447 0.01087141 0.007022009 0
448 0.0104084000000002 0.00644001399999999 0
449 0.0104732500000004 0.005145014 0
450 0.0108313500000001 0.00453600299999998 0
451 0.00998640000000073 0.00442901299999998 0
452 0.00498294000000055 0.00861701399999998 0
453 0.0051422100000007 0.00811000199999998 0
454 0.00468826 0.00833100099999998 0
455 0.01005506 0.010382012 0
456 0.00989722999999998 0.010115013 0
457 0.00970505999999993 0.010382012 0
458 0.0559711400000005 0.00676800299999999 0
459 0.0554790500000006 0.00676800299999999 0
460 0.0557503700000002 0.00728900799999999 0
461 0.0637540800000007 0.00777201399999999 0
462 0.0632591200000006 0.00777201399999999 0
463 0.0799341199999999 0.007919014 0
464 0.0803632700000003 0.00827001099999999 0
465 0.08206033 0.00775900499999999 0
466 0.0815443900000004 0.007991001 0
467 0.0821919400000004 0.00828300399999998 0
468 0.0799612999999999 0.00859500499999999 0
469 0.0843739500000007 0.00715100799999999 0
470 0.0840129800000007 0.00665301099999999 0
471 0.0838603899999999 0.00723500599999999 0
472 0.0805740300000002 0.00676700499999999 0
473 0.08028221 0.00732099999999999 0
474 0.0807933800000002 0.00726900999999999 0
475 0.0699663100000008 0.00726300499999999 0
476 0.0701842300000006 0.00776800499999999 0
477 0.0704603200000005 0.00726300499999999 0
478 0.0724329900000003 0.00726300499999999 0
479 0.0727009700000005 0.00676700499999999 0
480 0.0722093500000005 0.00676700499999999 0
481 0.0813012100000003 0.00858600499999998 0
482 0.0809202100000004 0.00893400599999999 0
483 0.0804572100000005 0.00876501199999999 0
484 0.0805101400000003 0.00934000299999999 0
485 0.00935506000000075 0.008964002 0
486 0.00987434000000054 0.00925300999999998 0
487 0.00987529000000009 0.008743003 0
488 0.0535111400000003 0.00676800299999999 0
489 0.0627651199999999 0.007773012 0
490 0.0622711100000002 0.007773012 0
491 0.0624642300000007 0.008274004 0
492 0.0642480800000005 0.007771001 0
493 0.0647430400000006 0.007771001 0
494 0.0679931600000003 0.00726400299999999 0
495 0.0677809700000003 0.00676800299999999 0
496 0.00456905000000063 0.00909800899999999 0
497 0.00488804999999992 0.00904001299999999 0
498 0.00462198000000047 0.00875501399999998 0
499 0.0506730000000006 0.00706000699999998 0
500 0.0572462000000007 0.00726599999999999 0
501 0.0569553300000001 0.00676800299999999 0
502 0.0567531500000005 0.007273004 0
503 0.07661914 0.00776800499999999 0
504 0.0761232300000003 0.00776700699999999 0
505 0.0763592700000002 0.008272007 0
506 0.00935506000000075 0.00943601199999999 0
507 0.00981807000000057 0.00973001199999998 0
508 0.0831980699999999 0.00955300099999998 0
509 0.0831432300000001 0.010123 0
510 0.0835561700000005 0.009855002 0
511 0.0831871 0.010655001 0
512 0.0827503200000006 0.010416001 0
513 0.0910263000000002 0.013885007 0
514 0.0906181300000002 0.013568014 0
515 0.0906062100000007 0.014161006 0
516 0.0900139800000002 0.013327003 0
517 0.0900449700000001 0.012727008 0
518 0.0921421000000002 0.007909 0
519 0.09244203 0.00839801199999998 0
520 0.0920529300000004 0.013701007 0
521 0.0913190799999999 0.013336003 0
522 0.0901770500000003 0.013917014 0
523 0.0893402100000005 0.006694004 0
524 0.0890812800000003 0.00626300299999999 0
525 0.0888199800000002 0.00687099999999999 0
526 0.08759403 0.012451008 0
527 0.0881152100000007 0.012067005 0
528 0.0876049999999999 0.011831001 0
529 0.08900737 0.00997801199999998 0
530 0.0896243999999999 0.009638012 0
531 0.0932011600000004 0.012870014 0
532 0.0926232300000001 0.012392 0
533 0.0926489799999999 0.013301 0
534 0.0871739300000005 0.00630201399999999 0
535 0.0867662400000002 0.006390006 0
536 0.0871381700000002 0.00698401099999998 0
537 0.0948691300000002 0.00701200999999999 0
538 0.0949063300000006 0.00653700599999998 0
539 0.0944561900000007 0.006664008 0
540 0.09347438 0.015535012 0
541 0.17498397 0.063538999 0
542 0.175856110000001 0.062791005 0
543 0.17502212 0.062440008 0
544 0.10791206 0.013596013 0
545 0.10723733 0.01388 0
546 0.10796737 0.014198005 0
547 0.104669090000001 0.014003009 0
548 0.10538625 0.014057011 0
549 0.10516119 0.013444007 0
550 0.0972080200000001 0.015129 0
551 0.0974502500000005 0.015638009 0
552 0.0977263400000004 0.015112013 0
553 0.10467338 0.01512301 0
554 0.10494899 0.014578 0
555 0.09824228 0.015110001 0
556 0.0984449300000003 0.015638009 0
557 0.0987601200000006 0.015146002 0
558 0.11237907 0.015638009 0
559 0.11207819 0.015157014 0
560 0.11188221 0.015638009 0
561 0.11586332 0.015638009 0
562 0.12662315 0.015214011 0
563 0.12697219 0.014685005 0
564 0.12642335 0.014567003 0
565 0.11615133 0.015116006 0
566 0.11636018 0.015638009 0
567 0.11228513 0.014653012 0
568 0.11250019 0.01414001 0
569 0.11200714 0.014143005 0
570 0.113764280000001 0.014644012 0
571 0.11327409 0.014646009 0
572 0.113570210000001 0.015148014 0
573 0.11794138 0.014639005 0
574 0.11822509 0.014134005 0
575 0.11774015 0.014135003 0
576 0.11425113 0.014640004 0
577 0.114733210000001 0.014632002 0
578 0.11444425 0.014132008 0
579 0.11665725 0.015135005 0
580 0.116858000000001 0.015638009 0
581 0.10029697 0.014630005 0
582 0.10001039 0.014138013 0
583 0.0997900899999999 0.01466401 0
584 0.10346603 0.014597014 0
585 0.10368108 0.015155003 0
586 0.107213020000001 0.012605012 0
587 0.107445240000001 0.013177008 0
588 0.10775423 0.012654007 0
589 0.10821199 0.015146002 0
590 0.10790109 0.015638009 0
591 0.10839796 0.015638009 0
592 0.11814308 0.015142009 0
593 0.11843013 0.014639005 0
594 0.11396122 0.014135003 0
595 0.0939192700000007 0.012959004 0
596 0.0933671 0.013603002 0
597 0.0927472100000006 0.014200002 0
598 0.0927400500000006 0.014926002 0
599 0.0956959700000004 0.012993008 0
600 0.09647703 0.013235003 0
601 0.0974302200000006 0.01111801 0
602 0.101216310000001 0.014685005 0
603 0.10070228 0.015083 0
604 0.10117435 0.015226007 0
605 0.10248041 0.014479012 0
606 0.10246515 0.013925001 0
607 0.101980200000001 0.014068008 0
608 0.0902051900000007 0.00937101299999998 0
609 0.0902142500000007 0.00989299999999999 0
610 0.0963382700000004 0.010737002 0
611 0.0958671500000001 0.010737002 0
612 0.0960741000000001 0.01118201 0
613 0.0925822200000006 0.011674002 0
614 0.0921163500000004 0.01179801 0
615 0.0978074000000007 0.013492003 0
616 0.0972223200000002 0.013410002 0
617 0.0974450100000004 0.01407601 0
618 0.0953092500000006 0.00682100699999999 0
619 0.10434532 0.011714012 0
620 0.10448932 0.011348009 0
621 0.10412931 0.011417002 0
622 0.10566234 0.013024003 0
623 0.10617733 0.013028011 0
624 0.10726499 0.012075007 0
625 0.10692501 0.012144 0
626 0.111783020000001 0.014659003 0
627 0.111511230000001 0.014147014 0
628 0.16895914 0.028609008 0
629 0.16869735 0.02911301 0
630 0.169194220000001 0.029114008 0
631 0.1631093 0.029064 0
632 0.162617200000001 0.029359013 0
633 0.16302108 0.029544011 0
634 0.17115926 0.03011401 0
635 0.17165708 0.03011401 0
636 0.171418190000001 0.02961801 0
637 0.17029094 0.043104008 0
638 0.17050123 0.04347001 0
639 0.170696250000001 0.042989001 0
640 0.17018699 0.029114008 0
641 0.17044735 0.028609008 0
642 0.16995096 0.028609008 0
643 0.17215538 0.03011401 0
644 0.172652240000001 0.03011401 0
645 0.172412390000001 0.02961801 0
646 0.17191505 0.02961801 0
647 0.17266941 0.039799005 0
648 0.17285919 0.040326 0
649 0.17316627 0.039799005 0
650 0.17315006 0.03011401 0
651 0.17291021 0.02961801 0
652 0.174898140000001 0.02961801 0
653 0.17515325 0.02911301 0
654 0.17465639 0.02911301 0
655 0.17306423 0.040999011 0
656 0.173370360000001 0.040337012 0
657 0.17508029 0.047655002 0
658 0.1757884 0.048439011 0
659 0.175938120000001 0.047345013 0
660 0.1776514 0.040913001 0
661 0.172338 0.040295005 0
662 0.17252206 0.040791005 0
663 0.163947100000001 0.029577002 0
664 0.1641941 0.030082003 0
665 0.16444635 0.029597 0
666 0.173610210000001 0.040785 0
667 0.16828012 0.041343004 0
668 0.16836023 0.040776 0
669 0.16789102 0.04094401 0
670 0.16893339 0.02961801 0
671 0.16843605 0.02961801 0
672 0.16916608 0.041622013 0
673 0.16867113 0.041677013 0
674 0.16892623 0.042297006 0
675 0.168755050000001 0.041166008 0
676 0.168581000000001 0.043525011 0
677 0.16871404 0.043881014 0
678 0.168921940000001 0.043487013 0
679 0.17367315 0.054662004 0
680 0.17347431 0.055147007 0
681 0.17425727 0.05512701 0
682 0.173024170000001 0.046046004 0
683 0.173599240000001 0.045719013 0
684 0.17298936 0.045530007 0
685 0.17302322 0.054892004 0
686 0.1724863 0.054641009 0
687 0.1724863 0.055129007 0
688 0.173024170000001 0.061218009 0
689 0.17366123 0.061448008 0
690 0.17352199 0.060952008 0
691 0.17303419 0.054406002 0
692 0.17354011 0.054160014 0
693 0.17301607 0.055886001 0
694 0.17355537 0.056185007 0
695 0.17361402 0.055639014 0
696 0.174365040000001 0.060889006 0
697 0.17422103 0.061890006 0
698 0.174949160000001 0.061570004 0
699 0.17359829 0.060461 0
700 0.178037160000001 0.063726008 0
701 0.177491180000001 0.063941002 0
702 0.17801809 0.064179004 0
703 0.17848634 0.057594002 0
704 0.177958960000001 0.057356 0
705 0.17797803 0.057827011 0
706 0.17848634 0.058080003 0
707 0.177982330000001 0.058313012 0
708 0.17731714 0.056613013 0
709 0.177456370000001 0.057114005 0
710 0.177946090000001 0.056861013 0
711 0.17848634 0.064408005 0
712 0.17798328 0.064660013 0
713 0.175455090000001 0.05735001 0
714 0.1765871 0.057161004 0
715 0.17579603 0.056447 0
716 0.173053260000001 0.052446008 0
717 0.1724863 0.052201003 0
718 0.1724863 0.052689001 0
719 0.18758297 0.045881003 0
720 0.17445802 0.051705003 0
721 0.173612110000001 0.051593006 0
722 0.1884284 0.045112014 0
723 0.18802213 0.044820011 0
724 0.188063140000001 0.045258001 0
725 0.17794418 0.042445004 0
726 0.17691993 0.042291001 0
727 0.17717218 0.043226004 0
728 0.187310210000001 0.041501001 0
729 0.1869893 0.042035014 0
730 0.1875782 0.04191801 0
731 0.183804980000001 0.040790007 0
732 0.183750150000001 0.040040002 0
733 0.183193200000001 0.040427 0
734 0.17636919 0.045506001 0
735 0.17693901 0.046064005 0
736 0.177293300000001 0.045194 0
737 0.18261909 0.040771008 0
738 0.18257904 0.040000007 0
739 0.1843214 0.041552007 0
740 0.18347501 0.04247801 0
741 0.18473434 0.04265 0
742 0.18309021 0.039673001 0
743 0.18674135 0.039685011 0
744 0.18627119 0.039213002 0
745 0.186017990000001 0.039811001 0
746 0.18730926 0.043190003 0
747 0.186464310000001 0.043565005 0
748 0.18734026 0.043875009 0
749 0.1887021 0.044887007 0
750 0.18880415 0.045247004 0
751 0.17795133 0.048593 0
752 0.17848634 0.048832 0
753 0.17848634 0.048346013 0
754 0.18859005 0.045720011 0
755 0.18877697 0.045740009 0
756 0.18861198 0.045484007 0
757 0.18620634 0.038104013 0
758 0.18676805 0.038215012 0
759 0.18674612 0.037605003 0
760 0.18314218 0.038028002 0
761 0.18277311 0.038362012 0
762 0.18337202 0.038635001 0
763 0.18776321 0.037307009 0
764 0.18786239 0.036839009 0
765 0.18740224 0.036919013 0
766 0.184237 0.043492005 0
767 0.18537902 0.043626011 0
768 0.18844318 0.035494 0
769 0.18784618 0.035511002 0
770 0.188257210000001 0.035935 0
771 0.18857908 0.03145501 0
772 0.18814039 0.030723006 0
773 0.187687390000001 0.031512007 0
774 0.188645360000001 0.043490008 0
775 0.1890583 0.04370001 0
776 0.18910121 0.043122009 0
777 0.18579912 0.028578013 0
778 0.185570240000001 0.028114006 0
779 0.18533515 0.02857101 0
780 0.20133733 0.031554014 0
781 0.20081901 0.031170011 0
782 0.200785160000001 0.031846002 0
783 0.189157000000001 0.034961 0
784 0.188616270000001 0.035039008 0
785 0.188979140000001 0.035423011 0
786 0.188836090000001 0.032642007 0
787 0.18833017 0.032110006 0
788 0.188250060000001 0.032731012 0
789 0.184048170000001 0.029963002 0
790 0.18400526 0.030600012 0
791 0.18454933 0.030309007 0
792 0.18259716 0.028114006 0
793 0.182101250000001 0.028114006 0
794 0.18235302 0.028615013 0
795 0.18603706 0.031155005 0
796 0.185686110000001 0.030521006 0
797 0.18727827 0.028639004 0
798 0.1874814 0.029277012 0
799 0.18780422 0.028688014 0
800 0.18905115 0.032086 0
801 0.191294190000001 0.030504003 0
802 0.19083118 0.030837 0
803 0.191376200000001 0.031174004 0
804 0.20044803 0.030554012 0
805 0.200997350000001 0.030582011 0
806 0.19739008 0.030166 0
807 0.19749832 0.030766011 0
808 0.197884080000001 0.030310005 0
809 0.15053939 0.017866001 0
810 0.15030002 0.017408014 0
811 0.150042050000001 0.017984003 0
812 0.20219326 0.029831007 0
813 0.20171737 0.029695005 0
814 0.201879020000001 0.030312002 0
815 0.1818552 0.028611005 0
816 0.175903320000001 0.028609008 0
817 0.17540741 0.028609008 0
818 0.175649160000001 0.02911301 0
819 0.172670360000001 0.02911301 0
820 0.172173020000001 0.029114008 0
821 0.18289804 0.029650003 0
822 0.18260526 0.030125007 0
823 0.1830964 0.030203 0
824 0.15905094 0.020942003 0
825 0.15968227 0.021175012 0
826 0.159679410000001 0.020684004 0
827 0.19460105 0.029097006 0
828 0.19407129 0.02913101 0
829 0.19435739 0.029626012 0
830 0.18648195 0.029186011 0
831 0.185951230000001 0.029735014 0
832 0.18686628 0.029800013 0
833 0.16819524 0.043038011 0
834 0.168655390000001 0.042995006 0
835 0.1681714 0.042541012 0
836 0.1634612 0.029532001 0
837 0.163681980000001 0.029073 0
838 0.164264200000001 0.028114006 0
839 0.16447639 0.028594002 0
840 0.16475915 0.028114006 0
841 0.16694307 0.029617012 0
842 0.167178150000001 0.03011401 0
843 0.167441360000001 0.02961801 0
844 0.161225310000001 0.028976009 0
845 0.16568613 0.03011401 0
846 0.16544818 0.029614002 0
847 0.16518831 0.03011401 0
848 0.17068433 0.029114008 0
849 0.17094326 0.028609008 0
850 0.17167711 0.029114008 0
851 0.17663335 0.03011401 0
852 0.17713117 0.03011401 0
853 0.17688608 0.02961801 0
854 0.17318296 0.028114006 0
855 0.17268705 0.028114006 0
856 0.17292738 0.028609008 0
857 0.15801715 0.022549004 0
858 0.173423290000001 0.028609008 0
859 0.1739192 0.028609008 0
860 0.17367839 0.028114006 0
861 0.15763711 0.018150002 0
862 0.158025260000001 0.017838002 0
863 0.15758895 0.017751009 0
864 0.17415905 0.02911301 0
865 0.17441511 0.028609008 0
866 0.159255020000001 0.020431012 0
867 0.17862939 0.02911301 0
868 0.1791253 0.02911301 0
869 0.17887926 0.028609008 0
870 0.1467514 0.020394013 0
871 0.14728832 0.02001901 0
872 0.14680099 0.019899011 0
873 0.160419940000001 0.028448001 0
874 0.14314508 0.016901002 0
875 0.150789260000001 0.020437002 0
876 0.15167522 0.02087 0
877 0.151377200000001 0.019978002 0
878 0.1505804 0.02268301 0
879 0.15109109 0.022379011 0
880 0.1506381 0.022129014 0
881 0.15831804 0.024937004 0
882 0.15753936 0.024206013 0
883 0.15732336 0.025079012 0
884 0.11913013 0.015142009 0
885 0.11962413 0.015142009 0
886 0.119409080000001 0.014638007 0
887 0.14864826 0.017806009 0
888 0.149076930000001 0.017706007 0
889 0.148886200000001 0.017322004 0
890 0.153941150000001 0.021735013 0
891 0.15438604 0.022344008 0
892 0.15468931 0.021686003 0
893 0.153736110000001 0.021013007 0
894 0.15321826 0.021658004 0
895 0.14772939 0.017749012 0
896 0.14751529 0.017366007 0
897 0.14726734 0.017912001 0
898 0.151906960000001 0.022794009 0
899 0.151827330000001 0.023402006 0
900 0.15227794 0.023091004 0
901 0.15479326 0.020967007 0
902 0.155033110000001 0.020381004 0
903 0.154545300000001 0.02037701 0
904 0.122365950000001 0.014639005 0
905 0.122598170000001 0.015143007 0
906 0.122872350000001 0.014639005 0
907 0.13063812 0.015496001 0
908 0.13064003 0.016154006 0
909 0.131113050000001 0.015800014 0
910 0.12515211 0.013008014 0
911 0.12470436 0.013188005 0
912 0.1250782 0.013533011 0
913 0.120341300000001 0.015638009 0
914 0.12061309 0.015142009 0
915 0.120118140000001 0.015142009 0
916 0.12186813 0.014639005 0
917 0.12210035 0.015143007 0
918 0.11989927 0.014637009 0
919 0.12233209 0.015638009 0
920 0.12401628 0.014643014 0
921 0.124048230000001 0.01523301 0
922 0.122830390000001 0.015638009 0
923 0.12507104 0.014025003 0
924 0.12530613 0.014490009 0
925 0.125594130000001 0.013864011 0
926 0.129519930000001 0.013270006 0
927 0.128746980000001 0.01350601 0
928 0.12931108 0.014067009 0
929 0.126245020000001 0.013853014 0
930 0.126762390000001 0.014136002 0
931 0.13407135 0.016609013 0
932 0.13434696 0.017192006 0
933 0.13458108 0.016598001 0
934 0.12959337 0.012512014 0
935 0.1303482 0.012941003 0
936 0.13228797 0.015353009 0
937 0.13235712 0.015863002 0
938 0.13278722 0.015504003 0
939 0.133047100000001 0.013193012 0
940 0.13269424 0.012695 0
941 0.13242721 0.01315701 0
942 0.136508940000001 0.016621009 0
943 0.13704729 0.016655013 0
944 0.13675832 0.016080007 0
945 0.13859939 0.011611 0
946 0.13836526 0.011132002 0
947 0.13814306 0.011629001 0
948 0.10270023 0.011074007 0
949 0.10222625 0.011205003 0
950 0.10266113 0.011445001 0
951 0.13839912 0.012145013 0
952 0.13788509 0.012125001 0
953 0.13808298 0.012632013 0
954 0.1363902 0.011622012 0
955 0.13680696 0.012050003 0
956 0.13680219 0.011501 0
957 0.13300037 0.016493008 0
958 0.13338899 0.016080007 0
959 0.13294315 0.015943006 0
960 0.13721036 0.01160501 0
961 0.13702631 0.011132002 0
962 0.137349120000001 0.018381 0
963 0.13762617 0.018915013 0
964 0.137856960000001 0.01837501 0
965 0.13968706 0.017193005 0
966 0.13913106 0.017217011 0
967 0.13951206 0.017771006 0
968 0.1409173 0.01832901 0
969 0.14110899 0.018933013 0
970 0.141459940000001 0.018404007 0
971 0.1484003 0.020940006 0
972 0.14807224 0.020558 0
973 0.14798307 0.021162004 0
974 0.146001330000001 0.018426001 0
975 0.146378990000001 0.017861009 0
976 0.14594221 0.017788008 0
977 0.15173006 0.017354012 0
978 0.15195703 0.016915009 0
979 0.15149307 0.016915009 0
980 0.15213298 0.017271012 0
981 0.152043340000001 0.017720014 0
982 0.14190197 0.016572014 0
983 0.14205312 0.016080007 0
984 0.14157199 0.016080007 0
985 0.14725828 0.019371003 0
986 0.146159170000001 0.017362014 0
987 0.145926950000001 0.016915009 0
988 0.1456933 0.017375008 0
989 0.15010213 0.016915009 0
990 0.14963817 0.016915009 0
991 0.149816990000001 0.017400012 0
992 0.14706707 0.017367006 0
993 0.14685535 0.016915009 0
994 0.14660501 0.017357007 0
995 0.152472970000001 0.017489001 0
996 0.15242099 0.016915009 0
997 0.000850200000000356 0.00492601099999998 0
998 0.00537633000000071 0 0
999 0.00512695000000019 0.000419006 0
1000 0.0055603900000003 0.000460013999999981 0
1001 0.00987004999999996 0.002053008 0
1002 0.0101361200000003 0.00287200499999998 0
1003 0.0105180700000007 0.00225999999999998 0
1004 0.00909328000000009 0.004167006 0
1005 0.00871229000000007 0.003298 0
1006 0.00817011999999995 0.00408600299999998 0
1007 0.00470112999999994 0.000404000999999987 0
1008 0.00495195000000059 0 0
1009 0.00434016999999987 0.006532014 0
1010 0.00471209999999989 0.006168008 0
1011 0.00425815000000007 0.006054014 0
1012 0.00706815000000027 0.000826000999999993 0
1013 0.00685405000000028 0.000439002999999993 0
1014 0.00664806000000073 0.00096701099999999 0
1015 0.00856828000000043 0.00045500699999998 0
1016 0.00969218999999999 0.001283005 0
1017 0.01029825 0.000926002999999981 0
1018 0.00990915000000037 0.000749006999999996 0
1019 0.00885725000000015 0.00539600899999998 0
1020 0.00931309999999996 0.00493800699999999 0
1021 0.00866937000000068 0.00478200599999998 0
1022 0.000414370000000552 0.00202301199999999 0
1023 0 0.002449006 0
1024 0.000519270000000738 0.00240100999999998 0
1025 0.000439159999999994 0.00352300699999999 0
1026 0.000929350000000717 0.00376300499999999 0
1027 0.000854960000000737 0.00326400999999998 0
1028 0.00244522000000025 0.00235100099999999 0
1029 0.00206613000000022 0.00201500999999998 0
1030 0.00195312000000047 0.002470002 0
1031 0.000390050000000031 0.00310000799999999 0
1032 0.000733370000000733 0.00281000199999998 0
1033 0.00033234999999987 0.002724007 0
1034 0.000827310000000026 0.00202301199999999 0
1035 0.0014619800000002 0.00248500699999998 0
1036 0.00165319000000075 0.00202301199999999 0
1037 0.000991340000000562 0.00243900699999999 0
1038 0.00236225000000001 0.00295300799999998 0
1039 0.00120639000000011 0.00291301299999999 0
1040 0.00175714000000049 0.00300300199999998 0
1041 0.00117301000000047 0.00467900999999998 0
1042 0.000863070000000299 0.00425299999999998 0
1043 0.000435350000000057 0.00396500599999999 0
1044 0.00623703000000031 0.001530007 0
1045 0.00577735000000068 0.000986009999999982 0
1046 0.00859737000000038 0.001500011 0
1047 0.00789403000000011 0.001531005 0
1048 0.00340223000000073 0.00214800299999998 0
1049 0.00286722000000061 0.00206101 0
1050 0.00293731000000008 0.00265601299999998 0
1051 0.00245618000000025 0.001888007 0
1052 0.0161819400000001 0.00419700199999998 0
1053 0.0166802400000003 0.004200012 0
1054 0.0096583300000006 0.00354100799999998 0
1055 0.0105834000000007 0.00369601 0
1056 0.0117101600000007 0.005417005 0
1057 0.0111222200000007 0.005249009 0
1058 0.0113163000000007 0.00342500199999998 0
1059 0.0113811400000001 0.004089013 0
1060 0.0133290200000005 0.00320001 0
1061 0.0127081800000006 0.00475901399999998 0
1062 0.0121712600000006 0.00428900199999999 0
1063 0.0119180600000002 0.00322900699999998 0
1064 0.0114560100000007 0.00285300599999999 0
1065 0.01568317 0.00419101099999999 0
1066 0.0159802400000002 0.00368900599999999 0
1067 0.0154833700000001 0.00368401399999999 0
1068 0.01796007 0.003697008 0
1069 0.0177531200000001 0.00320001 0
1070 0.0169711100000001 0.003695011 0
1071 0.0164761499999999 0.003693 0
1072 0.01124334 0.000246003999999994 0
1073 0.0109443599999999 0 0
1074 0.0149850800000007 0.00367900799999998 0
1075 0.0152950199999999 0.00320001 0
1076 0.0182452200000007 0.00320001 0
1077 0.0181660600000004 0.00420200899999998 0
1078 0.0184531200000002 0.003697008 0
1079 0.0192279800000001 0.00320001 0
1080 0.0111060100000007 0.00236700499999998 0
1081 0.01084423 0.00291301299999999 0
1082 0.0118770600000007 0.003749013 0
1083 0.0128402699999999 0.00316101299999999 0
1084 0.0083193700000006 0.00537100499999998 0
1085 0.00744104000000068 0.00229100899999998 0
1086 0.00664520000000035 0.00214800299999998 0
1087 0.00671529000000071 0.003029004 0
1088 0.00957107000000068 0.000704005999999979 0
1089 0.00973033000000001 0.000352009999999986 0
1090 0.0108871400000004 0.001808003 0
1091 0.01079702 0.00122800499999998 0
1092 0.0103321000000003 0.00157400999999999 0
1093 0.00930929000000003 0.00266501299999999 0
1094 0.00919103000000021 0.001866013 0
1095 0.0074892000000002 0.00096300299999999 0
1096 0.00706434000000034 0.00149001199999999 0
1097 0.00912714000000037 0.001287014 0
1098 0.00899314000000029 0.000422999999999979 0
1099 0.00881099000000063 0.000903010999999981 0
1100 0.00937414000000025 0.000383004999999992 0
1101 0.0113883000000001 0.001949013 0
1102 0.0112643200000004 0.001475007 0
1103 0.01124334 0.000492006999999989 0
1104 0.0383982600000001 0.00320001 0
1105 0.0379061700000003 0.00320001 0
1106 0.0413470199999999 0.00320001 0
1107 0.02955007 0.00320001 0
1108 0.0290579800000001 0.00320001 0
1109 0.0292983000000007 0.00369601 0
1110 0.0327501300000002 0.00369601 0
1111 0.0371871000000006 0.00369601 0
1112 0.0374150200000001 0.00320001 0
1113 0.0449352200000002 0.000431000999999986 0
1114 0.0450310700000003 0.000865012999999998 0
1115 0.0454659400000006 0.00185400299999999 0
1116 0.0445489800000001 0.001116008 0
1117 0.0449991199999999 0.00144000399999999 0
1118 0.0457062700000002 0.00275900999999998 0
1119 0.04571199 0.00232200399999999 0
1120 0.0466260900000002 0.001895011 0
1121 0.0470771700000006 0.00184600099999999 0
1122 0.0445489800000001 0.000624000999999985 0
1123 0.0456881500000001 0.000410005999999991 0
1124 0.0458741100000006 0 0
1125 0.0464510900000006 0.000383004999999992 0
1126 0.0468273100000003 0.000412002999999994 0
1127 0.0466251300000007 0 0
1128 0.0483360200000007 0.000436007999999988 0
1129 0.0481262200000003 0 0
1130 0.0479259400000007 0.000419006 0
1131 0.0471639600000007 0.000837012999999998 0
1132 0.0476832300000005 0.00088000299999999 0
1133 0.04752826 0.000426009999999977 0
1134 0.0736851600000001 0.00676700499999999 0
1135 0.07391405 0.00726300499999999 0
1136 0.0863881100000006 0.006659001 0
1137 0.0511703400000005 0.000429004999999982 0
1138 0.0510849900000006 0.00080101199999999 0
1139 0.0514712300000006 0.00065301399999998 0
1140 0.0500130600000004 0.00168800399999999 0
1141 0.0500211699999999 0.00127100999999999 0
1142 0.0504312499999999 0.00190500899999999 0
1143 0.0504121700000004 0.00143000499999998 0
1144 0.0503230100000005 0.000918001000000002 0
1145 0.04980897 0.000903010999999981 0
1146 0.0454583099999999 0.00123201299999998 0
1147 0.0454673699999999 0.000773012999999989 0
1148 0.0462493900000007 0 0
1149 0.0458831700000006 0.000877007999999985 0
1150 0.0473752000000003 0 0
1151 0.0471763599999999 0.000330999999999998 0
1152 0.0487513500000007 0.00184300599999998 0
1153 0.0485253300000004 0.00143501199999999 0
1154 0.0322632700000005 0.00470401399999998 0
1155 0.0320119800000001 0.004200012 0
1156 0.0317673599999999 0.00470401399999998 0
1157 0.0369582099999999 0.004200012 0
1158 0.0372242900000002 0.00470401399999998 0
1159 0.03745317 0.004200012 0
1160 0.0329914000000002 0.00320001 0
1161 0.0332431700000004 0.00369601 0
1162 0.0334820700000007 0.00320001 0
1163 0.0366940500000004 0.00369601 0
1164 0.0406422600000003 0.003693 0
1165 0.0408553999999999 0.00320001 0
1166 0.0403642600000005 0.00320001 0
1167 0.0401473000000001 0.003694013 0
1168 0.0474343300000006 0.00537000599999998 0
1169 0.0468521100000006 0.00544600199999998 0
1170 0.0472311900000006 0.005776003 0
1171 0.0477032600000005 0.002305001 0
1172 0.0474743800000006 0.001943007 0
1173 0.0483703600000007 0.005220011 0
1174 0.0487561200000002 0.00534599999999999 0
1175 0.0357360800000004 0.00470401399999998 0
1176 0.03596925 0.004200012 0
1177 0.0354743000000006 0.004200012 0
1178 0.0362010000000001 0.00369601 0
1179 0.0364322600000007 0.00320001 0
1180 0.0359401699999999 0.00320001 0
1181 0.0362319900000001 0.00470401399999998 0
1182 0.0359983399999999 0.005200014 0
1183 0.0357079499999999 0.00369601 0
1184 0.0467071500000005 0.00490500099999999 0
1185 0.0470123200000003 0.00446501399999999 0
1186 0.0465850800000007 0.004464001 0
1187 0.0287899899999999 0.00470401399999998 0
1188 0.0285501400000001 0.004200012 0
1189 0.0282940800000002 0.00470401399999998 0
1190 0.03053331 0.00320001 0
1191 0.0302844000000002 0.00369601 0
1192 0.0307769700000007 0.00369601 0
1193 0.0288052500000004 0.00369601 0
1194 0.0285673100000006 0.00320001 0
1195 0.0302782000000006 0.00470401399999998 0
1196 0.0300340600000002 0.004200012 0
1197 0.02978229 0.00470401399999998 0
1198 0.0290451000000003 0.004200012 0
1199 0.0315179800000003 0.004200012 0
1200 0.03127002 0.00369601 0
1201 0.0310230200000001 0.004200012 0
1202 0.0307750700000007 0.00470401399999998 0
1203 0.0305290200000004 0.004200012 0
1204 0.0325069400000002 0.004200012 0
1205 0.0317640300000006 0.00369601 0
1206 0.0248613300000002 0.00369601 0
1207 0.0251259800000003 0.00320001 0
1208 0.0246353100000007 0.00320001 0
1209 0.0105953200000002 0 0
1210 0.0104494100000005 0.000403001999999986 0
1211 0.0275611800000002 0.004200012 0
1212 0.0266013100000002 0.00320001 0
1213 0.0230603199999999 0.005200014 0
1214 0.0233330700000005 0.00470401399999998 0
1215 0.0228371599999999 0.00470401399999998 0
1216 0.0250501600000002 0.005200014 0
1217 0.0255479800000007 0.005200014 0
1218 0.02531719 0.00470401399999998 0
1219 0.0263400000000003 0.00369601 0
1220 0.0258131000000006 0.00470401399999998 0
1221 0.02436828 0.00369601 0
1222 0.0510921400000006 0.00617000499999998 0
1223 0.0508370400000002 0.005665005 0
1224 0.05060339 0.00617700799999998 0
1225 0.0479240400000007 0.00532400599999999 0
1226 0.0476770399999999 0.00490300399999999 0
1227 0.0514583499999999 0.00604601199999999 0
1228 0.0515432300000001 0.006635011 0
1229 0.0509142800000006 0.00664500899999998 0
1230 0.0565533600000006 0.00779001399999998 0
1231 0.0568709300000005 0.00828300399999998 0
1232 0.0570502200000007 0.00778000099999998 0
1233 0.0580172500000007 0.007744 0
1234 0.0584301900000002 0.008191005 0
1235 0.0584301900000002 0.00762501399999999 0
1236 0.0652370400000004 0.007770002 0
1237 0.0657320000000006 0.007770002 0
1238 0.0655269600000006 0.00726500199999999 0
1239 0.0660200099999999 0.00726500199999999 0
1240 0.0658121100000004 0.00676800299999999 0
1241 0.0667963 0.00676800299999999 0
1242 0.0663042000000003 0.00676800299999999 0
1243 0.0665130600000001 0.00726500199999999 0
1244 0.07193994 0.00726300499999999 0
1245 0.0717172600000007 0.00676700499999999 0
1246 0.0736083900000004 0.00876700899999999 0
1247 0.0741062100000001 0.00876700899999999 0
1248 0.0726580600000002 0.00776700699999999 0
1249 0.07292699 0.00726300499999999 0
1250 0.0734200400000002 0.00726300499999999 0
1251 0.0731930700000003 0.00676700499999999 0
1252 0.0813031200000003 0.007330001 0
1253 0.0815591800000002 0.00676700499999999 0
1254 0.08106613 0.00676700499999999 0
1255 0.0848813000000002 0.007052005 0
1256 0.08530616 0.00754301299999999 0
1257 0.0853752999999999 0.00689400799999998 0
1258 0.0911560000000007 0.00794001 0
1259 0.0913043 0.00734500599999999 0
1260 0.0906720100000005 0.00753200099999998 0
1261 0.0888371399999999 0.00576500599999999 0
1262 0.0893292400000005 0.00576500599999999 0
1263 0.0895819600000003 0.00623500399999999 0
1264 0.0898213300000004 0.00576500599999999 0
1265 0.0894413000000007 0.00730601 0
1266 0.0898232400000003 0.006741003 0
1267 0.0932650500000003 0.00576500599999999 0
1268 0.0935673700000006 0.00638000699999999 0
1269 0.0849771500000003 0.00645700099999999 0
1270 0.0844984000000002 0.00656700199999999 0
1271 0.0835251800000005 0.006715 0
1272 0.08334493 0.00731401199999998 0
1273 0.0907793000000003 0.00687800399999999 0
1274 0.0901679900000003 0.007189006 0
1275 0.0905570899999999 0.006272003 0
1276 0.0903129500000004 0.00576500599999999 0
1277 0.0900630900000001 0.00623300699999998 0
1278 0.0945520399999999 0.00618401199999999 0
1279 0.0947422900000001 0.00576500599999999 0
1280 0.0949592500000005 0.00611700099999998 0
1281 0.0797681800000003 0.007305011 0
1282 0.0795903200000003 0.00676700499999999 0
1283 0.07931709 0.00717300199999998 0
1284 0.0800819400000004 0.00676700499999999 0
1285 0.0786709700000001 0.00779201099999999 0
1286 0.0789103500000001 0.00834600699999999 0
1287 0.0792822800000001 0.007769004 0
1288 0.07067918 0.00776700699999999 0
1289 0.0702409700000004 0.00676700499999999 0
1290 0.0736470200000001 0.00776700699999999 0
1291 0.0731530100000004 0.00776700699999999 0
1292 0.0711731900000006 0.00776700699999999 0
1293 0.0716681399999999 0.00776700699999999 0
1294 0.0714473700000005 0.00726300499999999 0
1295 0.0768761600000003 0.00726400299999999 0
1296 0.0771303100000003 0.00676700499999999 0
1297 0.0766382200000004 0.00676700499999999 0
1298 0.0783700899999999 0.007272005 0
1299 0.0781140300000001 0.00676700499999999 0
1300 0.0778703600000004 0.00726900999999999 0
1301 0.0753650600000002 0.008271009 0
1302 0.0755991900000001 0.00876700899999999 0
1303 0.0758624000000001 0.008271009 0
1304 0.0953111600000005 0.006328002 0
1305 0.0957260099999999 0.00665500799999999 0
1306 0.0957260099999999 0.00620999999999999 0
1307 0.0863790500000006 0.00729601099999999 0
1308 0.0847573200000005 0.007716 0
1309 0.0842351900000002 0.00771701399999999 0
1310 0.0902709900000005 0.00837801399999999 0
1311 0.0900139800000002 0.007826001 0
1312 0.08976221 0.00845600699999999 0
1313 0.0878543800000005 0.00581400099999999 0
1314 0.0928082400000001 0.011222005 0
1315 0.0925641000000006 0.010737002 0
1316 0.0923271100000003 0.011230007 0
1317 0.0704021400000006 0.008272007 0
1318 0.07122516 0.00676700499999999 0
1319 0.0758881499999999 0.00726300499999999 0
1320 0.0763821600000005 0.00726300499999999 0
1321 0.0790700900000001 0.00895200699999998 0
1322 0.0794563200000002 0.00842501299999998 0
1323 0.0756273200000006 0.00776700699999999 0
1324 0.0788693400000007 0.007275001 0
1325 0.0630612300000006 0.00726701299999999 0
1326 0.0599842000000006 0.008274004 0
1327 0.0594840000000003 0.00826801399999999 0
1328 0.05967521 0.00876800699999999 0
1329 0.0696892700000005 0.00776800499999999 0
1330 0.0691943100000003 0.00776800499999999 0
1331 0.0667209600000005 0.007769004 0
1332 0.0664329500000003 0.008272007 0
1333 0.0669293400000006 0.008272007 0
1334 0.0552272800000004 0.007307008 0
1335 0.0549392700000002 0.008388013 0
1336 0.0546979900000002 0.00876800699999999 0
1337 0.0551962800000005 0.00876800699999999 0
1338 0.0596141800000005 0.00726300499999999 0
1339 0.0599083900000004 0.00676800299999999 0
1340 0.0594153400000001 0.00676800299999999 0
1341 0.0620751300000002 0.00726801199999999 0
1342 0.0598053900000002 0.007773012 0
1343 0.0602960500000007 0.007776007 0
1344 0.0601043700000004 0.00726701299999999 0
1345 0.0511312400000001 0.00712600399999999 0
1346 0.0494370399999999 0.006919012 0
1347 0.0494251200000004 0.00645901299999999 0
1348 0.0490384100000005 0.00665700499999999 0
1349 0.05252838 0.00675000299999998 0
1350 0.0520873000000002 0.00654000099999999 0
1351 0.05209112 0.00705900799999998 0
1352 0.0555291100000002 0.00781901199999999 0
1353 0.0560493400000004 0.00780201 0
1354 0.0553779600000004 0.008306012 0
1355 0.0556941000000002 0.00876800699999999 0
1356 0.0558733900000004 0.00829701199999999 0
1357 0.0491471200000007 0.00610001399999999 0
1358 0.0490679700000003 0.005641014 0
1359 0.0486841199999999 0.00587101299999998 0
1360 0.0485920900000005 0.00695000599999998 0
1361 0.04902315 0.00719800599999998 0
1362 0.0459022500000001 0.00567100999999998 0
1363 0.0463733600000005 0.005832002 0
1364 0.0463290199999999 0.005310014 0
1365 0.0477461800000007 0.005861014 0
1366 0.0481991700000002 0.00614500099999998 0
1367 0.04828834 0.005635009 0
1368 0.04728698 0.00622500499999998 0
1369 0.0477271000000004 0.00645700099999999 0
1370 0.04864406 0.006390006 0
1371 0.0481610300000002 0.00670200599999998 0
1372 0.0263090100000003 0.00470401399999998 0
1373 0.0265722200000003 0.004200012 0
1374 0.0320172300000001 0.005200014 0
1375 0.0345053600000007 0.005200014 0
1376 0.040699 0.00470299999999998 0
1377 0.0404772700000002 0.005200014 0
1378 0.04445123 0.005327002 0
1379 0.0448360400000007 0.004885003 0
1380 0.0443091300000003 0.00476101099999998 0
1381 0.0452523200000003 0.00448401299999998 0
1382 0.0457811299999999 0.004634008 0
1383 0.0456933900000003 0.00414800699999998 0
1384 0.0478672900000001 0.00446501399999999 0
1385 0.0481743800000007 0.00486901399999998 0
1386 0.0434632300000004 0.005217001 0
1387 0.0432310100000004 0.00467500099999998 0
1388 0.0429654099999999 0.00520201099999998 0
1389 0.0438313400000006 0.003474012 0
1390 0.04329538 0.003056005 0
1391 0.04535102 0.00501801099999999 0
1392 0.04515695 0.00392800599999998 0
1393 0.0451860399999999 0.00340200999999998 0
1394 0.0235571800000001 0.005200014 0
1395 0.0240550000000006 0.005200014 0
1396 0.0243253700000006 0.00470401399999998 0
1397 0.0364961600000004 0.005200014 0
1398 0.0399789799999999 0.005200014 0
1399 0.0394821100000007 0.005200014 0
1400 0.0387129700000006 0.00470401399999998 0
1401 0.03844213 0.004200012 0
1402 0.0382161100000005 0.00470401399999998 0
1403 0.0265431400000002 0.005200014 0
1404 0.0268063500000002 0.00470401399999998 0
1405 0.0280561400000003 0.004200012 0
1406 0.0290312699999999 0.005200014 0
1407 0.0292863800000003 0.00470401399999998 0
1408 0.0170879300000006 0.005200014 0
1409 0.0160932499999999 0.005200014 0
1410 0.0185813900000005 0.005200014 0
1411 0.0190792000000002 0.005200014 0
1412 0.0188679700000005 0.00470501199999998 0
1413 0.01936435 0.00470501199999998 0
1414 0.0195760700000003 0.005200014 0
1415 0.0218453400000005 0.00470401399999998 0
1416 0.0231113400000007 0.004200012 0
1417 0.0226163800000005 0.004200012 0
1418 0.0245532900000001 0.005200014 0
1419 0.00186920000000068 0.00513801 0
1420 0.00165319000000075 0.00468300299999999 0
1421 0.00146007000000026 0.005111009 0
1422 0.000746250000000614 0.005217001 0
1423 0.000435350000000057 0.00515601099999999 0
1424 0.000548360000000692 0.00534701399999998 0
1425 0.0155949500000006 0.005200014 0
1426 0.0158891600000004 0.00470299999999998 0
1427 0.0153880100000006 0.004698009 0
1428 0.01488494 0.004692003 0
1429 0.0146732300000005 0.00417301099999998 0
1430 0.0143752100000007 0.00468400199999999 0
1431 0.000173090000000542 0.00517800499999999 0
1432 0.000237939999999881 0.00496000099999999 0
1433 0.000372410000000656 0.00437800599999999 0
1434 0.0114540999999999 0.010133013 0
1435 0.0116119299999999 0.00642099999999998 0
1436 0.01186227 0.00599001399999999 0
1437 0.0114540999999999 0.010382012 0
1438 0.0150980900000004 0.005200014 0
1439 0.000713339999999896 0.00552301099999999 0
1440 0.00034523000000064 0.00535000899999999 0
1441 0.00300931000000038 0.004662007 0
1442 0.00271320000000053 0.00511901099999998 0
1443 0.00316618999999996 0.00514700999999998 0
1444 0.00207424000000067 0.00478801199999998 0
1445 0.0020699500000001 0.00430001299999999 0
1446 0.00385999000000048 0.00603701199999998 0
1447 0.00402021000000019 0.00562301299999998 0
1448 0.00360535999999989 0.00573800499999999 0
1449 0.00325393000000052 0.005559013 0
1450 0.00363731000000023 0.005304009 0
1451 0.00621128000000049 0.00482100299999999 0
1452 0.00558900000000051 0.00432801299999999 0
1453 0.00754499000000042 0.004670009 0
1454 0.00725317000000025 0.00389400199999998 0
1455 0.00573110000000021 0.005719006 0
1456 0.00688028000000074 0.00467200599999998 0
1457 0.00641632000000047 0.003996 0
1458 0.01147937 0.00689901399999998 0
1459 0.01013135 0.00577799999999998 0
1460 0.0126333199999999 0.00537601099999999 0
1461 0.0131082500000002 0.00523000999999998 0
1462 0.00397825000000029 0.006411001 0
1463 0.0046672800000005 0.007859007 0
1464 0.00511312000000075 0.00753900399999999 0
1465 0.00463104000000047 0.00744800299999998 0
1466 0.0066952700000007 0.00534300499999998 0
1467 0.00617599000000002 0.005493 0
1468 0.00656604000000005 0.00586600599999998 0
1469 0.0563721600000004 0.00829000799999999 0
1470 0.0581822400000007 0.00876800699999999 0
1471 0.0586791 0.00876800699999999 0
1472 0.0591301900000003 0.00725500299999998 0
1473 0.05449533 0.008278013 0
1474 0.0539760500000002 0.00822600799999998 0
1475 0.0534563000000006 0.00819900699999998 0
1476 0.0530362100000001 0.00773100599999998 0
1477 0.0614719300000006 0.008275003 0
1478 0.06097602 0.00827600099999998 0
1479 0.0611681900000001 0.00876800699999999 0
1480 0.0654401700000005 0.008273006 0
1481 0.06177616 0.007774011 0
1482 0.0619683200000001 0.008275003 0
1483 0.0662260000000003 0.007769004 0
1484 0.0641531900000007 0.00876800699999999 0
1485 0.0639519600000007 0.008274004 0
1486 0.0636563300000006 0.00876800699999999 0
1487 0.0634560500000001 0.008274004 0
1488 0.0671391400000001 0.00876700899999999 0
1489 0.0666422799999999 0.00876700899999999 0
1490 0.0649442600000008 0.008273006 0
1491 0.0672163900000005 0.007769004 0
1492 0.0674252500000003 0.008272007 0
1493 0.0689129800000003 0.008272007 0
1494 0.0694103200000002 0.008272007 0
1495 0.0687003100000005 0.00776800499999999 0
1496 0.0776200300000003 0.007777006 0
1497 0.0773553800000002 0.008278013 0
1498 0.0778594000000004 0.00829300299999999 0
1499 0.0892434099999999 0.00800999999999999 0
1500 0.0906491200000001 0.00809501099999999 0
1501 0.0910530000000005 0.00839801199999998 0
1502 0.0915479600000006 0.00629501099999999 0
1503 0.0912971499999999 0.00576500599999999 0
1504 0.0910420400000005 0.00628900599999999 0
1505 0.09537029 0.011701003 0
1506 0.0956001200000003 0.011174009 0
1507 0.0907273200000001 0.00867100099999998 0
1508 0.0944161399999999 0.00716499999999998 0
1509 0.0953302300000001 0.00810000299999999 0
1510 0.0957260099999999 0.00710000099999999 0
1511 0.0952892300000006 0.00729000599999999 0
1512 0.0677104000000002 0.007769004 0
1513 0.0760970100000007 0.00876700899999999 0
1514 0.0748682000000001 0.008271009 0
1515 0.0896763800000002 0.00904300799999999 0
1516 0.0892043100000004 0.00865501199999999 0
1517 0.0880532199999999 0.00689901399999998 0
1518 0.0876350400000003 0.006387011 0
1519 0.0933322900000002 0.00839801199999998 0
1520 0.0931081700000007 0.00781400499999998 0
1521 0.0928874000000004 0.00839801199999998 0
1522 0.0706233900000006 0.00876700899999999 0
1523 0.0708980500000003 0.008271009 0
1524 0.0768561300000004 0.008273006 0
1525 0.0771183899999999 0.007771001 0
1526 0.0780863700000003 0.00881201099999998 0
1527 0.0783729500000003 0.00831900599999999 0
1528 0.0511970500000007 0.007693008 0
1529 0.0512709600000001 0.00825300799999998 0
1530 0.0591773900000003 0.00876800699999999 0
1531 0.0571870800000003 0.00876800699999999 0
1532 0.0573730399999999 0.008273006 0
1533 0.0524291900000007 0.00759001099999998 0
1534 0.05209493 0.00802001399999999 0
1535 0.0537042599999999 0.00874000799999999 0
1536 0.0532083500000002 0.008694008 0
1537 0.0109343500000003 0.009220004 0
1538 0.0104031500000001 0.00956000399999998 0
1539 0.0109891800000002 0.00970700399999999 0
1540 0.0542011200000001 0.00876200199999999 0
1541 0.00431107999999991 0.007580012 0
1542 0.00398634999999992 0.008018002 0
1543 0.00425815000000007 0.00787501099999999 0
1544 0.00398634999999992 0.007715002 0
1545 0.00608635000000035 0.00701901299999999 0
1546 0.00560712000000052 0.00726801199999999 0
1547 0.0104131700000005 0.00900700699999998 0
1548 0.00982093000000006 0.00725200799999998 0
1549 0.00982332000000063 0.006746009 0
1550 0.00935506000000075 0.007073 0
1551 0.00398634999999992 0.00870001299999998 0
1552 0.00429725000000047 0.00894901199999998 0
1553 0.00573635000000028 0.00938201 0
1554 0.00608635000000035 0.00914500699999998 0
1555 0.00583124000000002 0.00906600099999999 0
1556 0.0053582100000007 0.00854700799999999 0
1557 0.00526237000000052 0.00897900799999998 0
1558 0.00431822999999998 0.008554012 0
1559 0.00503635000000013 0.00938201 0
1560 0.00560426000000014 0.007775009 0
1561 0.08687925 0.00789900199999999 0
1562 0.0877680700000001 0.00773701099999999 0
1563 0.0844182900000003 0.010250002 0
1564 0.0840063100000004 0.010563001 0
1565 0.0844492900000002 0.010791004 0
1566 0.0859293900000004 0.00806000899999998 0
1567 0.0892310100000007 0.010681004 0
1568 0.0898289600000002 0.010885001 0
1569 0.0896940200000005 0.010246009 0
1570 0.0844273500000003 0.008528009 0
1571 0.0838379800000002 0.00923301299999998 0
1572 0.0846772100000006 0.009523005 0
1573 0.0884842800000003 0.010501013 0
1574 0.0877113300000003 0.010482014 0
1575 0.0881433400000002 0.011301011 0
1576 0.0907263700000005 0.00961500399999998 0
1577 0.0907263700000005 0.00914300999999998 0
1578 0.0871372200000007 0.012246013 0
1579 0.08374214 0.00791600399999998 0
1580 0.0840373000000003 0.00993300999999999 0
1581 0.0870709400000003 0.00970800299999999 0
1582 0.0862970299999999 0.010286004 0
1583 0.0862769999999999 0.011725009 0
1584 0.0866951900000004 0.012007013 0
1585 0.0102100300000005 0.010005012 0
1586 0.0835800100000004 0.010347009 0
1587 0.08362436 0.010893002 0
1588 0.0861320500000007 0.00954601199999999 0
1589 0.0871191000000007 0.01279901 0
1590 0.0854811600000005 0.009971008 0
1591 0.0857939700000001 0.010755003 0
1592 0.0863103800000005 0.011059001 0
1593 0.0858211500000001 0.011448011 0
1594 0.0853424 0.011243001 0
1595 0.0866823200000004 0.01256001 0
1596 0.0888142500000004 0.01185301 0
1597 0.0875563600000007 0.013037011 0
1598 0.0880322400000004 0.012711004 0
1599 0.0889382300000001 0.013208002 0
1600 0.0894961300000006 0.012903005 0
1601 0.08900737 0.012574002 0
1602 0.0884871400000007 0.012447 0
1603 0.0884842800000003 0.012967006 0
1604 0.0907502100000004 0.010555014 0
1605 0.0907263700000005 0.010087014 0
1606 0.0902543000000007 0.010412008 0
1607 0.0894370000000002 0.01140301 0
1608 0.08973312 0.013780013 0
1609 0.0920233700000006 0.014325008 0
1610 0.0919632900000007 0.012933001 0
1611 0.0901789600000003 0.014464006 0
1612 0.0906233700000003 0.014688 0
1613 0.0897412300000004 0.014228002 0
1614 0.0940990400000006 0.014524013 0
1615 0.0942974000000003 0.015060008 0
1616 0.0967221199999999 0.015155003 0
1617 0.0969409900000002 0.014566005 0
1618 0.09591817 0.013896004 0
1619 0.09674739 0.013891012 0
1620 0.10441732 0.015638009 0
1621 0.10391902 0.015638009 0
1622 0.09746933 0.014661014 0
1623 0.0944652500000007 0.015627012 0
1624 0.0963912000000002 0.01432401 0
1625 0.0971612900000007 0.012162 0
1626 0.0971102699999999 0.012773007 0
1627 0.0979990900000001 0.014520005 0
1628 0.0980091100000005 0.013949007 0
1629 0.10048818 0.014107004 0
1630 0.09474611 0.013021007 0
1631 0.0951161300000001 0.012344003 0
1632 0.0948519700000006 0.011756003 0
1633 0.0943193400000002 0.012261004 0
1634 0.0976920100000003 0.012412012 0
1635 0.0965452100000004 0.011216 0
1636 0.0982260699999999 0.011674002 0
1637 0.0970110800000006 0.011192009 0
1638 0.0967931700000007 0.011745006 0
1639 0.0888142500000004 0.011162013 0
1640 0.0918793600000001 0.012306005 0
1641 0.0901823000000004 0.011534006 0
1642 0.0896172499999999 0.012141005 0
1643 0.0903563500000004 0.010904014 0
1644 0.0907831100000003 0.011152014 0
1645 0.0934891700000007 0.012250006 0
1646 0.0911493300000004 0.010737002 0
1647 0.0913090700000003 0.011236012 0
1648 0.0916199600000001 0.010737002 0
1649 0.0946631400000006 0.011197001 0
1650 0.0944509500000006 0.010737002 0
1651 0.0941863000000005 0.011188001 0
1652 0.0988202100000004 0.013638005 0
1653 0.09847831 0.014083013 0
1654 0.0986151700000004 0.014621005 0
1655 0.10192918 0.015638009 0
1656 0.10164022 0.015129 0
1657 0.10143137 0.015638009 0
1658 0.10145902 0.014129013 0
1659 0.10097026 0.01412201 0
1660 0.10319519 0.015139014 0
1661 0.107438080000001 0.014585004 0
1662 0.106770030000001 0.014561013 0
1663 0.10623741 0.015066013 0
1664 0.10570812 0.015082002 0
1665 0.103167050000001 0.013280005 0
1666 0.10265016 0.013459012 0
1667 0.10310602 0.014013008 0
1668 0.11347627 0.014137 0
1669 0.10342216 0.015638009 0
1670 0.10292434 0.015638009 0
1671 0.10116338 0.013638005 0
1672 0.100694180000001 0.013638005 0
1673 0.11456537 0.015137002 0
1674 0.115203380000001 0.014611006 0
1675 0.11492109 0.014124006 0
1676 0.11538028 0.014096007 0
1677 0.0992040599999999 0.015252009 0
1678 0.0989432300000006 0.015638009 0
1679 0.0969533900000004 0.015638009 0
1680 0.1001544 0.015133009 0
1681 0.0992169299999999 0.014725 0
1682 0.0999383900000002 0.015638009 0
1683 0.0996470400000007 0.015158013 0
1684 0.100436210000001 0.015638009 0
1685 0.10093402 0.015638009 0
1686 0.172996990000001 0.064599008 0
1687 0.17296123 0.064116001 0
1688 0.1724863 0.064401001 0
1689 0.17301797 0.062699005 0
1690 0.17362403 0.062435001 0
1691 0.17300701 0.062205002 0
1692 0.1076951 0.015158013 0
1693 0.107991210000001 0.014729008 0
1694 0.10965538 0.015127003 0
1695 0.10912418 0.015092001 0
1696 0.10939312 0.015638009 0
1697 0.112576000000001 0.015154004 0
1698 0.109949110000001 0.014141009 0
1699 0.11010408 0.014698014 0
1700 0.11047601 0.014159009 0
1701 0.11138439 0.015638009 0
1702 0.11157703 0.01516001 0
1703 0.112781040000001 0.014649004 0
1704 0.112877360000001 0.015638009 0
1705 0.11337518 0.015638009 0
1706 0.1130743 0.015151009 0
1707 0.11486721 0.015638009 0
1708 0.11387205 0.015638009 0
1709 0.11406612 0.015144006 0
1710 0.119843960000001 0.015638009 0
1711 0.123825070000001 0.015638009 0
1712 0.12679815 0.015833006 0
1713 0.127283090000001 0.015940011 0
1714 0.12714004 0.015323013 0
1715 0.12906694 0.014704004 0
1716 0.128522390000001 0.014318005 0
1717 0.13222122 0.01775901 0
1718 0.13274002 0.017476008 0
1719 0.13218402 0.017302007 0
1720 0.132539270000001 0.016322002 0
1721 0.13197612 0.016371012 0
1722 0.132457250000001 0.016860009 0
1723 0.13137912 0.017371014 0
1724 0.133114330000001 0.017028004 0
1725 0.13178014 0.018029005 0
1726 0.13483333 0.016080007 0
1727 0.13304424 0.017999009 0
1728 0.13636493 0.017840013 0
1729 0.136837 0.018367008 0
1730 0.13705921 0.017782003 0
1731 0.13488197 0.018410012 0
1732 0.13464307 0.018836007 0
1733 0.135138980000001 0.018884003 0
1734 0.131704330000001 0.015738011 0
1735 0.13435125 0.016080007 0
1736 0.127887240000001 0.014338002 0
1737 0.12806415 0.014928013 0
1738 0.128673070000001 0.015773014 0
1739 0.12916421 0.015991003 0
1740 0.129158970000001 0.015315011 0
1741 0.129638190000001 0.016235009 0
1742 0.12965917 0.015571013 0
1743 0.13059997 0.016737014 0
1744 0.12083911 0.015638009 0
1745 0.12088108 0.014638007 0
1746 0.12038993 0.014638007 0
1747 0.12450218 0.015091002 0
1748 0.124321930000001 0.015638009 0
1749 0.12482023 0.015638009 0
1750 0.11725616 0.014134005 0
1751 0.11677312 0.01413101 0
1752 0.11696815 0.014638007 0
1753 0.118636130000001 0.015142009 0
1754 0.118848320000001 0.015638009 0
1755 0.11745405 0.014640004 0
1756 0.121143340000001 0.014133007 0
1757 0.12137317 0.014638007 0
1758 0.12110805 0.015142009 0
1759 0.12973022 0.014786005 0
1760 0.132791040000001 0.013578013 0
1761 0.13228416 0.013715014 0
1762 0.13018894 0.013945014 0
1763 0.13103628 0.014322013 0
1764 0.13100719 0.013502002 0
1765 0.13278722 0.01502201 0
1766 0.13228416 0.014818013 0
1767 0.127506250000001 0.014788002 0
1768 0.13012695 0.015284002 0
1769 0.13050317 0.014785007 0
1770 0.13121223 0.015122012 0
1771 0.13169336 0.01458101 0
1772 0.12464714 0.013772011 0
1773 0.12640905 0.013132006 0
1774 0.12682294 0.013571009 0
1775 0.126891130000001 0.012908012 0
1776 0.125318050000001 0.015651003 0
1777 0.12557315 0.015089006 0
1778 0.12502908 0.015060008 0
1779 0.12545633 0.013318003 0
1780 0.12560033 0.012827009 0
1781 0.13177394 0.013246 0
1782 0.1316781 0.013928011 0
1783 0.13066625 0.01220201 0
1784 0.130409240000001 0.011625007 0
1785 0.13009214 0.012148008 0
1786 0.115125170000001 0.013638005 0
1787 0.12236404 0.013638005 0
1788 0.122616290000001 0.014133007 0
1789 0.122847080000001 0.013638005 0
1790 0.11464214 0.013638005 0
1791 0.11891937 0.014638007 0
1792 0.12332916 0.013620004 0
1793 0.123119350000001 0.014127001 0
1794 0.12364625 0.014103011 0
1795 0.123402110000001 0.01463601 0
1796 0.11601734 0.014610008 0
1797 0.111271380000001 0.014665008 0
1798 0.11100435 0.014147014 0
1799 0.11298894 0.014138013 0
1800 0.11174631 0.013638005 0
1801 0.112712380000001 0.013638005 0
1802 0.11319398 0.013638005 0
1803 0.102971070000001 0.014665008 0
1804 0.10462427 0.011949003 0
1805 0.10425806 0.012157008 0
1806 0.104647160000001 0.012375012 0
1807 0.10900306 0.014073 0
1808 0.10886001 0.01354 0
1809 0.1084752 0.013920009 0
1810 0.111264220000001 0.013638005 0
1811 0.10549211 0.012513012 0
1812 0.10534906 0.012094006 0
1813 0.10506725 0.01245901 0
1814 0.10673904 0.013187006 0
1815 0.10636806 0.012613014 0
1816 0.1044774 0.011043012 0
1817 0.1044774 0.010737002 0
1818 0.10422706 0.011054009 0
1819 0.10614204 0.012151003 0
1820 0.106536380000001 0.012143001 0
1821 0.11367702 0.013638005 0
1822 0.11705493 0.013638005 0
1823 0.103987210000001 0.011833012 0
1824 0.10410213 0.010737002 0
1825 0.1036601 0.013554007 0
1826 0.10206604 0.013504014 0
1827 0.1002264 0.013638005 0
1828 0.10272026 0.012375012 0
1829 0.10319709 0.012054012 0
1830 0.1026721 0.01189901 0
1831 0.10435295 0.013410002 0
1832 0.10475111 0.012905002 0
1833 0.10424423 0.012705013 0
1834 0.10360097 0.011869014 0
1835 0.10374498 0.012327001 0
1836 0.103515140000001 0.011114002 0
1837 0.103760240000001 0.011466012 0
1838 0.10389423 0.011083007 0
1839 0.10337305 0.011544004 0
1840 0.10309219 0.011163011 0
1841 0.0952343899999999 0.00576500599999999 0
1842 0.102976320000001 0.010737002 0
1843 0.10375404 0.012974009 0
1844 0.10323 0.012646005 0
1845 0.10574102 0.012121007 0
1846 0.10591602 0.012564004 0
1847 0.10497427 0.012062013 0
1848 0.105224130000001 0.012869001 0
1849 0.105224130000001 0.011737004 0
1850 0.127352230000001 0.012697012 0
1851 0.12694311 0.012287006 0
1852 0.13274908 0.011583001 0
1853 0.13297605 0.011935011 0
1854 0.13321828 0.011594013 0
1855 0.13123321 0.012691006 0
1856 0.13162422 0.012100011 0
1857 0.131151190000001 0.012016014 0
1858 0.10940504 0.014551014 0
1859 0.10863018 0.014591009 0
1860 0.126495360000001 0.012467012 0
1861 0.128005020000001 0.013677001 0
1862 0.12735128 0.013360009 0
1863 0.12776327 0.013034001 0
1864 0.13366508 0.01162301 0
1865 0.13345432 0.011132002 0
1866 0.1334033 0.012127012 0
1867 0.13297128 0.012324006 0
1868 0.133237360000001 0.012678013 0
1869 0.135694020000001 0.012591005 0
1870 0.13524007 0.012168005 0
1871 0.13522195 0.012712002 0
1872 0.13252496 0.011132002 0
1873 0.132303230000001 0.011589006 0
1874 0.13183212 0.011576012 0
1875 0.13156032 0.011132002 0
1876 0.13136816 0.011579007 0
1877 0.12918138 0.011385009 0
1878 0.12873411 0.011566013 0
1879 0.12912941 0.012007013 0
1880 0.166815280000001 0.041645006 0
1881 0.16729402 0.041683004 0
1882 0.16695404 0.041280002 0
1883 0.1632061 0.029959008 0
1884 0.163698190000001 0.030033008 0
1885 0.16780519 0.041533009 0
1886 0.16781425 0.042960003 0
1887 0.16826295 0.041966006 0
1888 0.16693019 0.042426005 0
1889 0.16688203 0.042008013 0
1890 0.16648626 0.04222101 0
1891 0.167423240000001 0.041112006 0
1892 0.16825294 0.043417007 0
1893 0.16957807 0.042575002 0
1894 0.169731140000001 0.04197 0
1895 0.16959714 0.041340009 0
1896 0.17267894 0.044219002 0
1897 0.17285633 0.04459101 0
1898 0.17025995 0.042513013 0
1899 0.16988229 0.043017 0
1900 0.17185306 0.040277005 0
1901 0.171966070000001 0.04084301 0
1902 0.17087507 0.042485014 0
1903 0.17117214 0.043005005 0
1904 0.169297210000001 0.040440008 0
1905 0.16882801 0.040608004 0
1906 0.16921615 0.041002006 0
1907 0.171412940000001 0.040706009 0
1908 0.17142629 0.040165007 0
1909 0.171039100000001 0.040354014 0
1910 0.17234802 0.04144001 0
1911 0.17389011 0.040286005 0
1912 0.17314529 0.041779012 0
1913 0.17366409 0.039799005 0
1914 0.172115320000001 0.043202013 0
1915 0.17253923 0.043432012 0
1916 0.17737817 0.040337012 0
1917 0.1748743 0.040243 0
1918 0.17510032 0.040639013 0
1919 0.17536497 0.040245012 0
1920 0.17598533 0.04218401 0
1921 0.176348200000001 0.042929009 0
1922 0.176152220000001 0.039799005 0
1923 0.17565441 0.039799005 0
1924 0.17585516 0.040289 0
1925 0.17501831 0.042092011 0
1926 0.175698280000001 0.041470006 0
1927 0.17653513 0.041469008 0
1928 0.17619419 0.043841005 0
1929 0.176867000000001 0.040304005 0
1930 0.17714738 0.039799005 0
1931 0.17665004 0.039799005 0
1932 0.17739009 0.041616008 0
1933 0.1781373 0.04146801 0
1934 0.17412805 0.040824011 0
1935 0.17439413 0.040287003 0
1936 0.17400837 0.042171002 0
1937 0.174606320000001 0.042957008 0
1938 0.17396307 0.044737011 0
1939 0.17348623 0.045164004 0
1940 0.174154280000001 0.045337007 0
1941 0.17289638 0.043766007 0
1942 0.17376899 0.043001011 0
1943 0.173724170000001 0.041369006 0
1944 0.175497050000001 0.043000013 0
1945 0.1730194 0.047564 0
1946 0.17304134 0.048065007 0
1947 0.17347431 0.043652013 0
1948 0.174185270000001 0.043619007 0
1949 0.17561006 0.044822008 0
1950 0.17491006 0.045588002 0
1951 0.17562007 0.045800001 0
1952 0.17505836 0.04663001 0
1953 0.174736970000001 0.044796005 0
1954 0.175081250000001 0.043888003 0
1955 0.17680025 0.047447011 0
1956 0.17608213 0.04642801 0
1957 0.17670106 0.048913002 0
1958 0.176548 0.044694007 0
1959 0.18115997 0.04325001 0
1960 0.180150980000001 0.042683006 0
1961 0.180410380000001 0.043760002 0
1962 0.17740631 0.047176004 0
1963 0.177997110000001 0.047006011 0
1964 0.17748308 0.046570003 0
1965 0.1758213 0.053105012 0
1966 0.17668294 0.052706003 0
1967 0.17594432 0.052286014 0
1968 0.17360401 0.046831012 0
1969 0.17417907 0.046627 0
1970 0.17420625 0.048895002 0
1971 0.17507934 0.049179003 0
1972 0.17489337 0.048433006 0
1973 0.17349624 0.04731001 0
1974 0.172933100000001 0.050519005 0
1975 0.173345080000001 0.050313011 0
1976 0.17296314 0.050050006 0
1977 0.17439699 0.054129005 0
1978 0.17488241 0.053273008 0
1979 0.17410135 0.053270012 0
1980 0.1724863 0.046833009 0
1981 0.17302894 0.04656601 0
1982 0.1724863 0.046345011 0
1983 0.173628330000001 0.048360005 0
1984 0.1724863 0.047809005 0
1985 0.1724863 0.048297003 0
1986 0.17429637 0.046013013 0
1987 0.17307901 0.043201 0
1988 0.173011300000001 0.047066003 0
1989 0.173608300000001 0.04628101 0
1990 0.1724863 0.048785001 0
1991 0.173007960000001 0.048568011 0
1992 0.16648626 0.043381006 0
1993 0.16677427 0.043162003 0
1994 0.16648626 0.042994008 0
1995 0.16746711 0.04267101 0
1996 0.170088290000001 0.043477014 0
1997 0.16969013 0.043479011 0
1998 0.17174911 0.043534011 0
1999 0.171650410000001 0.043083012 0
2000 0.16990232 0.043881014 0
2001 0.17148637 0.043881014 0
2002 0.17134094 0.043482006 0
2003 0.171090120000001 0.043881014 0
2004 0.17299413 0.052945003 0
2005 0.1724863 0.053177014 0
2006 0.17301797 0.053909004 0
2007 0.1724863 0.054153011 0
2008 0.17301416 0.049073011 0
2009 0.17347335 0.04885 0
2010 0.1736474 0.049351007 0
2011 0.1729393 0.050965011 0
2012 0.17302322 0.049569011 0
2013 0.173575400000001 0.049903006 0
2014 0.17595911 0.049504012 0
2015 0.17405128 0.056683004 0
2016 0.17339515 0.056632012 0
2017 0.173592090000001 0.057080001 0
2018 0.17298507 0.056855008 0
2019 0.173004150000001 0.057323009 0
2020 0.1729722 0.056372002 0
2021 0.17301034 0.060723007 0
2022 0.17298698 0.060252011 0
2023 0.17423915 0.055987001 0
2024 0.1724863 0.059033007 0
2025 0.1724863 0.059521005 0
2026 0.17301225 0.059283004 0
2027 0.173006050000001 0.055393011 0
2028 0.17350912 0.057565004 0
2029 0.17301797 0.057815001 0
2030 0.17363834 0.058058009 0
2031 0.1729722 0.059767008 0
2032 0.1724863 0.060009003 0
2033 0.1724863 0.060497001 0
2034 0.1730194 0.061702013 0
2035 0.17348718 0.063857019 0
2036 0.1729474 0.063655019 0
2037 0.17347097 0.061941013 0
2038 0.1724863 0.066352994 0
2039 0.17302322 0.066082001 0
2040 0.1724863 0.06586501 0
2041 0.17362928 0.065335006 0
2042 0.173621170000001 0.065908015 0
2043 0.17420435 0.065542996 0
2044 0.17304801 0.065605998 0
2045 0.17304325 0.065091998 0
2046 0.1724863 0.065376997 0
2047 0.17412138 0.064153016 0
2048 0.173425190000001 0.064315021 0
2049 0.173619270000001 0.064763993 0
2050 0.17497205 0.065286994 0
2051 0.174577230000001 0.065917015 0
2052 0.17527294 0.066385001 0
2053 0.175486080000001 0.06684202 0
2054 0.17572593 0.066377014 0
2055 0.173396110000001 0.06001401 0
2056 0.176692 0.062983007 0
2057 0.17296123 0.063181013 0
2058 0.1724863 0.062937022 0
2059 0.17428207 0.062791005 0
2060 0.17344999 0.058540002 0
2061 0.17419195 0.058496014 0
2062 0.174350260000001 0.057527006 0
2063 0.17510032 0.058234006 0
2064 0.174738400000001 0.06448102 0
2065 0.174227230000001 0.064936996 0
2066 0.175854200000001 0.065259993 0
2067 0.176700110000001 0.065140009 0
2068 0.17622232 0.064617008 0
2069 0.17503118 0.065979004 0
2070 0.17481613 0.066408009 0
2071 0.17391014 0.066424996 0
2072 0.17437315 0.066421002 0
2073 0.17411422 0.066042006 0
2074 0.17677211 0.06684202 0
2075 0.177075380000001 0.066410005 0
2076 0.1766324 0.066420019 0
2077 0.175493240000001 0.065833003 0
2078 0.17642498 0.066063017 0
2079 0.17617511 0.066430003 0
2080 0.17598915 0.065939009 0
2081 0.17794704 0.065153003 0
2082 0.17737722 0.064891011 0
2083 0.17737531 0.06547001 0
2084 0.17636108 0.065614999 0
2085 0.17689704 0.065871001 0
2086 0.177556030000001 0.064404995 0
2087 0.17687511 0.064323008 0
2088 0.17743396 0.06310302 0
2089 0.17546939 0.064491004 0
2090 0.17610216 0.063756019 0
2091 0.177966110000001 0.062767014 0
2092 0.1773734 0.058507011 0
2093 0.17731905 0.059064001 0
2094 0.177937030000001 0.058803007 0
2095 0.175947180000001 0.055527002 0
2096 0.17673826 0.056146011 0
2097 0.17802715 0.050083012 0
2098 0.17764616 0.05034101 0
2099 0.178048130000001 0.050547004 0
2100 0.17362403 0.053667009 0
2101 0.17517709 0.054838002 0
2102 0.17502927 0.055752009 0
2103 0.173597330000001 0.059021011 0
2104 0.176064960000001 0.058083013 0
2105 0.176634310000001 0.058705002 0
2106 0.1730504 0.051927001 0
2107 0.1724863 0.051713005 0
2108 0.17670631 0.049818009 0
2109 0.173989290000001 0.050429002 0
2110 0.17487621 0.050738007 0
2111 0.1743803 0.049800009 0
2112 0.177480220000001 0.048871011 0
2113 0.1765232 0.051696003 0
2114 0.17695808 0.051070005 0
2115 0.17701339 0.050435007 0
2116 0.17606735 0.050646007 0
2117 0.17548322 0.051533014 0
2118 0.17735529 0.04938601 0
2119 0.1779294 0.048075006 0
2120 0.17848634 0.047859013 0
2121 0.17793226 0.051946 0
2122 0.1773734 0.05160901 0
2123 0.177286140000001 0.052183003 0
2124 0.17794704 0.052960009 0
2125 0.17848634 0.053213001 0
2126 0.17848634 0.052726001 0
2127 0.177955150000001 0.047540009 0
2128 0.186860080000001 0.044339001 0
2129 0.186109060000001 0.044346005 0
2130 0.178339950000001 0.045995012 0
2131 0.178833 0.046124012 0
2132 0.17875623 0.045647011 0
2133 0.17770004 0.045935005 0
2134 0.18046236 0.044524014 0
2135 0.181241030000001 0.044292003 0
2136 0.17848634 0.047372014 0
2137 0.18093013 0.045881003 0
2138 0.18109893 0.045450002 0
2139 0.180671210000001 0.045464009 0
2140 0.17796325 0.049106002 0
2141 0.177999020000001 0.051459 0
2142 0.17848634 0.051753 0
2143 0.1767373 0.055289001 0
2144 0.177420130000001 0.055088014 0
2145 0.17691993 0.054591 0
2146 0.17848634 0.056620002 0
2147 0.17848634 0.057107002 0
2148 0.17759037 0.054641009 0
2149 0.17738437 0.054193005 0
2150 0.175123210000001 0.052415014 0
2151 0.174323080000001 0.052573011 0
2152 0.177966110000001 0.049604014 0
2153 0.17848634 0.049806014 0
2154 0.17848634 0.049319014 0
2155 0.17848634 0.0537 0
2156 0.17794513 0.053450004 0
2157 0.177966110000001 0.053946004 0
2158 0.177476400000001 0.052692011 0
2159 0.17699098 0.063632995 0
2160 0.17848634 0.055647001 0
2161 0.17848634 0.055160001 0
2162 0.17796135 0.055383012 0
2163 0.17799425 0.054414004 0
2164 0.17848634 0.054186002 0
2165 0.17794895 0.061758012 0
2166 0.17737197 0.060521007 0
2167 0.17744827 0.061019004 0
2168 0.17752122 0.066036016 0
2169 0.177632330000001 0.063528002 0
2170 0.17848634 0.062948019 0
2171 0.17848634 0.062461004 0
2172 0.17848634 0.064895004 0
2173 0.17791605 0.066442013 0
2174 0.17848634 0.06635502 0
2175 0.17808294 0.066074014 0
2176 0.178002350000001 0.054897011 0
2177 0.177577970000001 0.060066 0
2178 0.177989960000001 0.060290009 0
2179 0.17798709 0.059806004 0
2180 0.17848634 0.060027004 0
2181 0.18006801 0.045881003 0
2182 0.17976903 0.045441002 0
2183 0.17963695 0.045881003 0
2184 0.179766170000001 0.044336006 0
2185 0.179978370000001 0.044967011 0
2186 0.17940998 0.04493101 0
2187 0.179209230000001 0.04592 0
2188 0.17927217 0.045471013 0
2189 0.181797980000001 0.043765009 0
2190 0.187651150000001 0.045100004 0
2191 0.184420100000001 0.045881003 0
2192 0.184200280000001 0.045380012 0
2193 0.18396902 0.045881003 0
2194 0.18541908 0.044505 0
2195 0.184817310000001 0.04424201 0
2196 0.18621301 0.045024008 0
2197 0.18645334 0.045426011 0
2198 0.18665409 0.044880003 0
2199 0.18903303 0.044934005 0
2200 0.18737411 0.045458004 0
2201 0.1871314 0.045881003 0
2202 0.1879282 0.042860002 0
2203 0.1874113 0.04250601 0
2204 0.18910932 0.044186011 0
2205 0.18947219 0.043944001 0
2206 0.18913221 0.045317009 0
2207 0.18889522 0.045599014 0
2208 0.189447400000001 0.043532014 0
2209 0.20192194 0.031471014 0
2210 0.20149517 0.030881003 0
2211 0.178770060000001 0.045052007 0
2212 0.17825222 0.043539003 0
2213 0.17727804 0.044160009 0
2214 0.18394231 0.044842005 0
2215 0.183427330000001 0.044859007 0
2216 0.18372106 0.045384005 0
2217 0.18042516 0.045092002 0
2218 0.18085336 0.044944004 0
2219 0.18691206 0.045405001 0
2220 0.18716096 0.044953004 0
2221 0.185363290000001 0.045094014 0
2222 0.18496322 0.044912011 0
2223 0.18512439 0.045451001 0
2224 0.178925990000001 0.044311002 0
2225 0.17863702 0.042001009 0
2226 0.17940807 0.043546006 0
2227 0.18359899 0.04420501 0
2228 0.18290329 0.044384003 0
2229 0.18282032 0.04544501 0
2230 0.1832652 0.045423001 0
2231 0.183002940000001 0.045035005 0
2232 0.18751239 0.044546008 0
2233 0.18669796 0.042707011 0
2234 0.189841270000001 0.043373004 0
2235 0.189841270000001 0.043739006 0
2236 0.18950605 0.042921007 0
2237 0.18955326 0.04321 0
2238 0.18658828 0.040248007 0
2239 0.186557290000001 0.040854007 0
2240 0.18712234 0.040538013 0
2241 0.185815330000001 0.042778001 0
2242 0.187154290000001 0.038685009 0
2243 0.187284940000001 0.038173005 0
2244 0.18856525 0.044035003 0
2245 0.18447828 0.040492013 0
2246 0.18624734 0.042023003 0
2247 0.18670511 0.041466013 0
2248 0.188037390000001 0.043538004 0
2249 0.18798828 0.044217006 0
2250 0.18934631 0.042641014 0
2251 0.18793916 0.042257011 0
2252 0.18039512 0.040861011 0
2253 0.18028831 0.04171601 0
2254 0.180860040000001 0.041324005 0
2255 0.18226003 0.042874009 0
2256 0.18238019 0.041759014 0
2257 0.181261060000001 0.042188004 0
2258 0.184209340000001 0.044325009 0
2259 0.17708015 0.040919006 0
2260 0.17814302 0.039799005 0
2261 0.177645200000001 0.039799005 0
2262 0.17979002 0.041010008 0
2263 0.17901229 0.04270801 0
2264 0.17945718 0.041805014 0
2265 0.18319606 0.043500006 0
2266 0.179432390000001 0.040360004 0
2267 0.17913723 0.039786011 0
2268 0.17889404 0.040354014 0
2269 0.17860794 0.04088901 0
2270 0.17918109 0.040976003 0
2271 0.180125230000001 0.039669007 0
2272 0.18051815 0.040170014 0
2273 0.18060541 0.039541006 0
2274 0.182023040000001 0.039577008 0
2275 0.182495110000001 0.039305002 0
2276 0.180974 0.04067801 0
2277 0.181504250000001 0.041263014 0
2278 0.181511400000001 0.040478006 0
2279 0.18103408 0.040001005 0
2280 0.181535240000001 0.039806009 0
2281 0.18107509 0.039378003 0
2282 0.184795380000001 0.039131001 0
2283 0.18431901 0.039643005 0
2284 0.18404722 0.038899005 0
2285 0.18686294 0.036834002 0
2286 0.18731832 0.036384002 0
2287 0.185145370000001 0.037466005 0
2288 0.1859231 0.037522003 0
2289 0.1854372 0.036946014 0
2290 0.18773508 0.029955 0
2291 0.1892662 0.033133 0
2292 0.189077370000001 0.033629 0
2293 0.18968915 0.033573002 0
2294 0.18653106 0.038690001 0
2295 0.18586301 0.038638011 0
2296 0.184429160000001 0.037375003 0
2297 0.184048170000001 0.036847011 0
2298 0.183781140000001 0.037266001 0
2299 0.183587070000001 0.039312005 0
2300 0.187489980000001 0.037723005 0
2301 0.18550205 0.038025007 0
2302 0.18498897 0.03070201 0
2303 0.185619350000001 0.031706006 0
2304 0.18520593 0.032142014 0
2305 0.18350219 0.029691011 0
2306 0.18775129 0.034092009 0
2307 0.18697738 0.034362004 0
2308 0.18748521 0.034890011 0
2309 0.187843320000001 0.033245012 0
2310 0.18768835 0.032411009 0
2311 0.187123290000001 0.032853008 0
2312 0.186429970000001 0.030470014 0
2313 0.18680715 0.031264007 0
2314 0.18728923 0.030627013 0
2315 0.19100618 0.031503007 0
2316 0.18962431 0.02911 0
2317 0.18935394 0.02857101 0
2318 0.18915796 0.028991014 0
2319 0.19654607 0.030492008 0
2320 0.19690513 0.030163005 0
2321 0.19649314 0.029906005 0
2322 0.191784380000001 0.030891002 0
2323 0.19178819 0.03024301 0
2324 0.18973016 0.032143012 0
2325 0.190360060000001 0.032251001 0
2326 0.1870222 0.032057002 0
2327 0.188801280000001 0.035886005 0
2328 0.18947935 0.032636002 0
2329 0.199818130000001 0.030829013 0
2330 0.19940328 0.031312004 0
2331 0.19987917 0.031449005 0
2332 0.201721190000001 0.032072008 0
2333 0.2022171 0.03207101 0
2334 0.19844532 0.029363007 0
2335 0.19802427 0.029083014 0
2336 0.19780111 0.029647008 0
2337 0.1993823 0.029595003 0
2338 0.19933509 0.02901201 0
2339 0.19895315 0.029355005 0
2340 0.19845104 0.031039 0
2341 0.19838619 0.030453012 0
2342 0.1979742 0.030902013 0
2343 0.202816960000001 0.030396 0
2344 0.20238494 0.030367002 0
2345 0.202699180000001 0.030846 0
2346 0.20255708 0.031438008 0
2347 0.20215225 0.030905009 0
2348 0.20124006 0.029558003 0
2349 0.20085907 0.030029014 0
2350 0.201369280000001 0.030180008 0
2351 0.20026922 0.031108007 0
2352 0.19018697 0.030510009 0
2353 0.189449310000001 0.030257002 0
2354 0.18973827 0.030999005 0
2355 0.19542312 0.029647008 0
2356 0.19519233 0.029054001 0
2357 0.19488525 0.029601008 0
2358 0.19606924 0.030356005 0
2359 0.19070005 0.030090005 0
2360 0.20037412 0.029888004 0
2361 0.199876300000001 0.029737011 0
2362 0.199988360000001 0.030264005 0
2363 0.19510412 0.030138001 0
2364 0.194609160000001 0.03011401 0
2365 0.19709205 0.029577002 0
2366 0.19882535 0.029945001 0
2367 0.19597435 0.029750005 0
2368 0.195592400000001 0.030223012 0
2369 0.20266914 0.029968009 0
2370 0.19752931 0.029064 0
2371 0.19888114 0.030594006 0
2372 0.1993103 0.030833006 0
2373 0.199439040000001 0.030246005 0
2374 0.19838333 0.028739006 0
2375 0.19885921 0.028875009 0
2376 0.199810980000001 0.029149011 0
2377 0.20028829 0.029285014 0
2378 0.20076417 0.029422 0
2379 0.19547939 0.028137014 0
2380 0.19564724 0.028647006 0
2381 0.195971960000001 0.028183014 0
2382 0.191831110000001 0.029584006 0
2383 0.19241809 0.029294014 0
2384 0.19191026 0.029053003 0
2385 0.1947751 0.028601006 0
2386 0.196455950000001 0.029272005 0
2387 0.197906010000001 0.028602004 0
2388 0.19498395 0.028116003 0
2389 0.195215220000001 0.028510005 0
2390 0.191735260000001 0.028590009 0
2391 0.19151496 0.028114006 0
2392 0.191296100000001 0.028507009 0
2393 0.19126224 0.029786006 0
2394 0.192506310000001 0.028114006 0
2395 0.19223022 0.028651014 0
2396 0.19273614 0.028684005 0
2397 0.193261140000001 0.028653011 0
2398 0.19300222 0.028114006 0
2399 0.19134807 0.029087007 0
2400 0.19300413 0.029229001 0
2401 0.19384431 0.029666007 0
2402 0.19354629 0.029174 0
2403 0.19333124 0.029735014 0
2404 0.18953323 0.028114006 0
2405 0.18903827 0.028114006 0
2406 0.188618180000001 0.029989004 0
2407 0.1905241 0.028114006 0
2408 0.19002914 0.028114006 0
2409 0.19033718 0.028650001 0
2410 0.186283110000001 0.028598011 0
2411 0.18676519 0.028614 0
2412 0.18656015 0.028114006 0
2413 0.18811607 0.029321 0
2414 0.18885707 0.028595001 0
2415 0.18854236 0.028114006 0
2416 0.18834638 0.028668002 0
2417 0.175660130000001 0.028114006 0
2418 0.18408727 0.029272005 0
2419 0.183592320000001 0.029084012 0
2420 0.157948970000001 0.017454014 0
2421 0.184614180000001 0.029705003 0
2422 0.185209270000001 0.029486001 0
2423 0.1846714 0.029133007 0
2424 0.178383350000001 0.028609008 0
2425 0.1781373 0.028114006 0
2426 0.17788696 0.028609008 0
2427 0.17763519 0.02911301 0
2428 0.17713928 0.02911301 0
2429 0.17738294 0.02961801 0
2430 0.18160629 0.028114006 0
2431 0.17863321 0.028114006 0
2432 0.18011903 0.02911301 0
2433 0.18061494 0.029114008 0
2434 0.18036699 0.028609008 0
2435 0.17813205 0.02911301 0
2436 0.17986917 0.02961801 0
2437 0.17962217 0.02911301 0
2438 0.181359290000001 0.028610006 0
2439 0.18237018 0.029624 0
2440 0.182108400000001 0.029118002 0
2441 0.18186426 0.029619009 0
2442 0.1813631 0.02961801 0
2443 0.181112280000001 0.029114008 0
2444 0.18086433 0.02961801 0
2445 0.18520402 0.030072004 0
2446 0.18384695 0.028646007 0
2447 0.186017990000001 0.02903001 0
2448 0.18755102 0.028114006 0
2449 0.1880474 0.028114006 0
2450 0.189832210000001 0.028593004 0
2451 0.19011735 0.029109001 0
2452 0.188962930000001 0.030805007 0
2453 0.185561180000001 0.029100001 0
2454 0.18870401 0.029212013 0
2455 0.18927097 0.029587001 0
2456 0.1816101 0.029115007 0
2457 0.182609080000001 0.02913101 0
2458 0.18285131 0.028624013 0
2459 0.183567040000001 0.030363009 0
2460 0.174401280000001 0.02961801 0
2461 0.17464304 0.03011401 0
2462 0.174911020000001 0.028609008 0
2463 0.17539501 0.02961801 0
2464 0.17689514 0.028609008 0
2465 0.176641940000001 0.02911301 0
2466 0.178378100000001 0.02961801 0
2467 0.177391050000001 0.028609008 0
2468 0.17219209 0.028114006 0
2469 0.172430990000001 0.028609008 0
2470 0.173903940000001 0.02961801 0
2471 0.17366313 0.02911301 0
2472 0.17316627 0.02911301 0
2473 0.17193508 0.028609008 0
2474 0.171696180000001 0.028114006 0
2475 0.174174300000001 0.028114006 0
2476 0.173407070000001 0.02961801 0
2477 0.17614603 0.02911301 0
2478 0.174145220000001 0.03011401 0
2479 0.1677041 0.02911301 0
2480 0.167938230000001 0.02961801 0
2481 0.16971397 0.028114006 0
2482 0.169455050000001 0.028609008 0
2483 0.16271925 0.029858008 0
2484 0.164199350000001 0.029087007 0
2485 0.16497898 0.028601006 0
2486 0.164707180000001 0.029098004 0
2487 0.16494703 0.02960901 0
2488 0.16083622 0.029222012 0
2489 0.160864350000001 0.028702006 0
2490 0.162417410000001 0.028362006 0
2491 0.162938110000001 0.028521002 0
2492 0.162784100000001 0.028040007 0
2493 0.1620121 0.028684005 0
2494 0.16214227 0.02921401 0
2495 0.162555210000001 0.028864011 0
2496 0.16223716 0.029732004 0
2497 0.16943025 0.02961801 0
2498 0.16846227 0.028609008 0
2499 0.16796636 0.028609008 0
2500 0.16820097 0.02911301 0
2501 0.17021036 0.028114006 0
2502 0.16921901 0.028114006 0
2503 0.17118024 0.029114008 0
2504 0.170921320000001 0.02961801 0
2505 0.16969013 0.029114008 0
2506 0.15918016 0.027693004 0
2507 0.15866422 0.028011009 0
2508 0.159093380000001 0.028263003 0
2509 0.15741396 0.026704014 0
2510 0.15325403 0.023004011 0
2511 0.15304231 0.023618013 0
2512 0.153536320000001 0.023691014 0
2513 0.156566140000001 0.02615501 0
2514 0.15648603 0.025441006 0
2515 0.15611028 0.02600801 0
2516 0.15923214 0.027112007 0
2517 0.1582942 0.027194009 0
2518 0.15840911 0.026564002 0
2519 0.15494298 0.024482012 0
2520 0.154862400000001 0.025146008 0
2521 0.15535736 0.02485101 0
2522 0.160501 0.027301014 0
2523 0.153079030000001 0.024144009 0
2524 0.15265607 0.023887009 0
2525 0.15442419 0.024355009 0
2526 0.1539731 0.024634004 0
2527 0.155717370000001 0.024109006 0
2528 0.15660333 0.024531007 0
2529 0.15666532 0.023447007 0
2530 0.15698432 0.026446 0
2531 0.15741634 0.026193008 0
2532 0.15480613 0.025737003 0
2533 0.15532207 0.025404007 0
2534 0.155611990000001 0.023172006 0
2535 0.15566301 0.026242003 0
2536 0.15609216 0.02649501 0
2537 0.15593004 0.024999008 0
2538 0.159656040000001 0.026817009 0
2539 0.16147518 0.027345002 0
2540 0.161434170000001 0.027915001 0
2541 0.16190099 0.02759701 0
2542 0.16041898 0.027849004 0
2543 0.160935400000001 0.028174013 0
2544 0.16190815 0.028160006 0
2545 0.16232824 0.027848006 0
2546 0.16746997 0.028609008 0
2547 0.167207240000001 0.02911301 0
2548 0.17764234 0.028114006 0
2549 0.166476250000001 0.02860801 0
2550 0.16670894 0.02911301 0
2551 0.166973110000001 0.028609008 0
2552 0.159718030000001 0.02017501 0
2553 0.15918922 0.019940004 0
2554 0.15869522 0.018459007 0
2555 0.15812206 0.018306002 0
2556 0.158181190000001 0.018835008 0
2557 0.17516422 0.028114006 0
2558 0.147164340000001 0.020644009 0
2559 0.14762926 0.020375014 0
2560 0.14648008 0.019501001 0
2561 0.148097030000001 0.019755006 0
2562 0.14392614 0.018959001 0
2563 0.1437931 0.018361003 0
2564 0.14342117 0.018835008 0
2565 0.147792330000001 0.018258006 0
2566 0.144430160000001 0.019131005 0
2567 0.14488124 0.018704012 0
2568 0.14435339 0.018484012 0
2569 0.14726829 0.018599004 0
2570 0.14671325 0.018265009 0
2571 0.14661741 0.018882007 0
2572 0.147580140000001 0.020907 0
2573 0.143254280000001 0.018303007 0
2574 0.14278698 0.018316001 0
2575 0.142371170000001 0.018095002 0
2576 0.143608090000001 0.016915009 0
2577 0.1442461 0.017311007 0
2578 0.14453601 0.016915009 0
2579 0.14407205 0.016915009 0
2580 0.14549636 0.017920003 0
2581 0.13757705 0.017890007 0
2582 0.147089 0.021189004 0
2583 0.146660320000001 0.020937011 0
2584 0.13637208 0.018490002 0
2585 0.136133190000001 0.018915013 0
2586 0.13663101 0.018915013 0
2587 0.145976060000001 0.01916501 0
2588 0.14589405 0.019829005 0
2589 0.13812398 0.018915013 0
2590 0.138831130000001 0.018414006 0
2591 0.139321320000001 0.018371001 0
2592 0.13900613 0.017848 0
2593 0.14197635 0.018511012 0
2594 0.14209795 0.019046009 0
2595 0.142456050000001 0.018652007 0
2596 0.13407516 0.017742008 0
2597 0.150985240000001 0.022947014 0
2598 0.15051794 0.023210004 0
2599 0.150947090000001 0.023463011 0
2600 0.13535928 0.018308014 0
2601 0.1339612 0.018316001 0
2602 0.13415098 0.018763006 0
2603 0.13442707 0.018278003 0
2604 0.13590002 0.018359006 0
2605 0.13855934 0.017964006 0
2606 0.13860416 0.01748401 0
2607 0.13865995 0.017005012 0
2608 0.138501160000001 0.012651012 0
2609 0.13833093 0.013129011 0
2610 0.1406722 0.017031014 0
2611 0.14089202 0.016584009 0
2612 0.140402310000001 0.016582012 0
2613 0.13843631 0.016577006 0
2614 0.13892221 0.016606003 0
2615 0.13390111 0.011132002 0
2616 0.13412714 0.011616007 0
2617 0.13760614 0.012625009 0
2618 0.137105940000001 0.012604013 0
2619 0.13737011 0.013132006 0
2620 0.1337552 0.017135009 0
2621 0.13353633 0.016567007 0
2622 0.13438129 0.012106002 0
2623 0.13390207 0.012124002 0
2624 0.134221070000001 0.01261501 0
2625 0.13434696 0.011132002 0
2626 0.13767337 0.01161401 0
2627 0.13791894 0.011132002 0
2628 0.137472150000001 0.011132002 0
2629 0.13480806 0.012019009 0
2630 0.13475322 0.012574002 0
2631 0.13371706 0.012624011 0
2632 0.13457536 0.011595011 0
2633 0.134794230000001 0.011132002 0
2634 0.13502502 0.011616007 0
2635 0.13737106 0.012099013 0
2636 0.136605260000001 0.012620002 0
2637 0.136151310000001 0.012727008 0
2638 0.136407370000001 0.013132006 0
2639 0.13929605 0.012181014 0
2640 0.13951015 0.011629001 0
2641 0.13906097 0.011625007 0
2642 0.13884115 0.012008012 0
2643 0.13925838 0.011132002 0
2644 0.13970518 0.011132002 0
2645 0.14114236 0.017163009 0
2646 0.14139413 0.016618014 0
2647 0.13881206 0.011132002 0
2648 0.138869280000001 0.012449012 0
2649 0.13923502 0.01279001 0
2650 0.1375513 0.017203003 0
2651 0.13751125 0.016532004 0
2652 0.140818110000001 0.012214005 0
2653 0.14104414 0.012132004 0
2654 0.14085197 0.011876002 0
2655 0.14185524 0.017893002 0
2656 0.14129018 0.017763004 0
2657 0.14109039 0.016080007 0
2658 0.144858360000001 0.018018008 0
2659 0.145203110000001 0.017442003 0
2660 0.14006614 0.017735005 0
2661 0.139834400000001 0.018341005 0
2662 0.140373230000001 0.018315003 0
2663 0.140591140000001 0.011896 0
2664 0.142721170000001 0.016723007 0
2665 0.14104414 0.011882007 0
2666 0.14546394 0.016915009 0
2667 0.144999980000001 0.016915009 0
2668 0.144693370000001 0.017421007 0
2669 0.14934825 0.017340005 0
2670 0.148437970000001 0.017345012 0
2671 0.14824724 0.016915009 0
2672 0.147981160000001 0.017334 0
2673 0.14917421 0.016915009 0
2674 0.15243721 0.018014014 0
2675 0.157196040000001 0.017917008 0
2676 0.14949798 0.017882005 0
2677 0.15155601 0.017872006 0
2678 0.15101718 0.017986 0
2679 0.151319020000001 0.018481002 0
2680 0.151270390000001 0.017416001 0
2681 0.14817524 0.017811001 0
2682 0.14839601 0.01838401 0
2683 0.14900207 0.018277005 0
2684 0.150791160000001 0.017411009 0
2685 0.14993906 0.020115003 0
2686 0.1475172 0.021442011 0
2687 0.147946350000001 0.021695003 0
2688 0.14864397 0.02041401 0
2689 0.14883232 0.01907 0
2690 0.149060240000001 0.019843012 0
2691 0.14887619 0.021051005 0
2692 0.15016317 0.022013009 0
2693 0.14972019 0.022209004 0
2694 0.15014934 0.022467003 0
2695 0.14940214 0.021284014 0
2696 0.14931011 0.021907002 0
2697 0.15009021 0.022958011 0
2698 0.149661060000001 0.022705004 0
2699 0.14923238 0.022452012 0
2700 0.14985036 0.021633014 0
2701 0.15122795 0.021707014 0
2702 0.15141296 0.023181007 0
2703 0.15137624 0.023716003 0
2704 0.15141105 0.022727013 0
2705 0.150588030000001 0.019562006 0
2706 0.14977741 0.019277007 0
2707 0.150508400000001 0.018622011 0
2708 0.15204238 0.020125002 0
2709 0.15187311 0.019439012 0
2710 0.15121698 0.019148007 0
2711 0.15185928 0.018816009 0
2712 0.15174102 0.022269011 0
2713 0.15239095 0.019046009 0
2714 0.15243721 0.019573003 0
2715 0.153531070000001 0.020379007 0
2716 0.15384626 0.019871012 0
2717 0.15338325 0.019871012 0
2718 0.155260080000001 0.02227901 0
2719 0.15482902 0.022936002 0
2720 0.153948300000001 0.025232002 0
2721 0.15437698 0.025484011 0
2722 0.15442133 0.024897009 0
2723 0.157176010000001 0.022378013 0
2724 0.156201360000001 0.022479013 0
2725 0.15971708 0.023175001 0
2726 0.155278200000001 0.021463007 0
2727 0.1553421 0.020856008 0
2728 0.15429019 0.021264002 0
2729 0.15551614 0.020317003 0
2730 0.15430831 0.019871012 0
2731 0.15403127 0.020385012 0
2732 0.16020727 0.019932002 0
2733 0.1597042 0.019671008 0
2734 0.1687231 0.028114006 0
2735 0.155793190000001 0.020705 0
2736 0.155998230000001 0.020309002 0
2737 0.15864801 0.019751013 0
2738 0.158678050000001 0.019107014 0
2739 0.158144950000001 0.019457013 0
2740 0.15869712 0.020373002 0
2741 0.158471100000001 0.017908007 0
2742 0.15806531 0.020160005 0
2743 0.152591220000001 0.020044014 0
2744 0.15569639 0.019871012 0
2745 0.15647697 0.020334006 0
2746 0.1561594 0.019871012 0
2747 0.15477132 0.019871012 0
2748 0.14104414 0.011382014 0
2749 0.14104414 0.011132002 0
2750 0.14082098 0.011132002 0
2751 0.1576662 0.018611014 0
2752 0.140758030000001 0.011508003 0
2753 0.15919733 0.018842012 0
2754 0.159276960000001 0.018319011 0
2755 0.00415324999999989 0 0
2756 0.00334739000000006 0.00115901299999999 0
2757 0.00333404000000037 0.000748008999999994 0
2758 0.00335407000000032 0 0
2759 0.0029539999999999 0 0
2760 0.0029539999999999 0.00041401399999999 0
2761 0.00349712000000046 0.00040000699999998 0
2762 0.00375318000000036 0 0
2763 0.00529098000000072 0.000929012999999979 0
2764 0.00487804000000036 0.000780999999999976 0
2765 0.00444507000000005 0.000889003999999999 0
2766 0.00455235999999992 0 0
2767 0.00599622000000011 0.000451014 0
2768 0.00580120000000051 0 0
2769 0.00621413999999998 0.000857010999999991 0
2770 0.0070743499999999 0 0
2771 0.00728702000000059 0.000437006999999989 0
2772 0.00643396000000074 0.000446006999999998 0
2773 0.00749921000000064 0 0
2774 0.00834797999999992 0 0
2775 0.00622509999999998 0 0
2776 0.00664997000000067 0 0
2777 0.00840520000000033 0.00232601199999999 0
2778 0.00777912000000036 0.00315301199999998 0
2779 0.0051450700000002 0.00291000299999999 0
2780 0.00318813000000073 0.001642004 0
2781 0.00293206999999995 0.00123800399999999 0
2782 0.00489616000000037 0.00132600999999999 0
2783 0.00438213000000065 0.00292800399999998 0
2784 0.00481796000000045 0.003829003 0
2785 0.00430536000000004 0.001475007 0
2786 0.00370740000000058 0.00154501199999998 0
2787 0.0029539999999999 0.000826999999999994 0
2788 0.00276231000000049 0.001613006 0
2789 0.00124025000000039 0.00202301199999999 0
2790 0 0.00202301199999999 0
2791 0 0.00287500099999999 0
2792 0 0.00330100999999999 0
2793 0 0.00372700399999998 0
2794 0 0.00415401199999998 0
2795 0 0.004580006 0
2796 0.00266313000000018 0.00411900899999998 0
2797 0.00358438000000039 0.00285200799999999 0
2798 0.00286197000000055 0.00552301099999999 0
2799 0.00414800000000071 0.004381001 0
2800 0.00577306000000011 0.003413007 0
2801 0.0047392799999999 0.00673000499999998 0
2802 0.00521326000000055 0.00697700699999998 0
2803 0.00516939000000072 0.00639100399999998 0
2804 0.00703907000000026 0.00586600599999998 0
2805 0.00724601000000025 0.005298004 0
2806 0.00406026000000015 0.00218600099999999 0
2807 0.0123753500000001 0.003002003 0
2808 0.0141563400000004 0.004165009 0
2809 0.01627826 0.00320001 0
2810 0.0167703600000007 0.00320001 0
2811 0.0172619800000007 0.00320001 0
2812 0.0157871200000006 0.00320001 0
2813 0.0151801100000002 0.00418201099999999 0
2814 0.0132951700000001 0.00468000799999999 0
2815 0.0115752200000001 0.004750014 0
2816 0.0121603000000006 0.00501601399999999 0
2817 0.00798416000000035 0.00586600599999998 0
2818 0.00845623000000018 0.00586600599999998 0
2819 0.00986719000000047 0.00520700199999999 0
2820 0.0138521200000001 0.00467801099999998 0
2821 0.0136051100000003 0.005200014 0
2822 0.0141019800000004 0.005200014 0
2823 0.0196490200000001 0.00420100999999998 0
2824 0.0198602600000006 0.00470501199999998 0
2825 0.0187363600000001 0.00320001 0
2826 0.0189461700000004 0.003697008 0
2827 0.0203561700000003 0.00470501199999998 0
2828 0.0191550200000004 0.00420100999999998 0
2829 0.0178761400000003 0.00470601099999998 0
2830 0.0200743600000006 0.005200014 0
2831 0.0186600600000002 0.00420200899999998 0
2832 0.0205721800000003 0.005200014 0
2833 0.02162694 0.004200012 0
2834 0.0223412500000002 0.00470401399999998 0
2835 0.0228891300000003 0.00369601 0
2836 0.0233821800000005 0.00369601 0
2837 0.0238752300000007 0.00369601 0
2838 0.0207023600000005 0.00320001 0
2839 0.0211939800000005 0.00320001 0
2840 0.02315998 0.00320001 0
2841 0.0241432100000001 0.00320001 0
2842 0.0236520700000007 0.00320001 0
2843 0.01196193 0.00273600299999999 0
2844 0.01124334 0.000982999999999984 0
2845 0.00924110000000056 0.000844999999999985 0
2846 0.0116271900000005 0.00237800199999999 0
2847 0.0100831900000005 0.000404000999999987 0
2848 0.00919723000000072 0 0
2849 0.00877236999999997 0 0
2850 0.00989627000000048 0 0
2851 0.00954628000000035 0 0
2852 0.0102453200000001 0 0
2853 0.01124334 0 0
2854 0.0446782100000007 0.000165000999999998 0
2855 0.0460653300000002 0.000401004999999982 0
2856 0.0446319500000003 0.00249500599999999 0
2857 0.02979135 0.00369601 0
2858 0.0428214000000002 0.00318001199999998 0
2859 0.0261092100000004 0.00320001 0
2860 0.0369234000000001 0.00320001 0
2861 0.0442862500000007 0.002994001 0
2862 0.0447039600000005 0.004276008 0
2863 0.0445699600000005 0.00359301299999998 0
2864 0.0440840700000003 0.00248301099999998 0
2865 0.0461053800000002 0.00301900499999999 0
2866 0.0437250100000002 0.00281800399999999 0
2867 0.0464630100000001 0.00232601199999999 0
2868 0.04614925 0.00259800299999999 0
2869 0.0468883500000006 0.002305001 0
2870 0.04729604 0.002305001 0
2871 0.0474510100000005 0.00139901099999998 0
2872 0.0477499900000007 0 0
2873 0.0480632700000001 0.00131200299999998 0
2874 0.0462741800000002 0.000719010999999992 0
2875 0.0470003999999999 0 0
2876 0.0485443999999999 0 0
2877 0.04811239 0.000803008999999993 0
2878 0.0485301000000007 0.000940009999999991 0
2879 0.0489621100000006 0 0
2880 0.0493803000000002 0 0
2881 0.05063438 0 0
2882 0.0510520900000007 0 0
2883 0.0514712300000006 0.000326007999999989 0
2884 0.0507841100000004 0.001193002 0
2885 0.0507783800000006 0.00170500599999998 0
2886 0.0514712300000006 0 0
2887 0.0511240900000001 0.00150500299999998 0
2888 0.0500850600000007 0.00210501299999999 0
2889 0.0497393600000002 0.002305001 0
2890 0.0496463700000005 0.00192600499999998 0
2891 0.0493311800000003 0.002305001 0
2892 0.0489239600000007 0.002305001 0
2893 0.0485172199999999 0.002305001 0
2894 0.0352153700000004 0.00369601 0
2895 0.0354480700000002 0.00320001 0
2896 0.0388894000000004 0.00320001 0
2897 0.0396533000000003 0.003695011 0
2898 0.0393810200000004 0.00320001 0
2899 0.0398721700000007 0.00320001 0
2900 0.0392093600000001 0.00470401399999998 0
2901 0.0474400500000005 0.00446501399999999 0
2902 0.0427083900000005 0.00468601299999999 0
2903 0.0404233899999999 0.00419799999999998 0
2904 0.0461053800000002 0.00387500299999999 0
2905 0.0462360300000002 0.004800007 0
2906 0.0462141000000003 0.004277006 0
2907 0.0458373999999999 0.005168006 0
2908 0.0471830300000002 0.00494501 0
2909 0.0416960700000004 0.004698009 0
2910 0.0364642100000001 0.004200012 0
2911 0.0367283800000004 0.00470401399999998 0
2912 0.0344853400000007 0.004200012 0
2913 0.0347223200000002 0.00369601 0
2914 0.0327591900000002 0.00470401399999998 0
2915 0.0325150400000007 0.005200014 0
2916 0.0295290900000005 0.005200014 0
2917 0.0300273899999999 0.005200014 0
2918 0.0330123900000006 0.005200014 0
2919 0.0344653100000007 0.00320001 0
2920 0.0349574000000006 0.00320001 0
2921 0.0339741700000005 0.00320001 0
2922 0.0310254100000007 0.00320001 0
2923 0.0315160700000003 0.00320001 0
2924 0.0295400600000004 0.004200012 0
2925 0.0283122000000002 0.00369601 0
2926 0.0300421700000006 0.00320001 0
2927 0.0253543800000005 0.00369601 0
2928 0.0256180700000002 0.00320001 0
2929 0.0270671800000004 0.004200012 0
2930 0.0273022599999999 0.00470401399999998 0
2931 0.02704095 0.005200014 0
2932 0.0277981700000005 0.00470401399999998 0
2933 0.0468363700000003 0.00601600099999999 0
2934 0.0498399700000007 0.006583005 0
2935 0.0495090400000002 0.005665005 0
2936 0.04966735 0.00609000099999998 0
2937 0.0494551599999999 0.00744600599999998 0
2938 0.0501313200000002 0.00615400099999999 0
2939 0.04995203 0.005665005 0
2940 0.0790982200000006 0.00676700499999999 0
2941 0.0776219300000003 0.00676700499999999 0
2942 0.07737207 0.00726599999999999 0
2943 0.0786061199999999 0.00676700499999999 0
2944 0.08205127 0.00676700499999999 0
2945 0.0817971200000001 0.007329002 0
2946 0.0823073299999999 0.007272005 0
2947 0.0825433700000007 0.00676700499999999 0
2948 0.0828170699999999 0.007302001 0
2949 0.0830349900000007 0.006753013 0
2950 0.0512800200000001 0.005665005 0
2951 0.0530190400000006 0.00676800299999999 0
2952 0.0527071900000005 0.007196009 0
2953 0.0503940500000004 0.005665005 0
2954 0.0517220500000004 0.005665005 0
2955 0.0517973899999999 0.00614801099999998 0
2956 0.0873661000000006 0.00587500699999999 0
2957 0.0868811599999999 0.00596000299999999 0
2958 0.0864009800000005 0.00606800599999999 0
2959 0.0874862600000004 0.00872801299999998 0
2960 0.09029913 0.006670013 0
2961 0.0908050500000002 0.00576500599999999 0
2962 0.0925292899999999 0.00628700899999998 0
2963 0.0927729600000005 0.00576500599999999 0
2964 0.0922813400000004 0.00576500599999999 0
2965 0.0939493100000002 0.00682801 0
2966 0.12959337 0.011811003 0
2967 0.0957260099999999 0.00576500599999999 0
2968 0.0912961900000004 0.006749004 0
2969 0.0920310000000004 0.00629000399999999 0
2970 0.0918011600000002 0.00688201199999999 0
2971 0.0917892400000007 0.00576500599999999 0
2972 0.09304237 0.00639100399999998 0
2973 0.0922780000000003 0.00673200199999999 0
2974 0.0933423000000007 0.007106006 0
2975 0.0957260099999999 0.00754500999999999 0
2976 0.0927462500000003 0.00686199999999998 0
2977 0.0918259600000004 0.00745500699999999 0
2978 0.0916509599999999 0.00791600399999998 0
2979 0.0857882500000002 0.007300005 0
2980 0.0707330700000002 0.00676700499999999 0
2981 0.0689802100000003 0.00726400299999999 0
2982 0.0687651599999999 0.00676800299999999 0
2983 0.0684871600000001 0.00726400299999999 0
2984 0.0709533600000007 0.00726300499999999 0
2985 0.0761461200000006 0.00676700499999999 0
2986 0.0751624099999999 0.00676700499999999 0
2987 0.0756540299999999 0.00676700499999999 0
2988 0.0886240000000003 0.00756400899999998 0
2989 0.09435796 0.00760901 0
2990 0.0831351200000006 0.00788201399999999 0
2991 0.08281326 0.00841400099999998 0
2992 0.0835351900000001 0.00851400199999999 0
2993 0.0939283300000007 0.00740200299999999 0
2994 0.09359216 0.00781400499999998 0
2995 0.0937781300000005 0.00839801199999998 0
2996 0.08257198 0.007809013 0
2997 0.0718912999999999 0.008271009 0
2998 0.0723872100000005 0.008271009 0
2999 0.0721631 0.00776700699999999 0
3000 0.0682730600000001 0.00676800299999999 0
3001 0.0684170700000006 0.008272007 0
3002 0.0682053500000004 0.00776800499999999 0
3003 0.06158208 0.00726900999999999 0
3004 0.0618762900000007 0.00676800299999999 0
3005 0.0613842 0.00676800299999999 0
3006 0.0586643200000001 0.00722700399999998 0
3007 0.0612821500000003 0.007775009 0
3008 0.0610890300000007 0.00726900999999999 0
3009 0.0605959800000004 0.00726900999999999 0
3010 0.0604000000000005 0.00676800299999999 0
3011 0.0608921000000002 0.00676800299999999 0
3012 0.0589232400000004 0.00676800299999999 0
3013 0.0659360800000002 0.008273006 0
3014 0.0648283900000006 0.00676800299999999 0
3015 0.0650343900000001 0.00726599999999999 0
3016 0.0653200100000007 0.00676800299999999 0
3017 0.0562553399999999 0.00728000699999998 0
3018 0.0564632400000002 0.00676800299999999 0
3019 0.0498933700000004 0.00768201099999999 0
3020 0.0540032300000002 0.00676800299999999 0
3021 0.0549459400000005 0.00787000399999999 0
3022 0.0575399400000007 0.00776700699999999 0
3023 0.0584311400000006 0.00676800299999999 0
3024 0.0449399900000005 0.00541900099999998 0
3025 0.0454239800000007 0.00553400799999998 0
3026 0.0421991300000002 0.004693002 0
3027 0.0439581800000006 0.00526000599999998 0
3028 0.04147195 0.005200014 0
3029 0.0419702500000003 0.005200014 0
3030 0.0409750899999999 0.005200014 0
3031 0.04246807 0.005200014 0
3032 0.0335102000000003 0.005200014 0
3033 0.035501 0.005200014 0
3034 0.0275392500000002 0.005200014 0
3035 0.0280361100000004 0.005200014 0
3036 0.0285344100000007 0.005200014 0
3037 0.0146002700000007 0.005200014 0
3038 0.0220651600000004 0.005200014 0
3039 0.0350031800000004 0.005200014 0
3040 0.0260462700000001 0.005200014 0
3041 0.01758623 0.005200014 0
3042 0.0180830900000002 0.005200014 0
3043 0.01837205 0.00470501199999998 0
3044 0.0225620200000005 0.005200014 0
3045 0.0369939800000001 0.005200014 0
3046 0.0389842900000001 0.005200014 0
3047 0.0384860000000007 0.005200014 0
3048 0.03052425 0.005200014 0
3049 0.00892925000000044 0.00587201099999998 0
3050 0.0080990700000001 0.004862011 0
3051 0.00778436000000049 0.005333007 0
3052 0.00751113000000014 0.00586600599999998 0
3053 0.00977802000000061 0.006219 0
3054 0.00946235000000062 0.00564400899999998 0
3055 0.0114540999999999 0.00739601299999998 0
3056 0.0122089299999999 0.005636007 0
3057 0.00249719000000059 0.00468400199999999 0
3058 0.00169038000000032 0.00552301099999999 0
3059 0.00455235999999992 0.00556400399999998 0
3060 0.00358438000000039 0.004773006 0
3061 0.00415229000000039 0.00508 0
3062 0 0.00479300399999999 0
3063 0.00107717000000029 0.00516900499999998 0
3064 0 0.00500600099999998 0
3065 0.00228929000000022 0.005140007 0
3066 0.00207996000000055 0.00552301099999999 0
3067 0.00247097000000007 0.00552301099999999 0
3068 0.000908370000000325 0.00552301099999999 0
3069 0.00129938000000074 0.00552301099999999 0
3070 0.000517359999999911 0.00552301099999999 0
3071 0.00929927000000053 0.006137014 0
3072 0.00566434000000005 0.00825799999999999 0
3073 0.0093541100000003 0.00660100599999999 0
3074 0.0102710699999999 0.00696501199999999 0
3075 0.00985527000000008 0.00774000599999999 0
3076 0.00935506000000075 0.00754600799999999 0
3077 0.0109109800000002 0.00763000599999999 0
3078 0.00608635000000035 0.00843600999999999 0
3079 0.00608635000000035 0.007964 0
3080 0.0103683400000003 0.007442013 0
3081 0.00430822000000042 0.00690901299999999 0
3082 0.00608635000000035 0.00749100799999999 0
3083 0.00487613000000042 0.00718200199999999 0
3084 0.00455808000000069 0.007101 0
3085 0.00428438000000053 0.00726000999999998 0
3086 0.00398634999999992 0.00680699999999998 0
3087 0.00398634999999992 0.007109002 0
3088 0.00398634999999992 0.007412002 0
3089 0.00986814000000003 0.008239001 0
3090 0.0103893200000007 0.00795701199999999 0
3091 0.0508022300000004 0.008085013 0
3092 0.00569438000000044 0.008749008 0
3093 0.00935506000000075 0.008019001 0
3094 0.0114540999999999 0.00789301099999998 0
3095 0.00398634999999992 0.00835899999999998 0
3096 0.0043320600000003 0.00818300299999999 0
3097 0.0114540999999999 0.00839100799999998 0
3098 0.0517463600000001 0.00839900999999998 0
3099 0.0525679500000003 0.00810301299999999 0
3100 0.0529952000000007 0.00826400499999999 0
3101 0.0561909600000003 0.00876800699999999 0
3102 0.0607891 0.007776007 0
3103 0.0604801100000003 0.00827600099999998 0
3104 0.0578851700000005 0.008250013 0
3105 0.0733799900000003 0.008271009 0
3106 0.0728831200000002 0.008271009 0
3107 0.0731110500000005 0.00876700899999999 0
3108 0.0940670900000002 0.00795200499999998 0
3109 0.08239412 0.00894901199999998 0
3110 0.0830941200000002 0.00898601099999999 0
3111 0.0851740800000007 0.00819800799999998 0
3112 0.0827260000000001 0.00938001299999999 0
3113 0.0945253300000006 0.007996008 0
3114 0.0946683799999999 0.00839801199999998 0
3115 0.0902309400000005 0.00886100599999998 0
3116 0.0951132700000006 0.00839801199999998 0
3117 0.0854153600000007 0.00895000999999998 0
3118 0.07813406 0.00778700399999999 0
3119 0.0770921700000002 0.00876700899999999 0
3120 0.0775890300000004 0.00877800599999998 0
3121 0.0711202600000007 0.00876700899999999 0
3122 0.0713953900000002 0.008271009 0
3123 0.0716180800000004 0.00876700899999999 0
3124 0.0721163700000007 0.00876700899999999 0
3125 0.07261323 0.00876700899999999 0
3126 0.0746040300000006 0.00876700899999999 0
3127 0.0765943500000006 0.00876700899999999 0
3128 0.0751013700000005 0.00876700899999999 0
3129 0.0800371100000001 0.00918701299999999 0
3130 0.0849080000000004 0.010341004 0
3131 0.0852761200000005 0.010690004 0
3132 0.0864739400000003 0.008798003 0
3133 0.0919971400000001 0.00839801199999998 0
3134 0.0930361700000004 0.010737002 0
3135 0.07858038 0.00887000599999999 0
3136 0.0915250700000003 0.00839801199999998 0
3137 0.0942230200000003 0.00839801199999998 0
3138 0.0795569400000007 0.00905700099999998 0
3139 0.0566892600000006 0.00876800699999999 0
3140 0.0601720800000001 0.00876800699999999 0
3141 0.0606703700000004 0.00876800699999999 0
3142 0.0621633500000005 0.00876800699999999 0
3143 0.0661439900000005 0.00876700899999999 0
3144 0.0644483500000002 0.008273006 0
3145 0.0691299400000007 0.00876700899999999 0
3146 0.0576839400000004 0.00876800699999999 0
3147 0.0646510100000004 0.00876800699999999 0
3148 0.0656461699999999 0.00876700899999999 0
3149 0.0522279700000006 0.008522004 0
3150 0.0527162500000005 0.00862100799999999 0
3151 0.00556325000000069 0.00911700799999998 0
3152 0.00935506000000075 0.00849100999999999 0
3153 0.0105962700000006 0.010000006 0
3154 0.00608635000000035 0.008909002 0
3155 0.0616650500000002 0.00876800699999999 0
3156 0.0686321200000002 0.00876700899999999 0
3157 0.0651493000000007 0.00876700899999999 0
3158 0.0814313800000006 0.009718001 0
3159 0.0809760000000006 0.00951701399999999 0
3160 0.0114540999999999 0.00888900499999998 0
3161 0.00468635000000006 0.00938201 0
3162 0.00538635000000021 0.00938201 0
3163 0.00608635000000035 0.00938201 0
3164 0.0107541000000007 0.010382012 0
3165 0.0114540999999999 0.009386003 0
3166 0.00935506000000075 0.009909004 0
3167 0.00935506000000075 0.010145009 0
3168 0.00935506000000075 0.010382012 0
3169 0.00962114000000014 0.010070011 0
3170 0.0104041100000005 0.010382012 0
3171 0.0114540999999999 0.009884 0
3172 0.0840611400000002 0.011131004 0
3173 0.0844984000000002 0.011369005 0
3174 0.0848832100000001 0.011009008 0
3175 0.0849351800000004 0.011608005 0
3176 0.0853710100000002 0.011846006 0
3177 0.0862450600000004 0.012322009 0
3178 0.0871119500000006 0.011759013 0
3179 0.0884304 0.013513014 0
3180 0.0909080500000004 0.01177001 0
3181 0.0915250700000003 0.011812002 0
3182 0.0893859800000003 0.013471008 0
3183 0.08799314 0.013275013 0
3184 0.0888671800000003 0.013752014 0
3185 0.0893039700000005 0.01399 0
3186 0.0910782800000005 0.014889002 0
3187 0.0918612400000001 0.01479201 0
3188 0.0920171700000001 0.015219003 0
3189 0.0923042299999999 0.014787004 0
3190 0.0924973400000004 0.015348003 0
3191 0.0929832400000006 0.015454009 0
3192 0.0915431900000003 0.015066013 0
3193 0.0939683900000006 0.015593008 0
3194 0.0918321600000001 0.011258006 0
3195 0.0939450200000005 0.011720002 0
3196 0.0930500000000007 0.011771009 0
3197 0.0934982300000007 0.011601001 0
3198 0.0951342500000001 0.011221007 0
3199 0.0932650500000003 0.011205003 0
3200 0.0937342600000006 0.011189014 0
3201 0.0944004000000005 0.011601001 0
3202 0.0920920299999999 0.010737002 0
3203 0.0858082700000002 0.012084008 0
3204 0.0939793500000006 0.010737002 0
3205 0.0935082400000002 0.010737002 0
3206 0.0949230100000005 0.010737002 0
3207 0.0964593800000006 0.014784009 0
3208 0.0959711000000008 0.014643014 0
3209 0.09573316 0.015126005 0
3210 0.1007471 0.014537007 0
3211 0.101833340000001 0.014597014 0
3212 0.102686400000001 0.015105009 0
3213 0.103918070000001 0.014088005 0
3214 0.0983853300000002 0.013504014 0
3215 0.0997571900000001 0.013638005 0
3216 0.102170940000001 0.015080005 0
3217 0.10949325 0.014033005 0
3218 0.10981607 0.013638005 0
3219 0.10933303 0.013631001 0
3220 0.110736370000001 0.014666006 0
3221 0.11029815 0.013638005 0
3222 0.11078119 0.013638005 0
3223 0.112229340000001 0.013638005 0
3224 0.10677814 0.012546003 0
3225 0.107182020000001 0.015116006 0
3226 0.10546636 0.014628008 0
3227 0.10518312 0.01513201 0
3228 0.10671138 0.015202001 0
3229 0.11011695 0.015240014 0
3230 0.11056423 0.015154004 0
3231 0.111072060000001 0.015159011 0
3232 0.11038923 0.015638009 0
3233 0.105412 0.015638009 0
3234 0.10491514 0.015638009 0
3235 0.10866212 0.015218005 0
3236 0.10889625 0.015638009 0
3237 0.105910300000001 0.015638009 0
3238 0.10640811 0.015638009 0
3239 0.102427 0.015638009 0
3240 0.0962209700000001 0.015179009 0
3241 0.0959572700000004 0.015638009 0
3242 0.0964550900000001 0.015638009 0
3243 0.0994410500000003 0.015638009 0
3244 0.0979480700000002 0.015638009 0
3245 0.10690498 0.015638009 0
3246 0.107403270000001 0.015638009 0
3247 0.109890930000001 0.015638009 0
3248 0.11088609 0.015638009 0
3249 0.114370340000001 0.015638009 0
3250 0.11561012 0.014493004 0
3251 0.11715412 0.015140012 0
3252 0.117649070000001 0.015142009 0
3253 0.1173563 0.015638009 0
3254 0.11934614 0.015638009 0
3255 0.12160301 0.015143007 0
3256 0.12133693 0.015638009 0
3257 0.12183427 0.015638009 0
3258 0.118350980000001 0.015638009 0
3259 0.11785316 0.015638009 0
3260 0.12776327 0.016071007 0
3261 0.12816619 0.015595004 0
3262 0.12765407 0.015442014 0
3263 0.1286993 0.01640901 0
3264 0.12915325 0.016614005 0
3265 0.12823629 0.016228006 0
3266 0.129596230000001 0.016840011 0
3267 0.13013601 0.015893013 0
3268 0.13010215 0.016505003 0
3269 0.1300311 0.017081008 0
3270 0.13046217 0.017329008 0
3271 0.13089418 0.017578006 0
3272 0.13181495 0.015141011 0
3273 0.12860631 0.015094012 0
3274 0.12581396 0.015688002 0
3275 0.127339360000001 0.01407601 0
3276 0.126307010000001 0.015749008 0
3277 0.126101970000001 0.015133009 0
3278 0.12467098 0.014449001 0
3279 0.125874990000001 0.014481008 0
3280 0.12163209 0.014134005 0
3281 0.12212228 0.014134005 0
3282 0.11648702 0.014631003 0
3283 0.11871099 0.014134005 0
3284 0.11968326 0.014133007 0
3285 0.11919736 0.014133007 0
3286 0.120169160000001 0.014133007 0
3287 0.12065601 0.014133007 0
3288 0.116297240000001 0.014123008 0
3289 0.1141591 0.013638005 0
3290 0.115838050000001 0.014096007 0
3291 0.118986130000001 0.013638005 0
3292 0.11946821 0.013638005 0
3293 0.119951240000001 0.013638005 0
3294 0.12043428 0.013638005 0
3295 0.120916360000001 0.013638005 0
3296 0.121881960000001 0.013638005 0
3297 0.125911230000001 0.013273001 0
3298 0.128286360000001 0.011746005 0
3299 0.128658290000001 0.012056008 0
3300 0.12829494 0.012970001 0
3301 0.12889814 0.012687013 0
3302 0.12781524 0.012504012 0
3303 0.12828207 0.012334004 0
3304 0.12604808 0.012647003 0
3305 0.11850309 0.013638005 0
3306 0.11657333 0.013638005 0
3307 0.1213994 0.013638005 0
3308 0.116090290000001 0.013638005 0
3309 0.11753797 0.013638005 0
3310 0.118021010000001 0.013638005 0
3311 0.11560726 0.013638005 0
3312 0.108423230000001 0.013338 0
3313 0.10804605 0.013036013 0
3314 0.101632110000001 0.013638005 0
3315 0.0977220500000007 0.012953013 0
3316 0.0982260699999999 0.013080001 0
3317 0.0982260699999999 0.012142003 0
3318 0.10222625 0.012142003 0
3319 0.1059761 0.011737004 0
3320 0.10560035 0.011737004 0
3321 0.103005400000001 0.011630014 0
3322 0.0977540000000001 0.010737002 0
3323 0.0982260699999999 0.011205003 0
3324 0.0982260699999999 0.010737002 0
3325 0.10222625 0.011674002 0
3326 0.102601050000001 0.010737002 0
3327 0.10222625 0.010737002 0
3328 0.0982260699999999 0.012611002 0
3329 0.0968103400000002 0.010737002 0
3330 0.0953950800000003 0.010737002 0
3331 0.0955543500000005 0.00836901399999998 0
3332 0.0957260099999999 0.007991001 0
3333 0.09728241 0.010737002 0
3334 0.10335111 0.010737002 0
3335 0.10372638 0.010737002 0
3336 0.10464334 0.011609003 0
3337 0.104918000000001 0.011733011 0
3338 0.10635232 0.011737004 0
3339 0.10672807 0.011737004 0
3340 0.10756015 0.012212009 0
3341 0.10710334 0.011737004 0
3342 0.10747909 0.011737004 0
3343 0.12739133 0.012106002 0
3344 0.127838130000001 0.011926011 0
3345 0.130884170000001 0.011602 0
3346 0.129970070000001 0.011565 0
3347 0.13011217 0.011145011 0
3348 0.1305952 0.011132002 0
3349 0.1075201 0.011974007 0
3350 0.12963724 0.01122801 0
3351 0.13107729 0.011132002 0
3352 0.16976499 0.040272013 0
3353 0.16969728 0.040831 0
3354 0.17018699 0.040679008 0
3355 0.16772317 0.042107001 0
3356 0.16726398 0.042172 0
3357 0.16648626 0.041448012 0
3358 0.16648626 0.041834012 0
3359 0.16648626 0.042608008 0
3360 0.16690921 0.04281801 0
3361 0.16714239 0.043136001 0
3362 0.170137400000001 0.041309014 0
3363 0.17148399 0.042566002 0
3364 0.169301030000001 0.043519005 0
3365 0.16911029 0.043881014 0
3366 0.169506070000001 0.043881014 0
3367 0.171247950000001 0.042050004 0
3368 0.17187595 0.042035014 0
3369 0.17091608 0.043454007 0
3370 0.172040930000001 0.042659 0
3371 0.1705923 0.040407002 0
3372 0.17070198 0.039936006 0
3373 0.1702342 0.040104002 0
3374 0.17117404 0.039799005 0
3375 0.17167329 0.039799005 0
3376 0.172171110000001 0.039799005 0
3377 0.17416238 0.039799005 0
3378 0.1746521 0.040783003 0
3379 0.17465925 0.039799005 0
3380 0.17442607 0.041441009 0
3381 0.173648350000001 0.03011401 0
3382 0.17515707 0.039799005 0
3383 0.175546160000001 0.040796012 0
3384 0.175141330000001 0.03011401 0
3385 0.17563819 0.03011401 0
3386 0.175892350000001 0.02961801 0
3387 0.17638921 0.02961801 0
3388 0.176081180000001 0.040859014 0
3389 0.1763544 0.040285006 0
3390 0.17658424 0.040746004 0
3391 0.17506408 0.041239009 0
3392 0.172436230000001 0.043906004 0
3393 0.172925940000001 0.045034007 0
3394 0.1724863 0.045369014 0
3395 0.174348350000001 0.044244007 0
3396 0.1781373 0.045392007 0
3397 0.17807817 0.044598013 0
3398 0.17674827 0.046807006 0
3399 0.178575990000001 0.046467007 0
3400 0.177445410000001 0.049926013 0
3401 0.175277230000001 0.049995005 0
3402 0.173696990000001 0.052167014 0
3403 0.1724863 0.049273014 0
3404 0.1724863 0.049761012 0
3405 0.1724863 0.050249011 0
3406 0.1724863 0.047321007 0
3407 0.1724863 0.044881001 0
3408 0.1724863 0.045857013 0
3409 0.17243719 0.044572011 0
3410 0.17229509 0.044293002 0
3411 0.17211818 0.043675006 0
3412 0.17207431 0.044072002 0
3413 0.170694350000001 0.043881014 0
3414 0.1702981 0.043881014 0
3415 0.166851990000001 0.043481008 0
3416 0.16721916 0.043581009 0
3417 0.16831827 0.043881014 0
3418 0.167951100000001 0.043781013 0
3419 0.17179536 0.043930009 0
3420 0.1724863 0.050737009 0
3421 0.17297935 0.051440001 0
3422 0.173004150000001 0.053435013 0
3423 0.1724863 0.053665012 0
3424 0.1724863 0.051225007 0
3425 0.17342901 0.05320701 0
3426 0.173603050000001 0.052744001 0
3427 0.17752599 0.056126014 0
3428 0.173009390000001 0.058295012 0
3429 0.174829 0.056662008 0
3430 0.1748681 0.059045002 0
3431 0.1724863 0.05805701 0
3432 0.172996990000001 0.058793009 0
3433 0.1724863 0.058545009 0
3434 0.1724863 0.057569012 0
3435 0.1724863 0.057081014 0
3436 0.1724863 0.056105003 0
3437 0.1724863 0.055617005 0
3438 0.1724863 0.056593001 0
3439 0.1724863 0.060985014 0
3440 0.1724863 0.062449009 0
3441 0.1724863 0.063425005 0
3442 0.1724863 0.06196101 0
3443 0.1724863 0.061473012 0
3444 0.173548220000001 0.062983007 0
3445 0.173363200000001 0.063419998 0
3446 0.1724863 0.063913018 0
3447 0.1724863 0.064889014 0
3448 0.172914980000001 0.06684202 0
3449 0.1724863 0.06684202 0
3450 0.17302322 0.066491008 0
3451 0.17346 0.066424012 0
3452 0.173343180000001 0.06684202 0
3453 0.17377233 0.06684202 0
3454 0.17420005 0.06684202 0
3455 0.174022190000001 0.063463003 0
3456 0.1749711 0.059956 0
3457 0.175464150000001 0.06086801 0
3458 0.17462921 0.06684202 0
3459 0.17505741 0.06684202 0
3460 0.17634296 0.06684202 0
3461 0.17591524 0.06684202 0
3462 0.17797231 0.06564802 0
3463 0.17720031 0.06684202 0
3464 0.17748594 0.066489995 0
3465 0.177628990000001 0.06684202 0
3466 0.178026190000001 0.063251019 0
3467 0.17794227 0.061265007 0
3468 0.177293300000001 0.061535001 0
3469 0.17688417 0.060134009 0
3470 0.17737722 0.059621007 0
3471 0.177938930000001 0.059314013 0
3472 0.177964210000001 0.060766012 0
3473 0.17848634 0.060514003 0
3474 0.17848634 0.061001003 0
3475 0.17848634 0.058567003 0
3476 0.17848634 0.059054002 0
3477 0.17738437 0.055635006 0
3478 0.17797422 0.055876002 0
3479 0.1761403 0.054620013 0
3480 0.17660617 0.053742007 0
3481 0.177957050000001 0.056377009 0
3482 0.17550325 0.053954006 0
3483 0.177462100000001 0.053705007 0
3484 0.17730331 0.05319801 0
3485 0.17753839 0.050759003 0
3486 0.17794227 0.052449003 0
3487 0.17848634 0.052239001 0
3488 0.17761707 0.051188007 0
3489 0.178812020000001 0.041419 0
3490 0.17998123 0.040299014 0
3491 0.18249034 0.043820009 0
3492 0.182103150000001 0.044437006 0
3493 0.182001110000001 0.040873006 0
3494 0.18204927 0.040248007 0
3495 0.182569020000001 0.044935003 0
3496 0.18153905 0.045441002 0
3497 0.18196106 0.045446009 0
3498 0.18173027 0.044905007 0
3499 0.18129301 0.045021013 0
3500 0.18022537 0.045474008 0
3501 0.180499070000001 0.045881003 0
3502 0.181361190000001 0.045881003 0
3503 0.18179225 0.045881003 0
3504 0.17848634 0.046885014 0
3505 0.17808723 0.046477005 0
3506 0.17804098 0.050989002 0
3507 0.17848634 0.051266 0
3508 0.17848634 0.050292 0
3509 0.17848634 0.054673001 0
3510 0.17848634 0.056133002 0
3511 0.17848634 0.061487004 0
3512 0.17848634 0.059540004 0
3513 0.17848634 0.061974004 0
3514 0.17848634 0.065381021 0
3515 0.17848634 0.063921005 0
3516 0.178057190000001 0.06684202 0
3517 0.17848634 0.06586802 0
3518 0.17848634 0.063434005 0
3519 0.17848634 0.06684202 0
3520 0.17848634 0.050779 0
3521 0.18215322 0.045065001 0
3522 0.18446636 0.044856012 0
3523 0.18467617 0.04539901 0
3524 0.18557119 0.045465008 0
3525 0.18532419 0.045881003 0
3526 0.18487215 0.045881003 0
3527 0.183086390000001 0.045881003 0
3528 0.18265533 0.045881003 0
3529 0.18577623 0.044960007 0
3530 0.18239831 0.045456007 0
3531 0.18351697 0.045881003 0
3532 0.182224270000001 0.045881003 0
3533 0.18577623 0.045881003 0
3534 0.186000340000001 0.045447007 0
3535 0.18622827 0.045881003 0
3536 0.188395020000001 0.045672 0
3537 0.18827629 0.045881003 0
3538 0.18848705 0.045881003 0
3539 0.18667936 0.045881003 0
3540 0.18834209 0.045424 0
3541 0.18865919 0.045881003 0
3542 0.188422200000001 0.044605002 0
3543 0.18924808 0.044631005 0
3544 0.18950796 0.044349 0
3545 0.18885135 0.044524014 0
3546 0.18936824 0.045036003 0
3547 0.189605230000001 0.044754014 0
3548 0.189841270000001 0.044472009 0
3549 0.189841270000001 0.044106007 0
3550 0.188500400000001 0.043014005 0
3551 0.188850400000001 0.042620004 0
3552 0.185354230000001 0.041870013 0
3553 0.18598318 0.041276008 0
3554 0.18325996 0.041357011 0
3555 0.1871562 0.041031003 0
3556 0.18837213 0.042496011 0
3557 0.18959331 0.042641014 0
3558 0.189841270000001 0.043007002 0
3559 0.189841270000001 0.042641014 0
3560 0.188268180000001 0.037273005 0
3561 0.186944 0.039170012 0
3562 0.18773508 0.038661003 0
3563 0.18791294 0.038198009 0
3564 0.18720722 0.040051014 0
3565 0.18737936 0.039586008 0
3566 0.18755722 0.039123014 0
3567 0.187222 0.037307009 0
3568 0.18623018 0.036924005 0
3569 0.18812608 0.035118014 0
3570 0.18816614 0.034636006 0
3571 0.188028330000001 0.036383003 0
3572 0.188446040000001 0.036811009 0
3573 0.188090320000001 0.037736014 0
3574 0.18862438 0.036348 0
3575 0.186290260000001 0.034421012 0
3576 0.18665599 0.035145 0
3577 0.18877935 0.034594 0
3578 0.185978410000001 0.034862012 0
3579 0.18771505 0.03599 0
3580 0.18720722 0.03564401 0
3581 0.185969350000001 0.035403014 0
3582 0.18529129 0.035429001 0
3583 0.184953210000001 0.036421001 0
3584 0.18471098 0.036911011 0
3585 0.18589735 0.032840014 0
3586 0.18536806 0.033120007 0
3587 0.18589401 0.033413008 0
3588 0.18545293 0.034957007 0
3589 0.184846400000001 0.035027013 0
3590 0.18502521 0.034563005 0
3591 0.18861532 0.033184007 0
3592 0.18428707 0.036411003 0
3593 0.18448925 0.035956011 0
3594 0.1851263 0.035922006 0
3595 0.18552923 0.039229006 0
3596 0.18515396 0.038561002 0
3597 0.1829462 0.038988009 0
3598 0.18444299 0.038434014 0
3599 0.18153238 0.039184004 0
3600 0.18197107 0.038947001 0
3601 0.17963409 0.039752007 0
3602 0.17864036 0.039799005 0
3603 0.183761120000001 0.038243011 0
3604 0.18410825 0.037818 0
3605 0.182384010000001 0.038670004 0
3606 0.183480260000001 0.037663013 0
3607 0.18478918 0.037944004 0
3608 0.18466806 0.035492003 0
3609 0.18712425 0.033592001 0
3610 0.18933534 0.034498006 0
3611 0.18893623 0.034118012 0
3612 0.18951225 0.034036011 0
3613 0.18843603 0.034233004 0
3614 0.18841934 0.033720002 0
3615 0.18988132 0.033117011 0
3616 0.18649625 0.033160001 0
3617 0.18561697 0.034463004 0
3618 0.18532609 0.033616007 0
3619 0.18580007 0.033966005 0
3620 0.18644523 0.033809007 0
3621 0.185200210000001 0.034097001 0
3622 0.185328960000001 0.032625005 0
3623 0.18645095 0.032497004 0
3624 0.18629312 0.031822011 0
3625 0.18580532 0.032266006 0
3626 0.18439722 0.03090401 0
3627 0.178874970000001 0.02961801 0
3628 0.179372310000001 0.02961801 0
3629 0.1816101 0.03011401 0
3630 0.18934822 0.031523004 0
3631 0.19362306 0.030188009 0
3632 0.19411516 0.030136004 0
3633 0.197021960000001 0.030629009 0
3634 0.198927400000001 0.031175003 0
3635 0.198274130000001 0.029929012 0
3636 0.1922183 0.030654013 0
3637 0.192286960000001 0.029993013 0
3638 0.192669390000001 0.030451 0
3639 0.19313812 0.030290008 0
3640 0.19280624 0.029834003 0
3641 0.190093040000001 0.032669008 0
3642 0.190013400000001 0.029725001 0
3643 0.19067096 0.029305011 0
3644 0.200344080000001 0.031619013 0
3645 0.201226230000001 0.032065004 0
3646 0.202688210000001 0.031932012 0
3647 0.20303535 0.031585008 0
3648 0.20317602 0.031115011 0
3649 0.20313024 0.030135006 0
3650 0.20317697 0.030619011 0
3651 0.195808410000001 0.029183001 0
3652 0.197021 0.028926 0
3653 0.1966052 0.028695002 0
3654 0.18698406 0.029078007 0
3655 0.18606519 0.028114006 0
3656 0.1908493 0.028646007 0
3657 0.18507432 0.028114006 0
3658 0.18435239 0.028656006 0
3659 0.18484926 0.028581009 0
3660 0.185112950000001 0.02896601 0
3661 0.18311595 0.029155001 0
3662 0.183341980000001 0.028615013 0
3663 0.18358802 0.028114006 0
3664 0.18408298 0.028114006 0
3665 0.19102001 0.028114006 0
3666 0.193776130000001 0.028627008 0
3667 0.1942811 0.028605014 0
3668 0.19614124 0.028716013 0
3669 0.196949 0.028348014 0
3670 0.19743013 0.028467 0
3671 0.19646215 0.028253004 0
3672 0.19349718 0.028114006 0
3673 0.19448804 0.028114006 0
3674 0.19399309 0.028114006 0
3675 0.19201135 0.028114006 0
3676 0.184579370000001 0.028114006 0
3677 0.187056060000001 0.028114006 0
3678 0.18309211 0.028114006 0
3679 0.18036699 0.02961801 0
3680 0.17937517 0.028609008 0
3681 0.17714595 0.028114006 0
3682 0.179871080000001 0.028609008 0
3683 0.18086338 0.028609008 0
3684 0.18061494 0.028114006 0
3685 0.18011903 0.028114006 0
3686 0.181110380000001 0.028114006 0
3687 0.17912817 0.028114006 0
3688 0.16020727 0.018445 0
3689 0.15972995 0.018651009 0
3690 0.16020727 0.018941 0
3691 0.17962408 0.028114006 0
3692 0.17466926 0.028114006 0
3693 0.17143917 0.028609008 0
3694 0.170705310000001 0.028114006 0
3695 0.17120122 0.028114006 0
3696 0.169927120000001 0.02961801 0
3697 0.170423980000001 0.02961801 0
3698 0.17613601 0.03011401 0
3699 0.17862415 0.03011401 0
3700 0.179121970000001 0.03011401 0
3701 0.181112280000001 0.03011401 0
3702 0.179619310000001 0.03011401 0
3703 0.18011713 0.03011401 0
3704 0.18061494 0.03011401 0
3705 0.18210697 0.03011401 0
3706 0.1701641 0.03011401 0
3707 0.16916894 0.03011401 0
3708 0.1706624 0.03011401 0
3709 0.16966724 0.03011401 0
3710 0.16867113 0.03011401 0
3711 0.166681290000001 0.03011401 0
3712 0.16767597 0.03011401 0
3713 0.168174260000001 0.03011401 0
3714 0.16618299 0.03011401 0
3715 0.1664462 0.029617012 0
3716 0.16822814 0.028114006 0
3717 0.16773223 0.028114006 0
3718 0.166245930000001 0.028114006 0
3719 0.16674137 0.028114006 0
3720 0.16723728 0.028114006 0
3721 0.165255070000001 0.028114006 0
3722 0.16597938 0.028607011 0
3723 0.16575002 0.028114006 0
3724 0.16396904 0.028586001 0
3725 0.16327333 0.028113008 0
3726 0.16376829 0.028114006 0
3727 0.16469001 0.030106008 0
3728 0.1634531 0.028586001 0
3729 0.16143512 0.028519005 0
3730 0.16038703 0.029007003 0
3731 0.1587224 0.027468011 0
3732 0.161051270000001 0.027087003 0
3733 0.16097211 0.027614013 0
3734 0.156949040000001 0.02700001 0
3735 0.15823602 0.027758003 0
3736 0.15875721 0.026929006 0
3737 0.15652132 0.026747003 0
3738 0.155234330000001 0.02599001 0
3739 0.15577411 0.025657013 0
3740 0.15705919 0.025800005 0
3741 0.15790224 0.026333005 0
3742 0.157782070000001 0.025660008 0
3743 0.15224599 0.023645014 0
3744 0.151805400000001 0.023968011 0
3745 0.15223312 0.024221003 0
3746 0.15266227 0.02447401 0
3747 0.152730940000001 0.02324301 0
3748 0.15262794 0.022368014 0
3749 0.15355014 0.022382006 0
3750 0.14880418 0.022200004 0
3751 0.1524682 0.020638004 0
3752 0.152513020000001 0.021385014 0
3753 0.15195322 0.021711007 0
3754 0.15309429 0.020888001 0
3755 0.155827990000001 0.021820009 0
3756 0.15585422 0.021217004 0
3757 0.15740299 0.021394 0
3758 0.15822315 0.020982012 0
3759 0.15969705 0.022180006 0
3760 0.15919923 0.021940008 0
3761 0.15915298 0.022476003 0
3762 0.159291260000001 0.022942007 0
3763 0.15913105 0.023421005 0
3764 0.15923929 0.023918003 0
3765 0.1590414 0.024424002 0
3766 0.159155360000001 0.024977014 0
3767 0.15967512 0.024680004 0
3768 0.159687040000001 0.02417101 0
3769 0.16020727 0.024391011 0
3770 0.15970802 0.023659006 0
3771 0.16020727 0.024886012 0
3772 0.16020727 0.023400009 0
3773 0.16020727 0.023895011 0
3774 0.159723280000001 0.021680013 0
3775 0.16020727 0.021418006 0
3776 0.16020727 0.021914006 0
3777 0.159264080000001 0.021445006 0
3778 0.14061212 0.01891701 0
3779 0.14066839 0.017668009 0
3780 0.13961601 0.018915013 0
3781 0.13911914 0.018915013 0
3782 0.13862133 0.018915013 0
3783 0.1401143 0.018915013 0
3784 0.139408110000001 0.016634003 0
3785 0.14173507 0.017210007 0
3786 0.140213960000001 0.017158002 0
3787 0.1391654 0.016080007 0
3788 0.139646050000001 0.016080007 0
3789 0.140609260000001 0.016080007 0
3790 0.13991403 0.016617 0
3791 0.14012813 0.016080007 0
3792 0.13808631 0.017757014 0
3793 0.13795995 0.01662001 0
3794 0.13820219 0.016080007 0
3795 0.138684270000001 0.016080007 0
3796 0.13817501 0.017124012 0
3797 0.137721060000001 0.016080007 0
3798 0.13724041 0.016080007 0
3799 0.13563537 0.018908009 0
3800 0.13605403 0.017135009 0
3801 0.13678216 0.017221004 0
3802 0.13834524 0.018378005 0
3803 0.13712835 0.018915013 0
3804 0.13366317 0.018663004 0
3805 0.13354206 0.018116013 0
3806 0.13318204 0.018539012 0
3807 0.13339328 0.017584011 0
3808 0.13484907 0.017063007 0
3809 0.131330960000001 0.017815009 0
3810 0.1317873 0.017555014 0
3811 0.13387012 0.016080007 0
3812 0.13531398 0.016080007 0
3813 0.13579511 0.016080007 0
3814 0.13604497 0.016496003 0
3815 0.13627719 0.016080007 0
3816 0.134963030000001 0.013132006 0
3817 0.134482380000001 0.013132006 0
3818 0.13351917 0.013132006 0
3819 0.135704990000001 0.012047008 0
3820 0.13544416 0.013132006 0
3821 0.13546609 0.011622012 0
3822 0.13253402 0.012113005 0
3823 0.13203907 0.012581006 0
3824 0.1340003 0.013132006 0
3825 0.13278722 0.014541 0
3826 0.132256030000001 0.014276013 0
3827 0.13278722 0.014059007 0
3828 0.13208293 0.011989013 0
3829 0.1320424 0.011132002 0
3830 0.133008 0.011132002 0
3831 0.13524007 0.011132002 0
3832 0.13568735 0.011132002 0
3833 0.135930060000001 0.011622012 0
3834 0.136133190000001 0.011132002 0
3835 0.136186120000001 0.012177006 0
3836 0.13657999 0.011132002 0
3837 0.136888020000001 0.013132006 0
3838 0.135926240000001 0.013132006 0
3839 0.13785123 0.013132006 0
3840 0.13878297 0.01295501 0
3841 0.13979196 0.012082011 0
3842 0.13968706 0.012625009 0
3843 0.140239230000001 0.011988014 0
3844 0.14014005 0.012461007 0
3845 0.14059209 0.012296006 0
3846 0.139966960000001 0.011580006 0
3847 0.1403923 0.011527002 0
3848 0.14104414 0.011632011 0
3849 0.140598290000001 0.011132002 0
3850 0.14015102 0.011132002 0
3851 0.157196040000001 0.017454014 0
3852 0.14238309 0.016406 0
3853 0.1437993 0.017371014 0
3854 0.14419508 0.017841012 0
3855 0.14681816 0.017748013 0
3856 0.148710250000001 0.016915009 0
3857 0.151029110000001 0.016915009 0
3858 0.147783270000001 0.016915009 0
3859 0.150566100000001 0.016915009 0
3860 0.14731931 0.016915009 0
3861 0.146391390000001 0.016915009 0
3862 0.149600980000001 0.018559009 0
3863 0.14533424 0.018396005 0
3864 0.14795827 0.018954009 0
3865 0.14293432 0.018758014 0
3866 0.14544916 0.018923 0
3867 0.141605370000001 0.018977002 0
3868 0.14493322 0.019333005 0
3869 0.14493131 0.019952014 0
3870 0.14542198 0.019566 0
3871 0.14401912 0.019554004 0
3872 0.14307022 0.019254014 0
3873 0.14258623 0.019139007 0
3874 0.14354801 0.019392014 0
3875 0.14448022 0.019741014 0
3876 0.14580297 0.020431012 0
3877 0.145370000000001 0.020185009 0
3878 0.14631605 0.020130009 0
3879 0.14623117 0.020684004 0
3880 0.14935922 0.020614013 0
3881 0.15298414 0.01967001 0
3882 0.1530261 0.020255 0
3883 0.155234330000001 0.019871012 0
3884 0.15428304 0.020787001 0
3885 0.156989090000001 0.020278007 0
3886 0.156622410000001 0.019871012 0
3887 0.1575303 0.020666004 0
3888 0.16020727 0.020923004 0
3889 0.16020727 0.020427004 0
3890 0.159705160000001 0.019156009 0
3891 0.15917921 0.019401014 0
3892 0.16020727 0.019436002 0
3893 0.15761995 0.019634009 0
3894 0.15746021 0.020100013 0
3895 0.157047270000001 0.019727007 0
3896 0.15766811 0.019110009 0
3897 0.157196040000001 0.019305006 0
3898 0.157196040000001 0.018842012 0
3899 0.15975809 0.018177003 0
3900 0.16020727 0.017950014 0
3901 0.157573220000001 0.017454014 0
3902 0.158930300000001 0.017911002 0
3903 0.15832519 0.017454014 0
3904 0.15870237 0.017454014 0
3905 0.152884960000001 0.019228012 0
3906 0.157196040000001 0.018379003 0
3907 0.152884960000001 0.018766001 0
3908 0.1523962 0.018523008 0
3909 0.15192794 0.018250004 0
3910 0.152884960000001 0.018303007 0
3911 0.152884960000001 0.017840013 0
3912 0.152884960000001 0.017378003 0
3913 0.152884960000001 0.016915009 0
3914 0.15937709 0.017843008 0
3915 0.15907812 0.017454014 0
3916 0.159810060000001 0.017763004 0
3917 0.16020727 0.017454014 0
3918 0.15945529 0.017454014 0
3919 0.15983104 0.017454014 0
