grid_i,grid_j,X_m,Y_m,Temperature_C,filled_by_nearest
0,0,0.0,0.0020230119999999,754.0751,0
0,1,0.0016792033980565634,0.0013152006612183942,747.3446157436007,0
0,2,0.0034399331941935437,0.0006304939619092137,759.7914509467357,0
0,3,0.005330560090087874,0.0002660240780350094,749.4132487720386,0
0,4,0.00726659830979189,0.0002304429693549642,739.4343533480903,0
0,5,0.008985609206336653,0.0006329048231686484,746.541614933908,0
0,6,0.010805199661539554,0.0014722589644577226,738.5613631789299,0
0,7,0.012479553851515925,0.0022086346063687375,713.1063839760609,0
0,8,0.014221407223988902,0.0028703367279326575,687.2942760072727,0
0,9,0.016123620416989747,0.0033346101953332704,668.0070994629024,0
0,10,0.01827713348808021,0.003476779294284859,652.0866547073952,0
0,11,0.020588633867779815,0.0033564209375439497,639.3475951086252,0
0,12,0.02279000301337839,0.003341244645901627,629.6770662408825,0
0,13,0.024983040764888862,0.0033628225163934303,623.0729630404845,0
0,14,0.02717607851639934,0.003384400386885234,619.439348227781,0
0,15,0.02936911626790982,0.0034059782573770373,618.7793845908126,0
0,16,0.031562154019420294,0.0034275561278688405,621.0887319152876,0
0,17,0.0337583143100095,0.0034678180098503854,626.3559254150285,0
0,18,0.03604401293396054,0.003626791288948332,634.6675954992122,0
0,19,0.03824102972041139,0.003607052909026157,646.0237155179758,0
0,20,0.040201461110103615,0.0032401016430303902,660.6672776453589,0
0,21,0.042006642746099804,0.002650613205246746,684.024041915404,0
0,22,0.04383721003594315,0.001863963545480395,729.9901914097138,0
0,23,0.045849683094868206,0.0011803365235366187,751.9745807765161,0
0,24,0.04763544215556077,0.0009152321887103331,756.4837525146055,0
0,25,0.04878371687304718,0.000998839596629997,754.8802385563569,0
0,26,0.049047079714445926,0.00161441160375078,754.9130794000395,0
0,27,0.04866845224785769,0.0023848812219081535,757.3595624554163,0
0,28,0.04788726113015952,0.003280345979534999,748.0578013211232,0
0,29,0.04740909298118997,0.004099746223283516,690.1170365871167,0
0,30,0.0476731032389629,0.0048613444236848295,643.9432596638793,0
0,31,0.04897574083263549,0.005614974690283749,625.3923296547916,0
0,32,0.05090905953469936,0.006325564000937332,602.2097482561123,0
0,33,0.05305150412734679,0.006729937934411845,586.787027381206,0
0,34,0.05510421063777115,0.006983212059845303,571.1762169246075,0
0,35,0.05727400237222159,0.007083103205451129,559.8206522818288,0
0,36,0.05943240788856143,0.00716024759078839,551.2720918929601,0
0,37,0.06167934306459147,0.00709242416948033,545.3520463801917,0
0,38,0.06387238914807489,0.007113490196870239,542.0424608236423,0
0,39,0.06606542674566494,0.007134916423206197,541.2660740190485,0
0,40,0.06825846428405484,0.007156284324866832,543.0335344965272,0
0,41,0.07045150180271136,0.007177632784969025,547.3661823600058,0
0,42,0.07264453934110125,0.00719900068662966,554.2865178149071,0
0,43,0.07483860017048596,0.007236187286188907,563.9081158464983,0
0,44,0.07703679327149812,0.007293083662098223,576.1244068616207,0
0,45,0.07922556778060197,0.007275228856946058,589.820977391351,0
0,46,0.08140411407076359,0.007157513600313767,603.049859283374,0
0,47,0.0835764272056257,0.006979058468824726,615.874718365293,0
0,48,0.08574650216595084,0.006778902384556861,627.6346823959188,0
0,49,0.08809708668507128,0.0064173315170182495,640.6458825800946,0
0,50,0.09050150925332398,0.0063733837840731986,661.0374186519256,0
0,51,0.0924955810711749,0.0066987777789437675,685.6950156172522,0
0,52,0.0935926921229421,0.007144507568940728,713.270324081399,0
0,53,0.09358604312206605,0.007818118328324748,705.4367962368578,0
0,54,0.09290945008086497,0.008691785299550312,691.1865212662747,0
0,55,0.09212814455330147,0.009592135858624295,664.185239841904,0
0,56,0.0918890947556578,0.010242190544835127,631.7941810642697,0
0,57,0.09266807589776105,0.010516186650488842,623.5132135723424,0
0,58,0.09414901143969612,0.011153459480238343,622.6209031693511,0
0,59,0.09609797125243252,0.01198159706225694,622.846964483529,0
0,60,0.09799490677461611,0.012583903755201662,623.1196650512808,0
0,61,0.09943792729739642,0.012845608455529624,627.0997693087428,0
0,62,0.10063471616525566,0.012913366017898484,636.4849422804821,0
0,63,0.10190789189171194,0.012656355465141877,649.2880623698685,0
0,64,0.10331389811871149,0.012275878377679367,651.2881797859754,0
0,65,0.1048295741010607,0.01207017212488303,654.559458955009,0
0,66,0.10635466219727194,0.012366876602758526,673.6496172309559,0
0,67,0.10819738785932605,0.01301190235123819,649.1042382547336,0
0,68,0.1102406047148799,0.013651060927673205,623.2578968290983,0
0,69,0.11231518435488219,0.01395159998182053,605.9040509476171,0
0,70,0.1144466145707125,0.014118222153374025,592.093698513798,0
0,71,0.11671580998706818,0.014124713476111214,581.4702115955836,0
0,72,0.11892529146372921,0.014109768290452634,573.9086612257463,0
0,73,0.12109562575704189,0.01400380835543599,569.3226438285933,0
0,74,0.12322324018450963,0.013668194855744924,567.7661891217889,0
0,75,0.12532552421202267,0.013193943332775104,569.2338407156195,0
0,76,0.1274201964281344,0.012678690267046011,573.3292627021385,0
0,77,0.12952497542139818,0.012220072139077127,580.7828239851457,0
0,78,0.13168053347608102,0.011892771733674373,598.3967869710201,0
0,79,0.13414447132818047,0.011730361287226744,623.1009515354693,0
0,80,0.13646134802527823,0.011848430336981748,624.8072074983031,0
0,81,0.13817118079237878,0.012203040320822733,624.1578935877167,0
0,82,0.1389657397818325,0.012611276763727784,623.6459760354336,0
0,83,0.13858779158430554,0.012907023329675008,623.6037287549516,0
0,84,0.13720829748785837,0.013441147101147046,622.9855271631345,0
0,85,0.13552757001467175,0.014168881601969285,618.0229974593553,0
0,86,0.13433083968927073,0.01489744741655731,593.0694838278428,0
0,87,0.13433119684965203,0.015506205315855025,562.6088946603307,0
0,88,0.13539791786750988,0.016042495087076607,535.5061298954374,0
0,89,0.13726051818803364,0.01657393830902233,519.7595271955182,0
0,90,0.13958944955400732,0.01691554237066645,506.0972894387588,0
0,91,0.14190233326540502,0.01696375334647292,494.48672026070625,0
0,92,0.14405450766420058,0.01713008420106643,482.92405101080016,0
0,93,0.14633679511651684,0.017176049456846292,471.50484126655476,0
0,94,0.1484547532223025,0.017335235434199122,464.1063846227241,0
0,95,0.15030339123853623,0.017744282539967487,459.2747693231033,0
0,96,0.15213060776162762,0.01840604873852588,456.93309783234145,0
0,97,0.15367659887891055,0.019032009468286044,455.635989117366,0
0,98,0.15508343338217773,0.019310152722675174,449.1614495312798,0
0,99,0.15652407825714204,0.01923656361241511,445.4626764046327,0
0,100,0.15791725788762198,0.01906195871242958,443.9865977744996,0
0,101,0.1592696448888194,0.018949106366259058,443.8870685302873,0
0,102,0.16012747714700715,0.019472861833353425,443.83063317340856,0
0,103,0.16055930339753008,0.020865378298791946,443.6174524742365,0
0,104,0.16102063494015464,0.022964591682981993,442.4152249319981,0
0,105,0.16154804375266468,0.024982778402117066,439.46872152202167,0
0,106,0.1625092252404088,0.026529320419942576,432.5309385797587,0
0,107,0.16407601903218302,0.027474361761501632,424.68116392923486,0
0,108,0.16607059721458256,0.027943324146163608,418.3328056321717,0
0,109,0.16833606064448814,0.028040700523012503,413.03218263365073,0
0,110,0.17062756194739714,0.02795893207251555,408.086402002572,0
0,111,0.17284050775705315,0.02790215623638392,403.39246334303306,0
0,112,0.17503369579277137,0.027921628095081932,398.8764302879949,0
0,113,0.17722673354428184,0.027943205965573738,394.4673177354548,0
0,114,0.17941977129579229,0.02796478383606554,390.0982271927384,0
0,115,0.18161280904730276,0.02798636170655734,385.7076959434506,0
0,116,0.18380584679881326,0.028007939577049147,381.4716842824059,0
0,117,0.18599888469651377,0.028029444841236838,378.3381481205465,0
0,118,0.18819329250509026,0.028031997613144587,376.75250653711595,0
0,119,0.19038678682858629,0.02804729025567827,376.271420015624,0
0,120,0.1925783018613122,0.028090222254386756,376.392601988754,0
0,121,0.1947667718706742,0.028175656791666982,376.7005743103322,0
0,122,0.19694900000000004,0.028348014,376.957971,0
1,0,3.939510024045157e-05,0.0025394140060019128,753.3362641552794,0
1,1,0.001888601936358487,0.001694717836772424,749.8656691006053,0
1,2,0.003703327179327148,0.0009870490785625777,750.5732098649767,0
1,3,0.005592165109115837,0.0006103113607624882,744.4961639047459,0
1,4,0.0074857817204869205,0.0005834151325711499,738.563378074393,0
1,5,0.009216823190485534,0.000982396981890756,737.3108888459057,0
1,6,0.010998524936815723,0.0017310672140230746,729.2420507203046,0
1,7,0.012661968516619859,0.0024052988249369683,709.2176767347603,0
1,8,0.014401462801338466,0.003007872260107998,686.6263034077409,0
1,9,0.01631418896300935,0.0034211618825326774,668.5637956473225,0
1,10,0.018472457734451695,0.003534465669637153,653.1501757211715,0
1,11,0.020768214849453546,0.0034230316716207837,640.0096228088637,0
1,12,0.022963215058175595,0.003411913779272837,630.4080476629738,0
1,13,0.025150095382956844,0.0034345436126412324,623.6921496562752,0
1,14,0.027336677006495974,0.003456989175820902,619.7837788771369,0
1,15,0.029523186601664447,0.0034793468917573805,618.6670879801227,0
1,16,0.031710080919569145,0.0035030332732264254,620.3220971597319,0
1,17,0.03390534083822077,0.0035506108732571446,624.8038226213073,0
1,18,0.0361780700124405,0.003696708220841066,632.4304617348515,0
1,19,0.038356174960129906,0.0036600804026040864,642.6532722624299,0
1,20,0.04030119628635047,0.0032959407795708556,654.2048068335058,0
1,21,0.042079535179404895,0.002739212687438653,676.236809825764,0
1,22,0.04379616294112894,0.0020768902694173236,704.9950581680289,0
1,23,0.04534899052877235,0.0016950118399460814,725.473928817811,0
1,24,0.046371011869382764,0.0017718733904097338,735.5977226999382,0
1,25,0.04702538044847472,0.002068205134311433,743.7918418887308,0
1,26,0.04736824043312564,0.0025302503674443466,737.8202207330512,0
1,27,0.04744257208165565,0.003097656391628198,711.5773409759641,0
1,28,0.047354935150036755,0.0037332826657715304,681.6544622512447,0
1,29,0.04735365824301866,0.004414552178560601,650.4635128830525,0
1,30,0.047933814672723195,0.005133432007763726,640.2160543086379,0
1,31,0.049379084032740224,0.005856731472717236,618.3983049968415,0
1,32,0.05134942582864096,0.006497284059456268,600.1765630614228,0
1,33,0.053476056482082715,0.006866976967798382,581.6803558368771,0
1,34,0.05554973760240905,0.007088593318763411,568.8242593772679,0
1,35,0.05771620717214326,0.00717993883047855,558.4182889577742,0
1,36,0.0598857483856473,0.007230575674019335,550.5431941137768,0
1,37,0.06211725951292851,0.007178169954436228,544.9607879112039,0
1,38,0.06430441851060656,0.007198421332639757,541.9657519211507,0
1,39,0.06649138127323496,0.007218941728319856,541.3394287552665,0
1,40,0.06867842195714077,0.007239552623990648,543.1196711679073,0
1,41,0.07086562743570515,0.007261244321984801,547.2914625690428,0
1,42,0.07305301336515435,0.007287681644518433,553.9164001841124,0
1,43,0.07524123828442231,0.007332615678013118,563.0421228016143,0
1,44,0.07742990336944187,0.007386273655932772,574.6952370398168,0
1,45,0.07960601256913653,0.007368661832974134,587.9460931057738,0
1,46,0.08176600716950003,0.007266168188277904,600.7230355081401,0
1,47,0.08390698793241469,0.007118222775564204,612.6720978239488,0
1,48,0.08602790726485107,0.006955120495253768,623.7761592654847,0
1,49,0.088183212844486,0.006738294784281384,635.6491953246606,0
1,50,0.09007463117660554,0.00685916442553307,649.785484378445,0
1,51,0.091267059178362,0.007300546517751973,662.1037992931733,0
1,52,0.09188148232703151,0.007863581161657937,670.3723929382106,0
1,53,0.09206593272111951,0.008518865225737176,672.3811777545711,0
1,54,0.09196669764900255,0.009242436080570042,655.2640659649612,0
1,55,0.09182611904439683,0.009949009325038697,638.4985858904191,0
1,56,0.09208026072512106,0.010482011484026728,629.3613468198813,0
1,57,0.09312625455367791,0.010880347046250667,623.0269963430665,0
1,58,0.09473188450413879,0.011550174739418615,622.6379282409564,0
1,59,0.09664151819408423,0.012287798996411362,623.0150981040756,0
1,60,0.09841736960940912,0.012781966748373407,624.540751462635,0
1,61,0.09980820546344683,0.012973621143693503,631.0311108161818,0
1,62,0.10104085395451014,0.012950056707257466,639.2168728266063,0
1,63,0.10236533783697511,0.012675562481094884,648.2801596280159,0
1,64,0.10381274780433242,0.01237695048258521,651.9398564875319,0
1,65,0.1053524144162519,0.012333818457508828,660.5795750928987,0
1,66,0.10698353755823489,0.012719200677339046,659.7973583055156,0
1,67,0.1088842426143138,0.013329738697383594,639.417460547138,0
1,68,0.11093817084267615,0.01385356595328046,616.9271659736137,0
1,69,0.11303384695936775,0.014102399793577516,601.9702005889515,0
1,70,0.11519988812283447,0.01421983338508489,589.4841003273341,0
1,71,0.11744781487212354,0.014216501978382775,579.5968696709594,0
1,72,0.1196403549210478,0.014172269976876532,572.852518405177,0
1,73,0.12178963529956204,0.014011151854678725,568.9610286578248,0
1,74,0.12389222453479509,0.013659897543735025,567.7885828247669,0
1,75,0.12595392184434095,0.01321375948973179,569.258057834013,0
1,76,0.1279655861755451,0.012774176752819272,572.6358457893617,0
1,77,0.12987256057409083,0.012446270395712456,578.4511760267716,0
1,78,0.13142356816178613,0.012357628314549288,586.7175437152115,0
1,79,0.13217991320698236,0.01259115357958826,591.5539718062038,0
1,80,0.13280761629039714,0.012898356339457672,595.4326314884132,0
1,81,0.1333402052373748,0.013257108377541434,599.6687945751107,0
1,82,0.13373151839729655,0.013650904263220414,598.1783164202245,0
1,83,0.13395313268796996,0.014061840855426869,588.9909539360413,0
1,84,0.13403077178772024,0.01449604416738483,578.0919308510112,0
1,85,0.13404895526323418,0.014956113029722936,566.376051172366,0
1,86,0.1341574459029987,0.015443723214119348,554.1921660689156,0
1,87,0.13489248217572772,0.01595002254637684,537.7900604631963,0
1,88,0.1363786937543258,0.016434891287332214,523.5938872584957,0
1,89,0.13842268134885669,0.016858428662844448,510.75239672612895,0
1,90,0.1407236557381888,0.0171012531964243,497.7187359596262,0
1,91,0.1429733162798387,0.017198618328044896,485.6677150780673,0
1,92,0.14514481658455525,0.017350405998392663,473.7687538751624,0
1,93,0.14732708869381217,0.01748392256621437,465.82144441419985,0
1,94,0.1493246553049065,0.017772005183083965,460.78755495531266,0
1,95,0.1511296808797729,0.018274941939829564,457.54943605204403,0
1,96,0.1528290760477709,0.01889390311545775,455.4267111452739,0
1,97,0.15431175900029656,0.0193793465468586,450.226299485636,0
1,98,0.15569889292519506,0.019572635674886187,446.6021682656718,0
1,99,0.15705583780485907,0.019587640619565833,444.65658738688126,0
1,100,0.15830200889939888,0.019673222219605713,444.13598131520075,0
1,101,0.1593394699400021,0.020076438728841847,443.84608826448334,0
1,102,0.16006538198191145,0.021035559895766196,443.51483153138315,0
1,103,0.16063144779895877,0.02257097442396268,441.07657797341267,0
1,104,0.16127202955707995,0.024399028981098452,437.0140278743948,0
1,105,0.16213209736091588,0.026025362174448133,431.6189891180095,0
1,106,0.16345191680386767,0.027185700849507586,425.3867311152284,0
1,107,0.16525643820806907,0.02784449594554542,419.18997525026,0
1,108,0.167379655103724,0.02811624008530475,413.5778102090146,0
1,109,0.16965207582751915,0.028132529639698922,408.5638123264051,0
1,110,0.17190652280569277,0.028065874916662074,403.93434624589696,0
1,111,0.17409887061008408,0.028043311635662968,399.57099822741395,0
1,112,0.17626263351181848,0.028072567828292896,395.28641272211894,0
1,113,0.17839932256678556,0.02811165762806221,391.08662281220046,0
1,114,0.18049545420306654,0.028160538549920726,387.0113057132928,0
1,115,0.18253399198077924,0.028219377974503083,383.0649466007458,0
1,116,0.18449815232386282,0.028285540551461822,379.75924819314434,0
1,117,0.18638363017004936,0.028349556812959538,377.67213678868416,0
1,118,0.18823034558106902,0.028388125369920754,376.6137551132515,0
1,119,0.1901521322576232,0.028412207953417982,376.2603840855147,0
1,120,0.19227156715584565,0.02845782774073687,376.36095943835335,0
1,121,0.1946797513301061,0.028577152807479165,376.6965231024605,0
1,122,0.19871764019808094,0.02869305155043534,377.11116976197474,1
2,0,3.694474195689943e-05,0.003106754058023464,751.9745697602938,0
2,1,0.002105839205005883,0.002062857984634845,747.2539855748676,0
2,2,0.003966628712395542,0.0013236645179481006,747.955315911785,0
2,3,0.005848595397634535,0.0009367196175971154,742.3314412961699,0
2,4,0.007708679046627297,0.000914785980511783,737.5850097610496,0
2,5,0.009440529756569454,0.0012991731271375304,735.1486612018084,0
2,6,0.011188404641902351,0.0019710614187312785,726.134543614342,0
2,7,0.012841210235868877,0.002588345334773177,705.767730349763,0
2,8,0.014580125885724503,0.0031364421315801705,683.8242949234077,0
2,9,0.016503685576491848,0.0035034903301014585,667.0609285527382,0
2,10,0.01866568875800576,0.003592471126503785,651.9058107401922,0
2,11,0.02094682680116545,0.0034899337381811496,639.1042797798806,0
2,12,0.02313549755686515,0.0034827355962910927,629.7654293421365,0
2,13,0.025316186226967657,0.0035064117423756606,623.285574743462,0
2,14,0.027496323791922007,0.0035297019683006438,619.6063194543008,0
2,15,0.029676374369864762,0.0035529233625738064,618.6858243123055,0
2,16,0.03185746387833477,0.0035789735006198,620.5339825057385,0
2,17,0.034050970193461,0.003632429513779195,625.2077640223899,0
2,18,0.036310639564884596,0.0037657001578288783,632.9561013204213,0
2,19,0.03847038925983506,0.0037136723039610433,643.2670466571615,0
2,20,0.04039967407653456,0.003354055909597267,654.863760849444,0
2,21,0.04215003792985902,0.002831206513817932,674.9865189534607,0
2,22,0.04377904367614194,0.00226894373971315,701.0840473194238,0
2,23,0.045162991838538516,0.0020099318578054885,718.4276883542525,0
2,24,0.046092950159686674,0.002122617139389399,726.2507826295675,0
2,25,0.046693294944072115,0.0024373180289221025,733.3702672900396,0
2,26,0.04703601689700977,0.002886349502312851,721.5803749220901,0
2,27,0.04717760008307697,0.0034235147860935075,698.332460432604,0
2,28,0.04722517126669887,0.00402472763906559,670.1236768883139,0
2,29,0.04743299243277253,0.004684084680004932,646.7642615726099,0
2,30,0.04823272133096131,0.005386824711563653,636.1995552189571,0
2,31,0.04978845612729666,0.0060798487718695,613.3214110271249,0
2,32,0.05178647542726489,0.006660622140021439,596.8233729921105,0
2,33,0.05390429295789999,0.006997428096718434,578.6932659916987,0
2,34,0.055994454601698655,0.00719163625182308,566.4836643886756,0
2,35,0.05815956573396124,0.007271857543395754,556.6004630460865,0
2,36,0.06033518647204955,0.007303541394386873,549.2119143393551,0
2,37,0.06255292104321213,0.007263555545446283,544.177187578887,0
2,38,0.06473408659162086,0.007283008706345209,541.6642275390157,0
2,39,0.06691499376615771,0.0073026737869019195,541.5071823582753,0
2,40,0.06909611965019492,0.007322825057948992,543.7220487479428,0
2,41,0.0712775740549096,0.007345862731724793,548.347749503735,0
2,42,0.07345923567508757,0.007378045395146848,555.3994221040629,0
2,43,0.07564089146038254,0.007429628206856141,564.9751969503352,0
2,44,0.07781925028655462,0.007481836538342971,577.0045549256358,0
2,45,0.07998120119710685,0.0074681065299189425,590.2915333656916,0
2,46,0.08211974632502603,0.0073840701870189224,602.788329651077,0
2,47,0.08422477809825177,0.007268608414883738,614.3276922721184,0
2,48,0.0862800922196249,0.007153049721257033,624.8691175030106,0
2,49,0.08825568635456435,0.007059590929368057,635.6675069863943,0
2,50,0.08986583618931501,0.007275804723400756,647.0861714551896,0
2,51,0.09087673108491032,0.007738665166225114,656.229233691169,0
2,52,0.09142312278678441,0.00831175277712986,663.058847021952,0
2,53,0.0916492763223385,0.008954954858228035,658.4349933657967,0
2,54,0.0917027217016111,0.009629870771592186,644.2499276285567,0
2,55,0.09182322356973874,0.010259411070622329,631.7069770140839,0
2,56,0.0923881782938027,0.010762799968215796,623.6020909355863,0
2,57,0.09361648962654927,0.011244749005508441,622.8161465475422,0
2,58,0.0952933371181547,0.011911104982535364,622.6487809086274,0
2,59,0.09715071560914279,0.012558698021032762,623.2936661670266,0
2,60,0.09882925889216833,0.012956436911729584,626.3765328283621,0
2,61,0.10019217684128796,0.013077419958306186,633.4242532325611,0
2,62,0.10146524288897142,0.012987204936542374,641.572434178564,0
2,63,0.102838004375204,0.01272504579615014,648.7047068299285,0
2,64,0.10432472180622687,0.012524280249431441,653.5969405728165,0
2,65,0.10590866726906892,0.012612498418578253,660.7475283164981,0
2,66,0.10762787034149406,0.013046595708050432,652.8600137357301,0
2,67,0.10957402614535999,0.013605770360725522,629.3015505291223,0
2,68,0.11164261453174726,0.014035740225784393,611.5664707744958,0
2,69,0.11376075817390799,0.014236900866571657,597.4526561820346,0
2,70,0.115945569915685,0.014316635843688022,585.8448835168853,0
2,71,0.11817319275492622,0.014298596751802414,577.0307394508591,0
2,72,0.12034688604143863,0.014221763822352402,571.2800563420419,0
2,73,0.1224719672946092,0.014020454646272124,568.2934669518675,0
2,74,0.12454125368784415,0.013669196733806564,568.0186970250629,0
2,75,0.1265452369141885,0.013265805362577461,569.9133867733527,0
2,76,0.12844499295530054,0.012912055787047644,573.5184974112591,0
2,77,0.1301359721591654,0.012708596559804228,578.690723372702,0
2,78,0.13140752394720687,0.01273860240899895,584.8489119707051,0
2,79,0.13215413084813216,0.012982964768447335,588.3149213322331,0
2,80,0.13275202017197307,0.013298886975095743,590.5118765488277,0
2,81,0.13322631105882127,0.013662085467909802,591.4602918204668,0
2,82,0.13356060820139407,0.014056071351591374,588.1118410700603,0
2,83,0.13376467942013837,0.01447086747451008,578.0397160362309,0
2,84,0.1338973420487066,0.014907901693865527,567.2122217654988,0
2,85,0.13408875328176828,0.01536876817766079,555.9290182721431,0
2,86,0.13459117184701894,0.015849463797933016,542.503083258469,0
2,87,0.13570939338621016,0.016327610985300448,528.1229533517621,0
2,88,0.13743661567939808,0.016763830473155036,516.769278825732,0
2,89,0.13956419973856665,0.01710752708451199,504.07489954545827,0
2,90,0.1418284509711337,0.01730993917495572,491.80170539956345,0
2,91,0.14403597225736378,0.017444373701459785,479.13553806833943,0
2,92,0.14618105004395426,0.017623691054260877,469.53691823312886,0
2,93,0.1482623159081159,0.01785267792170577,463.1665898481671,0
2,94,0.15016341347856482,0.018241228276107333,459.0144743904559,0
2,95,0.15189900096191047,0.018779436421701042,456.24578732132744,0
2,96,0.15349765345997343,0.01933142753910372,452.55617041639107,0
2,97,0.15492608561508828,0.01971911505541287,448.2978093888339,0
2,98,0.15626516450722763,0.019909845050110616,445.8453650634857,0
2,99,0.15752084853747944,0.020073827044166694,444.54805027599673,0
2,100,0.1586206685787067,0.02043546385130681,444.00239826568117,0
2,101,0.15951349934974615,0.02117356381396737,443.5482072034671,0
2,102,0.16022824393842497,0.022368587279316624,442.7365851321047,0
2,103,0.16092102338352052,0.02391273276009951,438.7910007574107,0
2,104,0.16177235530330722,0.025506595054054674,433.6205581875512,0
2,105,0.16293373270041075,0.026808219176519005,427.6822581423576,0
2,106,0.16452849317059323,0.0276655499076596,421.4373647568524,0
2,107,0.16650090670658416,0.02810591200839716,415.61968228024375,0
2,108,0.1686920455279802,0.02824853836839573,410.64752965331627,0
2,109,0.17095109683229748,0.02823000097252509,405.82814875503027,0
2,110,0.17316922709894406,0.02818729019429367,401.30689645126836,0
2,111,0.1753268439607409,0.028193110867942885,397.041217098311,0
2,112,0.17743582206151284,0.02824022244648961,392.9478718736291,0
2,113,0.17948311438362882,0.02830505343883253,388.9821726727269,0
2,114,0.18144550104681975,0.02838736630043004,385.15676849371476,0
2,115,0.18330017791376826,0.028484581752959034,381.65204153043436,0
2,116,0.18503467827477713,0.028588633043945124,379.02192829752767,0
2,117,0.18666398277499724,0.028683400464613817,377.41923303037487,0
2,118,0.18825403598678672,0.028745490611186073,376.56976756032105,0
2,119,0.18994572237614282,0.02877544771809306,376.2446527331902,0
2,120,0.19194069626217683,0.02881734606337851,376.31266244897984,0
2,121,0.1944886187982408,0.02897397843362789,376.6651348886745,0
2,122,0.20025739226384331,0.0293203025087951,377.22892600187697,0
3,0,3.554586163258279e-05,0.0036976113922981236,750.714549475116,0
3,1,0.002338034314372528,0.002412674673258339,746.0533325844422,0
3,2,0.004231376945809577,0.0016406351167851524,745.5800501741866,0
3,3,0.006101342239463749,0.0012453691652770744,740.5090407095195,0
3,4,0.007932779614479791,0.0012250897975872841,736.2994672380987,0
3,5,0.009657737604657888,0.0015890705917392764,732.9929430567464,0
3,6,0.011374787347114458,0.0021945946589667733,723.0452720373468,0
3,7,0.013017497522052937,0.002759259963083102,702.4548456473049,0
3,8,0.014757548293112287,0.003257043061056819,681.5979201100025,0
3,9,0.016692162759632135,0.0035822423244860845,665.5998959889638,0
3,10,0.018857007700385117,0.003650876825372649,650.6841566596094,0
3,11,0.02112449455249608,0.0035571467469394037,638.2277321340301,0
3,12,0.023306850943782122,0.0035537185892733063,629.1385381741675,0
3,13,0.02548131626825494,0.003578425551973188,622.9033445673834,0
3,14,0.027655028352756236,0.0036025431993930886,619.4461919661828,0
3,15,0.029828704159792312,0.0036267182730390698,618.7163528409436,0
3,16,0.032004245100622865,0.0036552764506208747,620.7686851805432,0
3,17,0.034195218909123866,0.0037133029670317398,625.6006413212972,0
3,18,0.036441783080560425,0.0038338787477464552,633.4830089033256,0
3,19,0.03858368517816102,0.0037679296878811628,643.8587995064076,0
3,20,0.040496908092832844,0.003414466041309486,655.5210162166233,0
3,21,0.04221874771075452,0.0029260661054321445,673.7530130425484,0
3,22,0.04377389097990084,0.0024491530658421285,697.5103509191332,0
3,23,0.04504499917823229,0.0022752503391558626,712.5688483320018,0
3,24,0.04591548490732798,0.0024159731075529133,718.2304418716345,0
3,25,0.046489946322998354,0.002739224496789774,720.6270441038496,0
3,26,0.046840731363940985,0.0031805854137780345,707.9875198237944,0
3,27,0.047032895813687844,0.0037019314919429103,686.157053723278,0
3,28,0.047188014370808835,0.004288463679493069,658.5631855810394,0
3,29,0.047574079041272845,0.004938803922461562,644.6948524762556,0
3,30,0.04855456565175899,0.005627748187964127,631.4144524169991,0
3,31,0.05020169752291464,0.006288430202130908,608.9017504426544,0
3,32,0.05222173310952314,0.00681652563151321,592.7810164464508,0
3,33,0.05433549616437443,0.007122168828160184,575.9003658376571,0
3,34,0.05643864380594889,0.00729198295129368,564.2522452187027,0
3,35,0.058603119606077496,0.007360198966378366,554.8867812665314,0
3,36,0.06078100631520688,0.007378562340293312,547.9906358738143,0
3,37,0.06298628652809908,0.007348591394793866,543.4759215872922,0
3,38,0.06516139169545988,0.007367274510721685,541.4320659585918,0
3,39,0.06733628783373587,0.007386181390499164,541.7396998360855,0
3,40,0.06951158523025641,0.007406287554360705,544.4037962415155,0
3,41,0.07168733263535192,0.007431615014638953,549.4761997636031,0
3,42,0.07386307858591672,0.007470011560720794,556.9772017623579,0
3,43,0.07603740929882877,0.0075277166458821545,566.9792004541268,0
3,44,0.0782045396420582,0.007580566496355602,579.3493326000868,0
3,45,0.08035060007711957,0.0075742154305625895,592.588324600731,0
3,46,0.08246452902451754,0.007511601264000528,604.7689857734093,0
3,47,0.08452807733157876,0.007431181044299049,615.83171360959,0
3,48,0.08650694148958081,0.007369002262119548,625.797130602177,0
3,49,0.08832207704480345,0.007379257406664915,635.5528794337604,0
3,50,0.0897368761623815,0.007662274942805612,644.616978550355,0
3,51,0.09063864928195707,0.008141312639203297,650.8276657711808,0
3,52,0.09115674593194266,0.008715808000976589,653.3590967073112,0
3,53,0.09142830509036412,0.00934350562085956,647.815587534211,0
3,54,0.09161089371928204,0.009980539036646734,635.7143600834984,0
3,55,0.091950276023474,0.010564667692456623,626.2937274501537,0
3,56,0.09275477038899575,0.011069892912721747,623.258735625588,0
3,57,0.09411881281753545,0.011599944057257597,622.6642640996447,0
3,58,0.09583342343794765,0.012239039053147733,622.7620715871191,0
3,59,0.09763447365725676,0.012798658560132825,623.6404148858933,0
3,60,0.099237646661427,0.013108818645801908,628.0768452128965,0
3,61,0.10059141522281846,0.013164665998211615,635.9578428096903,0
3,62,0.10190720860777117,0.01303319598380322,644.3146082265594,0
3,63,0.10332596771644223,0.012807176944873232,649.6084659621728,0
3,64,0.10485444882329192,0.012707049342945457,655.5758835321769,0
3,65,0.10649252404129653,0.012895399360699791,658.6086935152791,0
3,66,0.10828498081362048,0.01334781485055201,644.4124012678955,0
3,67,0.11026843019641683,0.013848232858961118,622.4335728820082,0
3,68,0.1123537774105807,0.014200070578016298,606.5051218026565,0
3,69,0.11449149072915336,0.01435862489198178,593.2197901848349,0
3,70,0.11668393046954051,0.014407593763569251,582.5821622835238,0
3,71,0.11889119794556327,0.01437132322894828,574.8085531035435,0
3,72,0.12104344732815205,0.01426364157398854,570.004468449014,0
3,73,0.12313940938538623,0.014036964911925147,567.9036318325977,0
3,74,0.12516491934712906,0.013700167489010663,568.3882075141943,0
3,75,0.1270936911413157,0.013351097005709345,570.601007701522,0
3,76,0.12886312399812638,0.013086515803825263,574.0929717647892,0
3,77,0.13035788563060724,0.012989502366229897,578.6756469023439,0
3,78,0.13144578387878603,0.013097949847519236,582.9909373960943,0
3,79,0.13215948558300436,0.013359239253134689,585.1696086242536,0
3,80,0.1327219157083481,0.013684768345087344,584.5122754014315,0
3,81,0.13315565895014925,0.01405227919770978,585.4354647846517,0
3,82,0.1334681893735051,0.014447800575836004,577.8540522351989,0
3,83,0.13369842824158581,0.01486486260822968,567.7924309403601,0
3,84,0.13394076941964997,0.015303542033267222,557.2097306088742,0
3,85,0.13436889718478873,0.01576187961257525,546.5730241365719,0
3,86,0.1352147036501273,0.0162270933998465,531.6593008110877,0
3,87,0.13662384154779292,0.016671319839280805,521.9658870820552,0
3,88,0.13851494899601516,0.017057098395683402,510.17389057944354,0
3,89,0.1406810521359799,0.017348120968717896,497.79451620804036,0
3,90,0.14290834855064802,0.017542613112970257,485.54096923490476,0
3,91,0.14507389226169257,0.017717492017002505,473.89807296712513,0
3,92,0.14716543903696425,0.01794891875487156,466.1397043466004,0
3,93,0.14915032973434586,0.018266233862378963,460.9357734738944,0
3,94,0.1509640869579163,0.01872064160664814,457.46071522943805,0
3,95,0.15262251736717067,0.019256176538008193,454.88043402267914,0
3,96,0.15413755939684468,0.01974413066408243,449.85903771460886,0
3,97,0.15550940436724547,0.020087696458136642,446.94122739398574,0
3,98,0.15678136091123315,0.020341766494914967,445.24444920092594,0
3,99,0.15793514090419383,0.020686979179547482,444.30276533081945,0
3,100,0.15892823772032216,0.021296422801793932,443.6669090456967,0
3,101,0.15976773036399985,0.022264418120330497,442.9425060106775,0
3,102,0.16053779897413484,0.023566255159178828,440.5531346133562,0
3,103,0.16138765231363505,0.025030133329804524,435.7156358878672,0
3,104,0.16246820236013218,0.026386056935591446,429.92587718593865,0
3,105,0.16389285140756216,0.027404153085374763,423.7313069752813,0
3,106,0.16569483677668675,0.028019866708617776,417.72207473270043,0
3,107,0.16777815836709362,0.028299282141542422,412.6757229688957,0
3,108,0.16999706193893174,0.028363730551519722,407.83183849235274,0
3,109,0.1722291559520909,0.02833848424226832,403.20294837177687,0
3,110,0.17440354036976674,0.028323639762182957,398.85475582228423,0
3,111,0.17650649199741456,0.02835768485440668,394.74144560591515,0
3,112,0.17853288622030658,0.028429939776193083,390.8218565899568,0
3,113,0.18046042270881182,0.028526284344046502,387.0781779145021,0
3,114,0.18226372640672367,0.02864412557473655,383.56032011979414,0
3,115,0.18392607027806104,0.028776520303840356,380.5486429496997,0
3,116,0.18545086480683112,0.028910402312453627,378.4502048738286,0
3,117,0.18687274180802604,0.029026867119195124,377.1971797278345,0
3,118,0.18826546830433438,0.02910480179553439,376.496807530502,0
3,119,0.18976066253936918,0.02913840600777706,376.2162851613178,0
3,120,0.19159253128451828,0.029168321329190568,376.2585016583852,0
3,121,0.19416837093336184,0.029348074293599223,376.61313556111367,0
3,122,0.20125015792787793,0.030136001555182142,377.30382955922533,0
4,0,7.905810257734492e-05,0.004264408704114826,749.5576074572256,0
4,1,0.0025903860730359675,0.0027382595707695833,744.8108351471532,0
4,2,0.004497853884133055,0.001938469091783988,743.5038636853583,0
4,3,0.006350941588096791,0.0015366509150266197,738.8556855798367,0
4,4,0.008156362320506289,0.0015154897802328862,735.0595114029971,0
4,5,0.009869069375282336,0.001856380126678884,730.7147716247956,0
4,6,0.011557638912476388,0.0024035607629437714,719.8006038014094,0
4,7,0.013191044032217339,0.0029192963989359546,699.2657994123223,0
4,8,0.014933878471952764,0.003370546951500793,679.9939175263348,0
4,9,0.016879678421175097,0.0036579757511854133,664.1614262703745,0
4,10,0.01904657119226836,0.0037097487502910824,649.5032054888821,0
4,11,0.02130123651132138,0.0036246855687662428,637.3686175105978,0
4,12,0.02347727457198209,0.003624868727187999,628.5431151356613,0
4,13,0.025645488887735237,0.0036505834873750225,622.5460544643834,0
4,14,0.027812801035765437,0.003675517205789461,619.2873841250097,0
4,15,0.02998019480038904,0.003700734858001776,618.7788074961379,0
4,16,0.03215037284449515,0.003731851884990316,620.9889405909411,0
4,17,0.034338105776417494,0.003793263963772004,625.9953566169393,0
4,18,0.036571558285021594,0.0039013523464815096,634.0044166840371,0
4,19,0.03869607674735022,0.0038229468250704124,644.4592930588349,0
4,20,0.04059293581839295,0.003477168869140797,656.178998833727,0
4,21,0.04228607774891733,0.0030234196683785602,672.5328303324007,0
4,22,0.043777524221572536,0.0026206244402343635,693.8146441016006,0
4,23,0.04496648439483378,0.0025111016184697767,707.5653691804953,0
4,24,0.04579421697485715,0.0026754890336212573,711.3415330198818,0
4,25,0.046353722616703605,0.0030053654827904993,710.5828534267291,0
4,26,0.04671631461222463,0.0034425951575601556,696.090672872481,0
4,27,0.04695563402775334,0.003955951759130457,674.8045995310597,0
4,28,0.04721196899805381,0.004537309451736453,649.9714238379848,0
4,29,0.047760146798649164,0.005183451925938486,641.6898575974909,0
4,30,0.048894389258771265,0.005857978820393484,625.242480089366,0
4,31,0.05061822813760025,0.006484920826726908,605.1367074603693,0
4,32,0.05265630114802699,0.006965662941218964,588.4524532397188,0
4,33,0.05476906255141462,0.007241808721888102,573.2496281419276,0
4,34,0.05688234331059037,0.007389552621391824,562.1050475223427,0
4,35,0.059046128902535557,0.007445957396682066,553.2730731734035,0
4,36,0.06122342410630367,0.007455184559708889,546.8772624556157,0
4,37,0.06341732371274651,0.007433296447424495,542.8777945529621,0
4,38,0.06558633979478332,0.0074512503299323865,541.2907446895998,0
4,39,0.06775528960604803,0.007469550209366652,542.0601826909398,0
4,40,0.06992483947486401,0.007490112880252244,545.1764213073154,0
4,41,0.0720948736259044,0.0075186071340623785,550.6807794681584,0
4,42,0.07426440864793367,0.007563610434004671,558.6226570602539,0
4,43,0.07643061415226528,0.0076274230531230185,569.0546428801354,0
4,44,0.07858543832741041,0.007683224437411756,581.7278263597477,0
4,45,0.08071364367490776,0.007687583795215652,594.8207641824564,0
4,46,0.08279952803590095,0.007649148925125981,606.6641152323618,0
4,47,0.08481605722311912,0.0076062416864124795,617.2348176988276,0
4,48,0.08671230699894716,0.0075998315587139315,626.5525531198222,0
4,49,0.08838603795035802,0.007696827278682791,635.3563144647987,0
4,50,0.08965675717688094,0.008029678210791404,642.5940000888788,0
4,51,0.09048520008824941,0.008521805804701216,645.5739177161519,0
4,52,0.09099430580086164,0.009094792092668216,646.0408663815522,0
4,53,0.09131922355478646,0.009706693460680565,638.8391051544058,0
4,54,0.09162872480229771,0.0103142467419906,628.6168995893374,0
4,55,0.09216484919717363,0.010873196539506916,623.8204927172072,0
4,56,0.09315971492555002,0.011389087802527495,622.9699614614286,0
4,57,0.09462494397412988,0.011939858713203483,622.5848670912566,0
4,58,0.09635445856758817,0.012536303778974862,622.9348578308893,0
4,59,0.09810036194573568,0.013011087311164076,624.0516858634078,0
4,60,0.09964795339795798,0.013241944008024156,629.8430597018927,0
4,61,0.1010068225471795,0.01324300808584031,637.7149935498198,0
4,62,0.10236633212179912,0.013094234457911426,646.5333431191561,0
4,63,0.10383013985609825,0.012920802000801439,650.7995032325346,0
4,64,0.10540392686742676,0.012914964201060912,656.5553248863398,0
4,65,0.10709928813869464,0.013174640435149673,654.2216655658876,0
4,66,0.10895304413085968,0.013623212733630041,635.7587660087735,0
4,67,0.11096813708307575,0.014062987478172747,616.7006740067893,0
4,68,0.11307038943922448,0.014348859233969934,601.7052907542146,0
4,69,0.11522288397643624,0.01446980219186797,589.3238775008294,0
4,70,0.11741484601079308,0.014492308093028781,579.6707206467624,0
4,71,0.11960078723917454,0.014436393045968023,572.9167878162332,0
4,72,0.12172805626430802,0.014303116222821413,569.0238067261749,0
4,73,0.12378833737202424,0.014065302242985495,567.8178840714204,0
4,74,0.1257585042817071,0.013755591236265342,568.8494589313326,0
4,75,0.12759717730844733,0.013468656456821706,571.1802328588653,0
4,76,0.12922949378192905,0.01329078544618229,574.5485169688503,0
4,77,0.1305552538713214,0.013281675055902602,578.1919600478785,0
4,78,0.1315148347533528,0.013445489619303171,581.2778719826479,0
4,79,0.13219011300233724,0.01372404456692199,581.797015434498,0
4,80,0.13272033493231025,0.014058754547101744,579.1292462883549,0
4,81,0.1331312894580128,0.01443049462182243,577.415397188056,0
4,82,0.13345153820056205,0.0148281498337451,568.0854035572385,0
4,83,0.13374821204655246,0.015247126738215109,558.148579259667,0
4,84,0.13414831078787298,0.01568552963127977,547.9855583044911,0
4,85,0.13483428594527894,0.016135793869306237,534.5325285769612,0
4,86,0.13597174530599343,0.016579252745973883,526.3007991712657,0
4,87,0.1376003442747448,0.01698779762932999,515.7088482791565,0
4,88,0.13959852279062984,0.017331636265864626,503.8124814354453,0
4,89,0.1417746509752119,0.01759507230941651,491.7331205270216,0
4,90,0.14396205530426134,0.017803280125406773,479.26692139324143,0
4,91,0.1460778960015372,0.01802610074530706,469.68187784756157,0
4,92,0.1481010079810743,0.01831950791000139,463.3532369127609,0
4,93,0.14999461606643877,0.018708668686466628,459.03957644399384,0
4,94,0.1517254202633675,0.019198269312287557,455.9483030242179,0
4,95,0.15330667799321596,0.019713584045382062,452.19876772707573,0
4,96,0.15474736666992833,0.020159118441331537,448.2060675550159,0
4,97,0.1560575070514507,0.020511829803225166,446.1241144259894,0
4,98,0.15725550417019574,0.020874521776905155,444.7765504200651,0
4,99,0.15832450932153544,0.021405894102105416,443.9009014900931,0
4,100,0.1592596675248394,0.022216529130930543,443.09431076769476,0
4,101,0.16011091905698044,0.02332442138349849,442.0341205949013,0
4,102,0.16098457900472044,0.024637254392168483,437.6686911382902,0
4,103,0.16201607356766434,0.02596368952859577,432.1211028795269,0
4,104,0.1633230024417933,0.02708376436700157,425.9573822911723,0
4,105,0.16496647077107632,0.027858325551555176,419.90351100416046,0
4,106,0.16691857567085394,0.028285405726312777,414.63011977166434,0
4,107,0.1690676589635783,0.028452516006862563,409.82607805935726,0
4,108,0.17128598100838713,0.028476041315705088,405.1297246601824,0
4,109,0.1734781241239977,0.028461456518295476,400.6833353824296,0
4,110,0.17559481377906067,0.028477410235216247,396.51458676847784,0
4,111,0.1776200235632787,0.02854218713386872,392.58761643598507,0
4,112,0.17953740690923053,0.028645132405552953,388.87288908037414,0
4,113,0.18132217781395796,0.028775722524558636,385.39100132243834,0
4,114,0.18295490447214846,0.028927691074049765,382.21512464634793,0
4,115,0.18443253566987908,0.029089812369734278,379.69793848109987,0
4,116,0.1857757574609469,0.029246126852331994,378.0050652838157,0
4,117,0.18703032150276377,0.02937801558039073,376.9775030286369,0
4,118,0.18826560261339814,0.029467101189876305,376.4117645849304,0
4,119,0.1895921424720481,0.029502890308900135,376.161381730577,0
4,120,0.19123839051272784,0.029513323613773245,376.1814128800132,0
4,121,0.1937207777094501,0.0296809581454041,376.5383690128443,0
4,122,0.20166102138737965,0.03097295571490355,377.3309024206753,0
5,0,0.0002487484671773026,0.004727555191740611,748.5203422640186,0
5,1,0.0028645017194316204,0.0030364923063867766,743.6014985521813,0
5,2,0.004765206902863609,0.00221806726611251,741.6015867651316,0
5,3,0.006597398884226287,0.0018111657764001486,737.3127593477202,0
5,4,0.008378248790069617,0.0017874258177520903,733.5527150318006,0
5,5,0.01007493436680967,0.002104398425565513,728.3369568058865,0
5,6,0.011736952467911016,0.0025995223523508325,716.6008039072058,0
5,7,0.01336206310476975,0.003069526882442674,696.1889681859691,0
5,8,0.015109261473486041,0.003477722276522538,678.415571885095,0
5,9,0.017066292399144256,0.0037311743136170888,662.752671990902,0
5,10,0.019234514064812303,0.003769140301646489,648.3503815082316,0
5,11,0.021477065569023172,0.0036925609262508916,636.5335925990822,0
5,12,0.023646767060121136,0.0036961898023496857,627.975211965052,0
5,13,0.025808707971310404,0.0037228838590391646,622.1817675241876,0
5,14,0.027969652616613525,0.0037486277955177815,619.1505918292435,0
5,15,0.030130860276046705,0.00377497030233415,618.8174422185078,0
5,16,0.03229580114287196,0.0038086192154125325,621.205419958565,0
5,17,0.03447965150468734,0.003872348531851318,626.3958300573124,0
5,18,0.036700019662357426,0.003968225964551932,634.5405366390805,0
5,19,0.03880758052246333,0.0038788107452429684,645.0688952374902,0
5,20,0.04068781181031596,0.003542147229911403,656.8291397480466,0
5,21,0.042352371662929864,0.0031229704183541197,671.2628291580193,0
5,22,0.04378813725363472,0.0027853402307843546,690.3613325979799,0
5,23,0.04491409821164846,0.0027273358348162717,703.3840779531274,0
5,24,0.045709590463353884,0.0029124304517499687,705.1058367528601,0
5,25,0.046260421875176816,0.003248678984559117,702.0112645318485,0
5,26,0.04663787873645358,0.0036845904748554243,685.255390002106,0
5,27,0.0469256192220813,0.004195329469725585,664.2857813024052,0
5,28,0.04728320064350665,0.004776828526389775,648.4371520322701,0
5,29,0.04798180652066913,0.00542021590841153,638.2788983327484,0
5,30,0.049249070112054025,0.006078632323078565,619.5198131530233,0
5,31,0.05103775022375488,0.006671015106509467,601.7276543670013,0
5,32,0.053090880234184915,0.007108552594339697,584.5770212329965,0
5,33,0.05520445088658807,0.007356805373181548,570.7151300310239,0
5,34,0.057325441563967405,0.00748443509531244,560.082574110948,0
5,35,0.05948802532627681,0.007529868473846294,551.7670872187184,0
5,36,0.06166260769608186,0.0075330543534009135,545.8656778169315,0
5,37,0.06384601036049482,0.0075176959171182715,542.3690054188055,0
5,38,0.06600894364883012,0.007534976754869704,541.2485929671057,0
5,39,0.06817202571386972,0.007552877295701426,542.4623323925597,0
5,40,0.0703358938322248,0.00757446209162179,546.0257684365903,0
5,41,0.07250014915377449,0.007606946362734121,551.9697211631361,0
5,42,0.07466308285845444,0.007658970698488342,560.3413503479763,0
5,43,0.0768203000830255,0.007729324897088513,571.196896547133,0
5,44,0.07896157838782826,0.007790533632194992,584.098229541986,0
5,45,0.08106974968721277,0.007808751797428427,596.991097758494,0
5,46,0.08312401815315905,0.007797022896471265,608.4537009729169,0
5,47,0.08508859563089703,0.007793629901930382,618.4824456077808,0
5,48,0.08689976971175174,0.007842925348241553,627.2028172463286,0
5,49,0.08844998489278383,0.008012360501277543,634.8524678672256,0
5,50,0.08961101225907546,0.008383935238557717,640.4269300266072,0
5,51,0.09038921347213404,0.008886738644857391,641.2932191751524,0
5,52,0.09090349787648093,0.009456889706450547,640.2311651083587,0
5,53,0.09129111202364035,0.010054184840745746,630.9936313791162,0
5,54,0.09172942692917774,0.010639688618886917,625.2740997302765,0
5,55,0.09244283939791627,0.011185698316733206,623.5000846422222,0
5,56,0.09359098659753913,0.011710540402225083,622.7453195841356,0
5,57,0.09513043253350227,0.01226106772715225,622.5913558134392,0
5,58,0.0968593858006243,0.012805090753464723,623.2177826420851,0
5,59,0.09855475044088452,0.013199145135848571,625.5200956302454,0
5,60,0.10006428957980888,0.013359679670277715,631.9332454376618,0
5,61,0.1014388861918407,0.01331944256324655,639.9259986211748,0
5,62,0.10284251275108271,0.013174150523277004,647.3175672923028,0
5,63,0.10435149257356033,0.01306242503781448,652.0701299733084,0
5,64,0.10597344377404558,0.01313888777819851,656.3119435628614,0
5,65,0.10772525532104842,0.013444772834150501,648.6729627347082,0
5,66,0.10963067696991141,0.013874006278742499,628.1614043905679,0
5,67,0.1116730494733833,0.014254469010348408,611.3342137551566,0
5,68,0.11379073011012722,0.014484134971255697,597.2232750248941,0
5,69,0.11595258765401191,0.014571996590212414,585.7818105334496,0
5,70,0.1181378556902296,0.014571137806336159,577.1147039604232,0
5,71,0.12030058737005879,0.014496431764922778,571.3273207515765,0
5,72,0.12239830940667988,0.01434505684421137,568.3364610801868,0
5,73,0.12441514575996249,0.014109266151173442,567.9082657766396,0
5,74,0.1263186582058289,0.013836908789929991,569.3186116613413,0
5,75,0.1280566921784786,0.013616130485105068,571.6901099722038,0
5,76,0.12955396580545742,0.013518761677753982,574.5982819433476,0
5,77,0.130738371391728,0.013580957352332874,577.6353524597483,0
5,78,0.1316041243479936,0.013785812083016392,578.9891041399483,0
5,79,0.13224309595698433,0.014080194089005847,578.2662248216355,0
5,80,0.1327494274629446,0.01442326835782617,575.0038270951935,0
5,81,0.13315651783511193,0.0147991848491236,568.0543910034951,0
5,82,0.1335140443612573,0.015199253630561082,558.760183736137,0
5,83,0.1339159830522533,0.01561924659180467,549.072696127901,0
5,84,0.13450709838931013,0.016053974638412204,537.8536271159809,0
5,85,0.13544533499064837,0.016491012803522397,529.9716351201323,0
5,86,0.13682432421957047,0.0169097516882317,520.610321103256,0
5,87,0.13861474518178832,0.017285959001717203,509.51783587244717,0
5,88,0.14067760002069699,0.01760121340604926,497.66162712614175,0
5,89,0.14284399137773393,0.01785843842478796,485.42183648840927,0
5,90,0.14498594765557915,0.018095704154271943,474.0340291845084,0
5,91,0.14704324855962372,0.018371949873709346,466.24159158499094,0
5,92,0.14899052447369093,0.01872627398867536,460.96781535695004,0
5,93,0.15079736077374242,0.019167768689430265,457.3007847805807,0
5,94,0.15244850719414363,0.01967129136923788,454.2684620110612,0
5,95,0.15395521500856568,0.020166133318362242,449.82640668035344,0
5,96,0.15532646160844038,0.020600703694924574,447.1635124677252,0
5,97,0.15657287776057957,0.02100721389474398,445.4229142934936,0
5,98,0.15770302141528153,0.02150173144222556,444.2702655308045,0
5,99,0.15871634423091616,0.02220216857596386,443.329077364984,0
5,100,0.1596417209513683,0.023157466522935103,442.26612181850993,0
5,101,0.1605549451040857,0.024326153708512797,439.5725550852047,0
5,102,0.16156632276389524,0.02557955473357375,434.2575906624668,0
5,103,0.16278992995661,0.026736015154703523,428.2990409522289,0
5,104,0.16430420337862153,0.027633721976930255,422.0706160579803,0
5,105,0.16612084181261352,0.028205488090132604,416.4983799445905,0
5,106,0.16817511427948034,0.02849061353887302,411.7871121165724,0
5,107,0.17035416165051137,0.028585310104704966,407.07705657235107,0
5,108,0.1725494892237327,0.02859473122428143,402.5511581242377,0
5,109,0.17468681430382182,0.028602090641408052,398.2930987917039,0
5,110,0.17672767828229238,0.028651805337853567,394.31416524564276,0
5,111,0.1786520356082929,0.028750359832978602,390.5888292642752,0
5,112,0.18043885299179888,0.02888718375723997,387.11667508624004,0
5,113,0.18206769060478256,0.02905180785313676,383.9130915389573,0
5,114,0.18353095068468966,0.029234132231505464,381.0962179872254,0
5,115,0.1848411698199229,0.029420004192831594,378.99439776188785,0
5,116,0.18603143986852388,0.029592949620454955,377.6158058994993,0
5,117,0.1871496885629373,0.029736284629182527,376.78934032545374,0
5,118,0.18825538485965815,0.02983382332983945,376.3036947210969,0
5,119,0.1894367099513338,0.029871261973102477,376.0762130807725,0
5,120,0.1908916176171268,0.029858418203118842,376.09917355815935,0
5,121,0.19316969999197509,0.029970014027230648,376.4356441168111,0
5,122,0.20137181625162728,0.03152037932967479,377.32634265497546,0
6,0,0.0005465023495781849,0.005071536529891165,747.271705448743,0
6,1,0.0031573295628410094,0.0033079961411241923,742.3379988262016,0
6,2,0.005031799215741421,0.0024806459921508373,739.992919014396,0
6,3,0.006840500496027696,0.002069637312144005,735.8378064361239,0
6,4,0.008597643325503926,0.0020424282529919527,732.060078247477,0
6,5,0.010275614638614174,0.0023357421177996806,726.1286268584696,0
6,6,0.01191274977067764,0.0027837895820709137,713.4769607948791,0
6,7,0.013530769842435564,0.003210878123631874,693.2962994351647,0
6,8,0.015283838347327196,0.0035792509329937326,676.888823085419,0
6,9,0.017252063765619906,0.003802259372170765,661.3718854933362,0
6,10,0.01942095171387077,0.00382909432118404,647.2137695630648,0
6,11,0.021651989914412445,0.003760779876984758,635.7191692576341,0
6,12,0.023815326600449688,0.0037676837349887504,627.3878548117216,0
6,13,0.025970977958411915,0.003795324870386288,621.83946369965,0
6,14,0.028125593959330595,0.003821877941807867,619.0095589076932,0
6,15,0.030280710536657082,0.0038494169111576975,618.8657924554861,0
6,16,0.032440489497133414,0.003885506999569881,621.4459733792348,0
6,17,0.0346198784332031,0.003950595605392456,626.79519705654,0
6,18,0.03682721896977635,0.004034601183466201,635.0757409643506,0
6,19,0.03891821629628491,0.003935601095218093,645.6786820708312,0
6,20,0.0407816042815857,0.0036093729656146577,657.4887723308009,0
6,21,0.0424179282354737,0.003224475548436536,670.5131760437675,0
6,22,0.043804581367902475,0.0029447015714225123,688.7661613067444,0
6,23,0.0448805450936923,0.0029295865048985384,699.60903006189,0
6,24,0.04565119015534075,0.003133269736591516,699.8601789558228,0
6,25,0.04619787619576706,0.0034761421981192833,692.4626341820386,0
6,26,0.04659342309294217,0.00391317088237616,675.1448733066818,0
6,27,0.04693321439545569,0.004425311527910747,655.3343000824641,0
6,28,0.047393989909188645,0.00500990169846716,646.572161949996,0
6,29,0.04823296042456228,0.005650246791832658,634.3687244435038,0
6,30,0.049616367662539636,0.006290501099981574,614.4553775148489,0
6,31,0.051460053325807734,0.006847937551093421,598.3832512455986,0
6,32,0.053525869307333294,0.007245613234904126,581.2710778346018,0
6,33,0.05564116067988245,0.007467531343712195,568.2996800305009,0
6,34,0.05776774241305811,0.007576819532433898,558.1706720899272,0
6,35,0.05992837506543327,0.007612475940729419,550.3598134892518,0
6,36,0.062098690498284446,0.007611897391741836,544.9679903255736,0
6,37,0.06427233432338003,0.007601819956894434,541.9544564456371,0
6,38,0.06642922153067592,0.0076185024798152996,541.2966950791214,0
6,39,0.06858652126355241,0.007636267337036273,542.9571356980484,0
6,40,0.0707447488673147,0.00765948909383545,546.9512206606138,0
6,41,0.0729030942361431,0.0076967574648006375,553.3376324684793,0
6,42,0.07505894552123668,0.007756306933262929,562.1359010095147,0
6,43,0.07720623301669692,0.007834021966847975,573.3776914817898,0
6,44,0.0793325639865207,0.00790317559719144,586.465586514009,0
6,45,0.08141834711643021,0.007938197324370391,599.0881386318805,0
6,46,0.08343745265531574,0.007955414898396136,610.1216279001771,0
6,47,0.08534610795437435,0.007992883775754609,619.607430628624,0
6,48,0.08707260106968258,0.008096148659360501,627.6201158883309,0
6,49,0.08851571422464725,0.008326150876031474,634.3805011846429,0
6,50,0.08959206109413487,0.008728680839055303,638.4698202471093,0
6,51,0.09033732641972873,0.009240181012046732,637.8357334688499,0
6,52,0.0908691233928661,0.009806923253390581,633.3069737187864,0
6,53,0.09132889401058797,0.010391484375050816,627.9076583484646,0
6,54,0.09189700073845977,0.01096099177865838,624.146934612531,0
6,55,0.0927686652791791,0.011500048614598099,623.1598709526866,0
6,56,0.09404064656430748,0.012027466942073439,622.5899946128543,0
6,57,0.09563295049592256,0.01256178211686027,622.6731241508214,0
6,58,0.09735138716873021,0.013047592663866714,623.5973870377322,0
6,59,0.09900300829215909,0.013366098879214187,627.4040059248296,0
6,60,0.10048973735087571,0.013466509623946592,634.3861524586471,0
6,61,0.10188787777350178,0.013399826365770045,642.5013580419111,0
6,62,0.10333586368392071,0.013274549078219948,648.3467855398458,0
6,63,0.10489067253138896,0.01322721798478562,653.2006914496634,0
6,64,0.10656226804213702,0.013371131078434873,654.3536468900793,0
6,65,0.10836746775011726,0.013702241985449965,641.5825887804533,0
6,66,0.11031667162041234,0.014101861524291406,622.0316082543377,0
6,67,0.1123825109185892,0.01442617892892728,606.2543476833191,0
6,68,0.11451296371515322,0.014607678130313667,593.0689008438987,0
6,69,0.11667874004670885,0.01466653661466277,582.563465117609,0
6,70,0.1188521845860499,0.014645173720055202,574.8786431705821,0
6,71,0.12098891436841229,0.01455459442707577,570.051237626572,0
6,72,0.12305158561068442,0.014393830323615244,567.9154884826338,0
6,73,0.12501666268003098,0.01417172438074124,568.1501296511005,0
6,74,0.12684365609548715,0.013944357476922619,569.7584637182454,0
6,75,0.12847536773615023,0.013790419500131339,572.0141311732068,0
6,76,0.129845679892769,0.01376532504606496,574.3967454674421,0
6,77,0.13091396528984373,0.01388491240899078,576.3692689196528,0
6,78,0.13170912249408442,0.01412134997907361,576.6654921869749,0
6,79,0.13231804277899387,0.014429697099936644,574.7345129056504,0
6,80,0.13281238946275228,0.014780306323593739,570.7714617090717,0
6,81,0.13323685229539975,0.015160282133043528,561.130315545746,0
6,82,0.13366244517532436,0.015562440529547021,551.7634050375907,0
6,83,0.1342033012654097,0.01598147533178079,541.1207466469634,0
6,84,0.13500098597938076,0.016408737933577087,533.2177002244533,0
6,85,0.1361708304551786,0.016829294550219233,524.8899603279822,0
6,86,0.13774441984179572,0.017223969545153702,514.7858923717042,0
6,87,0.1396496028239632,0.017575223721715702,503.4303566788086,0
6,88,0.1417449624407124,0.017876780885409123,491.5466392360851,0
6,89,0.14388661635932143,0.01814512021092808,479.253954718114,0
6,90,0.14597642804199076,0.018421718026486074,469.7492316566944,0
6,91,0.1479679324040367,0.018752586920331108,463.3513272197589,0
6,92,0.14983645211197874,0.019160157870113326,458.95117064288524,0
6,93,0.15156056289413508,0.019636571880259777,455.65351938029175,0
6,94,0.15313537251544912,0.020143880732485908,451.92211086034763,0
6,95,0.15457109526263502,0.0206304559308304,448.42570220734024,0
6,96,0.15587714712005202,0.021087209541085675,446.24675865601404,0
6,97,0.15706423420553225,0.021578298313320112,444.7752592078276,0
6,98,0.15814361515972736,0.02220715369954494,443.6333229613806,0
6,99,0.1591359883737158,0.023043939333199023,442.52854229467323,0
6,100,0.16009498109734932,0.02408465230947242,441.1734278560587,0
6,101,0.16110811254930563,0.025247756556320288,436.3290875543943,0
6,102,0.16227757410106772,0.026393096957854335,430.51661596882747,0
6,103,0.16368959765059038,0.02736692525550463,424.34990619331626,0
6,104,0.1653823989755159,0.028065007114297217,418.39658985439974,0
6,105,0.16732880142871623,0.028473975357392243,413.6912746820184,0
6,106,0.169444999956839,0.028657688079429058,409.0104525531768,0
6,107,0.1716246686751101,0.028711825380309853,404.4290674504417,0
6,108,0.17377695951685965,0.028726403420473744,400.0896845893721,0
6,109,0.17584247385639432,0.028763516531138716,396.02995726912803,0
6,110,0.17778789706545478,0.028849776373214616,392.258320005196,0
6,111,0.1795912163299121,0.02898431252479909,388.7697456163935,0
6,112,0.1812331515899129,0.02915569427841918,385.56154061610823,0
6,113,0.1827029708364322,0.02935181501512046,382.6241557115334,0
6,114,0.18400723197636762,0.029559619709089626,380.14354249680787,0
6,115,0.18517135086458578,0.02976391912106077,378.38516778952635,0
6,116,0.18623399900679544,0.0299495058550693,377.27620272545346,0
6,117,0.1872393062797841,0.03010207629123179,376.56440551374925,0
6,118,0.18823573764286008,0.030206881227432602,376.15375520416734,0
6,119,0.1892917886691583,0.03024657686073821,375.9787603397775,0
6,120,0.19056458649402014,0.030211961524434373,376.0006305924518,0
6,121,0.19256132106163776,0.03023247563712078,376.3139097138095,0
6,122,0.20039727735213828,0.03178242822993221,377.29045581131436,0
7,0,0.0009711379684320949,0.005282449265260228,746.0926077008603,0
7,1,0.0034626190999380965,0.0035564525157960017,741.0411298926703,0
7,2,0.005295688340627191,0.002727507778453839,738.3913677238679,0
7,3,0.007080030327963346,0.0023128360514721295,734.4381286408848,0
7,4,0.008814019258008784,0.002282026261619562,730.3630522119795,0
7,5,0.01047130993386243,0.002552538690952272,723.8750700329695,0
7,6,0.012085080029279566,0.00295747215826017,710.5042306937194,0
7,7,0.013697381912518333,0.003344158148186494,691.4232149175859,0
7,8,0.01545774525713551,0.0036757418384958263,675.3710384908885,0
7,9,0.01743704876436011,0.003871599534006409,660.0090649497495,0
7,10,0.019605982181303386,0.0038896446773199677,646.1217874354998,0
7,11,0.021826013770787096,0.003829346216332013,634.9076991061793,0
7,12,0.023982951229377922,0.003839350841749136,626.8339004915822,0
7,13,0.026132303855282583,0.0038679046222522594,621.5098595133846,0
7,14,0.028280635756700805,0.0038952695794767455,618.8791004362654,0
7,15,0.030429752213429903,0.003924063144305001,618.935335596655,0
7,16,0.03258440255517254,0.003962452418372915,621.6876022577953,0
7,17,0.03475881029115542,0.004028046643769503,627.214642736153,0
7,18,0.036953205732973574,0.004100576061351154,635.6119072548968,0
7,19,0.039028007618944933,0.003993390182743689,646.2832939920252,0
7,20,0.0408743927551647,0.003678809833418345,658.1447799232394,0
7,21,0.04248301447807058,0.0033277345310768367,671.0106829274715,0
7,22,0.04382608054669923,0.0030997587583329205,687.5796100196043,0
7,23,0.0448614470265458,0.0031214159200866594,696.370806176269,0
7,24,0.04561286713775576,0.0033421369604506087,695.4896114962721,0
7,25,0.04615918807887364,0.0036921058669942557,686.6147087045099,0
7,26,0.046576492945264,0.004132462731642887,668.6830687612999,0
7,27,0.04697328175178746,0.004649067234411782,653.1395166406763,0
7,28,0.04753930247392352,0.005238141374893701,643.8432379095157,0
7,29,0.0485092556572649,0.005874185478020368,629.7113119905846,0
7,30,0.04999454392473137,0.006494181818580114,610.2163559017274,0
7,31,0.05188493987563178,0.007016600002670552,594.6762171818575,0
7,32,0.053961444704848455,0.007377195965343296,578.2299990359522,0
7,33,0.056078722054971004,0.007574313524505846,565.9915983199799,0
7,34,0.05820900896138142,0.007666947697546888,556.3688862961163,0
7,35,0.06036684977779657,0.00769418238492408,549.0648676283678,0
7,36,0.06253178151526477,0.0076915026374245335,544.1697398536134,0
7,37,0.06469629295244722,0.007685702694588854,541.6313138152567,0
7,38,0.06684719572353451,0.007701883235591247,541.4297769443217,0
7,39,0.06899879792440904,0.0077198307140136,543.534562970546,0
7,40,0.0711513931289083,0.007745346769710588,547.9573342322084,0
7,41,0.07330362730980297,0.007788193826644206,554.770924519793,0
7,42,0.07545182588592382,0.00785590723195272,563.9731375136096,0
7,43,0.07758815245128785,0.007942124738076515,575.6049297158223,0
7,44,0.07969798213702488,0.008021785409298392,588.7886838708866,0
7,45,0.08175890801286807,0.008076326832195575,601.0996522369059,0
7,46,0.08373950258698762,0.00812438734973869,611.6971788832813,0
7,47,0.08558940926680082,0.008203360616889869,620.6123663728558,0
7,48,0.08723377050910404,0.008357782997704089,627.9255378325761,0
7,49,0.08858471167083382,0.008638583777135724,633.6685978400253,0
7,50,0.08959579076490094,0.009066367620921634,636.5640499933511,0
7,51,0.09032242161136109,0.00958495021973938,635.0608179414871,0
7,52,0.09088315809704159,0.010148155896630406,630.7647528499527,0
7,53,0.0914236656303778,0.010721980597004849,625.3113624697381,0
7,54,0.09211999052351415,0.01127973412116303,623.797311884136,0
7,55,0.09313148706473584,0.01181327761949986,622.8822648451545,0
7,56,0.09450319072050321,0.012335175857879526,622.5086591047395,0
7,57,0.096131504991648,0.01284128235500617,622.844665004631,0
7,58,0.09783369527173652,0.013266117459573585,624.1509725544687,0
7,59,0.0994496527736684,0.01351544821049034,629.2707719801009,0
7,60,0.10092658035880431,0.013567079349185359,635.9834066152118,0
7,61,0.1023539674381225,0.013488597572688882,644.4151591846557,0
7,62,0.1038465607532494,0.013395165493648824,649.4764962762515,0
7,63,0.10544786268261604,0.01340981722714259,653.6785696844156,0
7,64,0.10716910980330004,0.013605491369069404,650.7171815863508,0
7,65,0.10902348913706503,0.013944924154667377,634.1157689678519,0
7,66,0.1110098493227589,0.014308651644656554,616.335769851066,0
7,67,0.11309549444709613,0.014580979510090467,601.5110726260197,0
7,68,0.11523528879093654,0.014721107458771995,589.1975654799182,0
7,69,0.1173997450036011,0.01475478665808146,579.6565523849576,0
7,70,0.11955676772297291,0.014716125218149885,572.9644795933418,0
7,71,0.12166384792094397,0.014614249976764805,569.0724076956334,0
7,72,0.12368528594084373,0.014453175086382485,567.7382247797765,0
7,73,0.12559045970940172,0.014254592713152277,568.4580038249474,0
7,74,0.1273333543329735,0.01407720726490925,570.1427434674699,0
7,75,0.12885765444621383,0.013988145775316351,572.1483937590017,0
7,76,0.13011271258449528,0.014026360178488673,574.0558373865081,0
7,77,0.13108686873362657,0.0141920852158003,574.9820747674206,0
7,78,0.1318286951325045,0.014453537779009911,574.1630978251775,0
7,79,0.13241674149091953,0.01477404902364752,571.3286993014949,0
7,80,0.13291422590390778,0.015131420079436313,565.6344701774134,0
7,81,0.1333798786575909,0.015515052666828169,555.3542553729628,0
7,82,0.13390367610810958,0.015918162107104828,544.7034382336301,0
7,83,0.13460758455738644,0.016333619347378828,536.2639761303515,0
7,84,0.1356119443639119,0.016750459861684896,528.7219636027058,0
7,85,0.13698501234846008,0.0171538006362439,519.5378488979405,0
7,86,0.1387103562308848,0.017528340735118917,508.88985223383816,0
7,87,0.14069174295375947,0.0178645290459661,497.39950219960923,0
7,88,0.14279472274755464,0.01816676633902129,485.24643452791565,0
7,89,0.1448995939892402,0.018459392853044557,473.9891696811935,0
7,90,0.14693079956201263,0.018780936475649695,466.23635133955247,0
7,91,0.14885158719736305,0.019163501543316235,460.9309530633502,0
7,92,0.1506411363921683,0.019614162256883484,457.11509287027087,0
7,93,0.152286456070076,0.020113381649428906,453.80353702854177,0
7,94,0.15378874598461342,0.02062456623750108,449.9791923611391,0
7,95,0.15515815311397682,0.02112189881490976,447.2738398326277,0
7,96,0.1564055392837949,0.021629034914746263,445.42790870060094,0
7,97,0.15754502467027764,0.022219373128873354,444.0734868094421,0
7,98,0.15859811432541362,0.022968123346532174,442.8464592983611,0
7,99,0.15960494227163216,0.02389961187433488,441.4933482963588,0
7,100,0.1606339672976045,0.024969541447258586,438.31453584497416,0
7,101,0.16177321978568537,0.02607484020263515,432.64893130377345,0
7,102,0.16310812202675862,0.02708258786677846,426.66285667440684,0
7,103,0.16469354099291986,0.027876505241811515,420.5445708311626,0
7,104,0.166531510248162,0.028403327324715538,415.5309226629395,0
7,105,0.1685679900159747,0.028687176606965972,410.91586108507784,0
7,106,0.17071191134376454,0.02880396521066241,406.3201489449269,0
7,107,0.17286686154814604,0.02884251167858869,401.90819925396556,0
7,108,0.17495674996491042,0.028876147777875838,397.7586214854508,0
7,109,0.17693238316728513,0.02894857778948492,393.9147778639965,0
7,110,0.17876392677930075,0.02907341031977849,390.3698502467099,0
7,111,0.1804312366986434,0.029244558536552355,387.1306237322813,0
7,112,0.18192213803283527,0.02944895546501894,384.1835043658731,0
7,113,0.1832384564130378,0.029672607955606122,381.50397459907913,0
7,114,0.18439970288045696,0.029901014128837368,379.34697527230594,0
7,115,0.18543904599550398,0.030119685877053305,377.879092092151,0
7,116,0.18639489369023726,0.03031558651069234,376.9244341780626,0
7,117,0.18730486447576664,0.030476564179901796,376.31915474320874,0
7,118,0.18820747705437704,0.030588766607725904,375.9760597832598,0
7,119,0.18915526675528643,0.030632727855213242,375.82920116338113,0
7,120,0.19026541657092114,0.03058329133449306,375.8874203233489,0
7,121,0.19195309342117067,0.030497495955136476,376.1734913553701,0
7,122,0.19889858977119096,0.031716605871776674,377.19993538573686,0
8,0,0.001506939521587544,0.0053552442519676675,744.7013110464318,0
8,1,0.0037714188895125343,0.0037888068562583815,739.8823000162429,0
8,2,0.00555510577992721,0.0029597231880318852,736.972871700309,0
8,3,0.007315896345241036,0.002541538318057081,733.0518176517014,0
8,4,0.009027029804936755,0.0025077087706447104,728.5737625662293,0
8,5,0.01066216280135019,0.0027565478909591544,721.482602603175,0
8,6,0.012254018512587764,0.003121515849507684,707.6667279902258,0
8,7,0.013862119558657536,0.003470077214585511,689.7368977234631,0
8,8,0.015631112479722483,0.0037677420653542066,673.8920194066934,0
8,9,0.0176212992581051,0.003939518457162819,658.6861330486881,0
8,10,0.01978968800430519,0.003950817508153698,645.0495859992334,0
8,11,0.02199913806663976,0.0038982608199960665,634.132598200064,0
8,12,0.02414963906290929,0.003911190073656603,626.2975291117867,0
8,13,0.026292691221502157,0.003940621102475976,621.1935384693024,0
8,14,0.028434788338409244,0.003968803485643299,618.766674514257,0
8,15,0.030577989248157085,0.003998894525774886,619.0171314916647,0
8,16,0.032727509784983906,0.004039400745776011,621.9495467029079,0
8,17,0.03489647200092574,0.004104745262281861,627.6302659106445,0
8,18,0.03707802771748684,0.004166245040662721,636.165911241086,0
8,19,0.03913698218347861,0.004052243154337493,646.904456893467,0
8,20,0.04096626636271927,0.0037504158233131945,658.758740146521,0
8,21,0.04254787376767544,0.0034325816461164465,671.503003667461,0
8,22,0.043852094711736955,0.003251330210397325,686.4750080348447,0
8,23,0.04485401034222095,0.003305246478674303,693.5233954866037,0
8,24,0.04559075560373198,0.003541871217655322,691.3972510011326,0
8,25,0.04614020370334958,0.0038995552047553462,682.1027945913047,0
8,26,0.04658347713424466,0.004345286231094083,663.8517632968087,0
8,27,0.04704285669630893,0.00486862642754474,651.6598475389275,0
8,28,0.04771547198213693,0.005462472523150651,640.8647338149348,0
8,29,0.048807366142134545,0.006092392641233761,624.7930411998889,0
8,30,0.050382177476435884,0.006690137676953793,606.4335754445462,0
8,31,0.052312194124155165,0.0071776988944234794,590.8736380046074,0
8,32,0.054397620266905033,0.007503607251736066,575.4176843348807,0
8,33,0.05651669209776381,0.007677455581930575,563.792135042793,0
8,34,0.05864899264732762,0.007755084094523123,554.66192628381,0
8,35,0.06080320404560942,0.0077752873334170445,547.8751722002964,0
8,36,0.06296197262257831,0.0077717095960663585,543.4731637222628,0
8,37,0.0651178920918146,0.007769381416519455,541.4079565846864,0
8,38,0.06726289090200806,0.0077851808773313465,541.6381889794868,0
8,39,0.06940887217643725,0.0078036831855730765,544.1782702300408,0
8,40,0.07155580227150635,0.007832193602781258,549.0340915632386,0
8,41,0.0737016503579932,0.007881444485318983,556.2492541972299,0
8,42,0.07584153671993414,0.007958121136561018,565.8722356478485,0
8,43,0.07796577501182528,0.008054243892423759,577.8847066699512,0
8,44,0.0800574165832183,0.008146946691909513,591.1012584913485,0
8,45,0.08209097733908352,0.008223468255546488,603.0418560591852,0
8,46,0.08403007045429316,0.008303880102560699,613.100837104408,0
8,47,0.08581960558433875,0.008424326148256344,621.5064737471993,0
8,48,0.08738597359014363,0.008626467892109092,628.1896770068989,0
8,49,0.08865832390505106,0.008950068026865082,632.9126225018706,0
8,50,0.08962005406811066,0.009398770581941626,634.7534130695834,0
8,51,0.09034065022714607,0.009923132528765933,632.6770574998609,0
8,52,0.09094101060489126,0.010482903848867794,628.2655873791334,0
8,53,0.0915691688317615,0.011047681953888003,624.6359613375118,0
8,54,0.09238949583683556,0.011595956165167563,623.3878273421633,0
8,55,0.09352337971524718,0.01212236737191288,622.6246842632345,0
8,56,0.09497474478660757,0.012630450695208628,622.4750123873182,0
8,57,0.09662600138450234,0.013099611489745469,623.1112656947984,0
8,58,0.09830948268017878,0.013463163958059911,625.0970733987481,0
8,59,0.0998984622212463,0.013650895744512153,631.1154085431831,0
8,60,0.10137649041300915,0.01366577669755897,638.0576238680362,0
8,61,0.10283726663688537,0.013588693015003466,645.9325732666997,0
8,62,0.10437470535725298,0.013534318346209367,650.5660774737404,0
8,63,0.10602278437299101,0.013604890841483587,653.0930428370482,0
8,64,0.10779240086276318,0.013837148908373623,645.4430010904734,0
8,65,0.10969123218406586,0.014171755275718304,627.4538459926766,0
8,66,0.11170899330390735,0.014496317244063297,611.010637195312,0
8,67,0.11381074724214126,0.01472129624528425,597.0404304368567,0
8,68,0.11595598658276782,0.014825983956004865,585.6714262791841,0
8,69,0.11811412350746235,0.014838292986404138,577.093489504305,0
8,70,0.12025029200870402,0.014786161141102839,571.3506789262965,0
8,71,0.12232334867937826,0.01467872721148136,568.334127724779,0
8,72,0.12429706598751632,0.014526121675656293,567.7725178077869,0
8,73,0.12613503174786891,0.014358892246059352,568.7953451589386,0
8,74,0.12778898820411744,0.014234023925904258,570.4028854155929,0
8,75,0.12920871363481573,0.014205972173304828,572.0844382082956,0
8,76,0.13036208015576878,0.014298657117992535,573.1018400809039,0
8,77,0.13126105546176325,0.014501595414671827,573.0998334949031,0
8,78,0.1319639944296628,0.014783307148281558,571.239343274781,0
8,79,0.13254296999994025,0.015114371233741127,567.7734500689004,0
8,80,0.13306177158755242,0.01547768282858864,559.5982995291175,0
8,81,0.1335939926830471,0.015864089808044397,548.6604912834438,0
8,82,0.13424214652479105,0.01626636593622709,539.2614183534565,0
8,83,0.1351218068958713,0.01667580954063794,532.2376437135398,0
8,84,0.13632155610217286,0.01708088950333831,523.837075767786,0
8,85,0.13786614355130286,0.01746886439699143,513.9696575183644,0
8,86,0.1397048897672311,0.017829718230231297,503.01186700879396,0
8,87,0.1417308619010963,0.018161757747583215,491.30471477768333,0
8,88,0.1438219148630205,0.018477270870072837,479.15231699873976,0
8,89,0.14588020894341006,0.018803251106003515,469.66496997812123,0
8,90,0.14784747505001863,0.019171282964192574,463.298001970241,0
8,91,0.14969492362854137,0.01959993627964466,458.8124439299879,0
8,92,0.15140704243583647,0.02008432291020965,455.3266639528886,0
8,93,0.15297780465720803,0.020600762309736686,451.7841663754095,0
8,94,0.15441240235770134,0.021123492034145024,448.4944388839815,0
8,95,0.15572217529582486,0.021651825800006436,446.2414044576287,0
8,96,0.1569214176026259,0.022228070793836936,444.60547349940913,0
8,97,0.15803133128036312,0.02291685480523975,443.2393726871402,0
8,98,0.15908607160121818,0.023759122649321535,441.8574379454269,0
8,99,0.16013997787099446,0.024740662499197142,440.22374453688116,0
8,100,0.16126717528915335,0.025790643650589824,434.77165643971813,0
8,101,0.16254746316083238,0.02680048511324605,428.8586159830584,0
8,102,0.16404384854142506,0.027657367334612964,422.75827747521635,0
8,103,0.16577994440289393,0.028285023519153223,417.31604506131794,0
8,104,0.1677286108497523,0.028671366184357467,412.7837419773397,0
8,105,0.1698194161393802,0.028864401257017024,408.20231403932087,0
8,106,0.17196128407658326,0.02894303426812851,403.7364469469807,0
8,107,0.17406854679515382,0.02898529584544341,399.51037274615345,0
8,108,0.17607704240373817,0.029047994240946208,395.57418579518776,0
8,109,0.1779453127756916,0.02915948047642649,391.9512983548938,0
8,110,0.179647966457448,0.029323644353318124,388.6605596665142,0
8,111,0.18117082789933497,0.029530272461668217,385.6820121582442,0
8,112,0.18251228469527525,0.02976452696302691,382.94769384824747,0
8,113,0.18368676082960628,0.030011264174652795,380.459701187531,0
8,114,0.18472304495033764,0.030256164899409983,378.6283703114672,0
8,115,0.18565669736466722,0.030486608791440394,377.38569987558833,0
8,116,0.18652221209379555,0.030691905403665436,376.57812491956,0
8,117,0.18735026338562924,0.03086163455847389,376.06184369139135,0
8,118,0.1881711845208553,0.030982651039743337,375.7707746863213,0
8,119,0.18902512269183,0.03103451241431567,375.6545866848365,0
8,120,0.18999611922942763,0.030982005097406434,375.72468653998266,0
8,121,0.19139359785555787,0.030806144776408053,376.01499044006744,0
8,122,0.19715795113426934,0.03138260306332077,377.06836313249977,0
9,0,0.0021103780695805583,0.005353001510177214,743.318959736926,0
9,1,0.00407338046312538,0.004013585018250668,738.6498740347392,0
9,2,0.00580892757923207,0.0031777740756409895,735.62942493224,0
9,3,0.007548169490048107,0.0027565351980660376,731.5965090642358,0
9,4,0.009236434846232678,0.00272091156346932,726.9633299386529,0
9,5,0.010848274938991181,0.0029492409412469403,719.231944356035,0
9,6,0.012419665619813773,0.0032767296164647325,705.3481683768716,0
9,7,0.014025205042683411,0.003589264647402113,688.0886646575647,0
9,8,0.01580406338569718,0.0038557460337158424,672.4252125783812,0
9,9,0.017804861587226346,0.004006301220976247,657.3883079270006,0
9,10,0.01997213787232958,0.004012632197523709,644.0109056737936,0
9,11,0.02217136104890886,0.003967521942405642,633.380810927454,0
9,12,0.024315388498370904,0.003983199227886883,625.7786702019707,0
9,13,0.026452146137460913,0.004013472167984839,620.8959831684692,0
9,14,0.02858806153443989,0.00404247922828775,618.6728156463212,0
9,15,0.030725423444645104,0.004073894439171276,619.1143154144507,0
9,16,0.032869785150760625,0.004116304819039679,622.2154922804214,0
9,17,0.03503288952108082,0.004180736877001634,628.0572834149215,0
9,18,0.037201731373677875,0.004231698866431352,636.7085671755121,0
9,19,0.039245172117211145,0.004112218273007495,647.5206936081536,0
9,20,0.04105732258905844,0.0038241450689006392,659.3585397519295,0
9,21,0.0426127315678245,0.0035388807664664544,671.9927365074965,0
9,22,0.04388224545957368,0.0034000723008612856,685.4421414164007,0
9,23,0.0448563800916742,0.0034828210395390267,690.80887072055,0
9,24,0.045582336980034166,0.003734542361914118,687.8885987354274,0
9,25,0.046138378533838544,0.004100685886492413,677.3543863526797,0
9,26,0.04661238388106614,0.004553677688633146,660.2460340647726,0
9,27,0.0471400769225246,0.005085320729535807,649.3769262425706,0
9,28,0.04791960638751699,0.005683412247426967,637.3859327527776,0
9,29,0.04912461629200821,0.006305062786364453,619.8403194140674,0
9,30,0.050778059249833724,0.0068787344328372045,602.8771976017432,0
9,31,0.052741570136721046,0.0073317794333777695,587.0775564010096,0
9,32,0.05483429307309482,0.007625125695677604,572.7623769453741,0
9,33,0.05695465477191003,0.007777250160772993,561.7087582893228,0
9,34,0.059087452012981455,0.00784149749769405,553.0623653669395,0
9,35,0.06123725789038304,0.007856015519192258,546.7679658638922,0
9,36,0.06338934383797605,0.007852397983384335,542.8479155578412,0
9,37,0.065537144814101,0.007852895865494407,541.2441579218421,0
9,38,0.06767633247621115,0.007868462851395763,541.9163027138663,0
9,39,0.06981675373253723,0.007887946916451186,544.8864510373509,0
9,40,0.07195793834137315,0.007920200065570362,550.1780189874114,0
9,41,0.07409704888586341,0.007976737859701996,557.8115270941427,0
9,42,0.0762278739670976,0.008063348001739284,567.8382265309987,0
9,43,0.07833879992480348,0.00817098083046307,580.2330750293032,0
9,44,0.08041046367250129,0.008279186904308369,593.3411837935298,0
9,45,0.08241419806255966,0.008379867753865016,604.8770686393935,0
9,46,0.0843092873269162,0.008493727480067784,614.4496549526251,0
9,47,0.08603801017104205,0.00865501916251668,622.2356768208864,0
9,48,0.08753167042806732,0.008901146466043675,628.2824019689656,0
9,49,0.08873785788467611,0.009261005717686094,632.247687473873,0
9,50,0.08966391487529472,0.00972724126045375,632.9997475411493,0
9,51,0.09039000628366774,0.010256319276482436,630.6922237343006,0
9,52,0.09103977896102601,0.010812783205494727,626.1647355101089,0
9,53,0.09176035814948602,0.011369578223105676,624.1333878947801,0
9,54,0.09269834124637029,0.011908796890984001,623.0308247595297,0
9,55,0.09393836047332856,0.012424576101043345,622.4727364491614,0
9,56,0.09545261202327289,0.012911166400319416,622.5761015510097,0
9,57,0.09711696950067233,0.013337404796693554,623.5474494474107,0
9,58,0.09878178846142834,0.013641446618025965,626.8743138022021,0
9,59,0.10035256634392474,0.01377621587275749,632.9660477542432,0
9,60,0.10184067278498984,0.013766403060212335,640.7621136764894,0
9,61,0.1033378239852291,0.01370162398356785,647.1005756356208,0
9,62,0.10492022747545686,0.013689373152413671,651.4736219149318,0
9,63,0.10661476516470077,0.01380749972991419,651.163326029136,0
9,64,0.10843045334623132,0.014062500904701574,639.3012549359852,0
9,65,0.11036883643363518,0.01438244426066468,621.4464587252592,0
9,66,0.1124128287921541,0.01466679361861484,606.0092654022593,0
9,67,0.11452689136939301,0.014849272052702927,592.8836251640821,0
9,68,0.11667341998120061,0.014923902579731665,582.4630906810935,0
9,69,0.11882042387352561,0.014918836234568036,574.8562278526695,0
9,70,0.12093126122390005,0.01485773391979276,570.0408932247567,0
9,71,0.12296539900074498,0.014751119446718357,567.8663790240892,0
9,72,0.12488502972465025,0.014614963838071569,567.8898367139118,0
9,73,0.1266498615335241,0.014484859969969077,569.1019501072628,0
9,74,0.12821290921730416,0.014412917874337388,570.5448610440305,0
9,75,0.12953400403776985,0.014440801628769012,571.5797412744789,0
9,76,0.13059992306871607,0.014579767581807915,572.1680086988422,0
9,77,0.131440326243257,0.01481290495489927,571.234103353833,0
9,78,0.13211798681318118,0.015111298894185755,568.2326115800106,0
9,79,0.13270231058626958,0.01545144894990289,563.4575083676538,0
9,80,0.13326309394207,0.015819678613405646,552.9785710284157,0
9,81,0.13388664303344744,0.016207496379406463,542.5330556088476,0
9,82,0.1346783706170331,0.016607009567233964,535.624048512991,0
9,83,0.13573564432738064,0.017008933896473826,527.7803709421694,0
9,84,0.13711191698474792,0.017402869368133355,518.6556485461729,0
9,85,0.13879569259457677,0.017779601710933013,508.3018697401893,0
9,86,0.14071406394001199,0.01813480764154019,497.0838464163658,0
9,87,0.14275873096761918,0.018473412052071255,484.99257758533065,0
9,88,0.1448224146177527,0.018812277299329782,473.8813586205058,0
9,89,0.14682636644369906,0.019176873163704866,466.1348539948733,0
9,90,0.14872593770319764,0.019589859488495395,460.81886048870786,0
9,91,0.15049945074730403,0.02005816007287413,456.8822371220463,0
9,92,0.15213702011240382,0.020569794165549726,453.44824416229113,0
9,93,0.1536382342846729,0.021103941730328365,449.93556307400087,0
9,94,0.15501161976529107,0.02164988656980398,447.2448259168391,0
9,95,0.15627132472281777,0.022225908444771025,445.2640604164236,0
9,96,0.15743727899584467,0.022878461969763782,443.7052150480515,0
9,97,0.15853977358599325,0.023652172338546357,442.2461244389967,0
9,98,0.15962421722158587,0.024554771222257375,440.63730032939776,0
9,99,0.16075278031206677,0.025543342591690336,436.89203226817483,0
9,100,0.16199740269057508,0.026533664914386315,431.0743404164621,0
9,101,0.1634232156409427,0.027424406488945733,425.0232521938365,0
9,102,0.165068185171886,0.028130212205858093,419.0666106938761,0
9,103,0.16692778481603485,0.02861221898977594,414.60570936154994,0
9,104,0.16895344705020243,0.02888895524367076,410.0673643775454,0
9,105,0.1710663559004606,0.02902156151967169,405.57796307454294,0
9,106,0.1731795512339659,0.029085607672094498,401.2736686126359,0
9,107,0.17521777839555247,0.029146279450404104,397.24429359791117,0
9,108,0.17712687375064395,0.029245004806284555,393.534175379663,0
9,109,0.17887265532195099,0.029397524674509744,390.1621221260521,0
9,110,0.18043641610571637,0.029600254613968573,387.12436737483785,0
9,111,0.18181319671027818,0.029839699610653646,384.3940439534721,0
9,112,0.18301310033828874,0.03009980902192938,381.7736028756505,0
9,113,0.18406080601285774,0.030365511552084657,379.5027880677806,0
9,114,0.18498971901359876,0.030623991664452194,377.9401537612327,0
9,115,0.185833645900283,0.030865002809137943,376.90703087239683,0
9,116,0.1866216342291244,0.03107997670294583,376.22433160353546,0
9,117,0.18737814095230415,0.031259904397113035,375.78557328609,0
9,118,0.18812704768106764,0.031392481086213425,375.53028348409475,0
9,119,0.18889909429839935,0.031457580289971435,375.4404908349624,0
9,120,0.18975325103019214,0.0314168240706829,375.51113558984105,0
9,121,0.19090196914075672,0.031199273976000426,375.81353908410017,0
9,122,0.1954976210735818,0.03101887054932842,376.88275890852424,0
10,0,0.0026866818841687437,0.005386234697651406,741.8710420909838,0
10,1,0.004359937415517611,0.0042361850294760145,737.4381581375902,0
10,2,0.006056971896814308,0.0033814346277825603,734.3094776265515,0
10,3,0.007777042697167688,0.002958688936898568,730.2455758632995,0
10,4,0.009442043244339893,0.002923012595487874,725.149989580198,0
10,5,0.011029720404957538,0.0031318530419996004,716.9750820596132,0
10,6,0.012582146340002952,0.0034238069653769964,702.7850107420338,0
10,7,0.014186861634881563,0.0037022827085119673,686.528173348523,0
10,8,0.01597671346659225,0.003940203128833902,670.9878133152492,0
10,9,0.0179877757600865,0.00407219953600414,656.122142057412,0
10,10,0.02015338812411699,0.004075102143773661,642.9886561920266,0
10,11,0.022342678844763667,0.004037125483042139,632.6497596540305,0
10,12,0.02448019838493361,0.004055375137472691,625.2778552609376,0
10,13,0.026610675157767057,0.00408645552412672,620.6125658029777,0
10,14,0.028740464584374403,0.0041162951692896915,618.6014405773893,0
10,15,0.030872054948815383,0.004149044818421476,619.2167362127623,0
10,16,0.03301120679847684,0.004193124516382137,622.4821154788989,0
10,17,0.03516808972387799,0.004256068365001232,628.4800709317392,0
10,18,0.03732436225559902,0.004297024521173978,637.2309187080429,0
10,19,0.039352614208965735,0.004173367271771323,648.1322044824353,0
10,20,0.04114766635334802,0.0038999494624795436,659.9616562256132,0
10,21,0.04267779985813289,0.003646521499992254,672.4597092215005,0
10,22,0.043916272185377705,0.0035465242185245653,684.1557645122164,0
10,23,0.04486729783571914,0.0036554531445991104,688.1864176855872,0
10,24,0.0455859537296281,0.003921736433178893,684.4420907871469,0
10,25,0.04615220127164505,0.00429719919118269,672.6946383023169,0
10,26,0.04666219551659183,0.0047591537891585696,658.1769724325951,0
10,27,0.04726363749894855,0.005300021086388178,646.9188639523184,0
10,28,0.048149285907442024,0.005901219556741388,633.5032039324329,0
10,29,0.049458766427695304,0.006512285974822265,615.3145597459358,0
10,30,0.05118112889794246,0.007060264135071168,599.5321357745663,0
10,31,0.05317278932221458,0.007479280111236779,583.5508748687254,0
10,32,0.05527127867549863,0.007742014401653081,570.2611352555501,0
10,33,0.05739222255072789,0.007873985019082362,559.7071236488118,0
10,34,0.059524164296000714,0.007926450046058284,551.5578114649841,0
10,35,0.06166888317829096,0.007936537578884094,545.7615883507942,0
10,36,0.06381396707315609,0.007933479247322437,542.3088035391792,0
10,37,0.0659540699980388,0.007936287689661177,541.1637588679888,0
10,38,0.06808754495671299,0.007951802187541953,542.2809408221243,0
10,39,0.07022244413005442,0.007972752506369243,545.678239516276,0
10,40,0.07235774919451675,0.008009554309256317,551.3877689195897,0
10,41,0.07448969197329526,0.008074342851996177,559.4370173666763,0
10,42,0.07661061760530732,0.008172025875422161,569.8753423345006,0
10,43,0.07870691628017697,0.008292919157507178,582.5931893701251,0
10,44,0.0807567489688099,0.008418973609960072,595.5310109728719,0
10,45,0.08272833037219991,0.00854569070616663,606.6393228808972,0
10,46,0.08457749994290557,0.0086936803544561,615.650648366645,0
10,47,0.08624608073827834,0.008894697189823796,622.9040909153864,0
10,48,0.08767312871896604,0.009181015582364121,628.2030206793868,0
10,49,0.08882463861190593,0.00957177962734201,631.3583441375081,0
10,50,0.08972722245356012,0.010052839887474158,631.4368245025959,0
10,51,0.09046953638708392,0.01058571406447907,628.6547713549335,0
10,52,0.09117734353931523,0.011138827004716136,625.3654187239015,0
10,53,0.09199282459103748,0.011687882984097701,623.6835493006181,0
10,54,0.09304062537425814,0.012216912549390535,622.7439686485907,0
10,55,0.0943718294863184,0.012717567982776384,622.3712749877034,0
10,56,0.09593498873072233,0.013176047601795474,622.7331679341016,0
10,57,0.09760537602027525,0.013555784639306895,624.1334763571714,0
10,58,0.09925346510663226,0.013803867422279585,628.6867052140053,0
10,59,0.10081452280934158,0.013895072965637733,635.004264145058,0
10,60,0.10231997204524537,0.013871960238548805,643.0257061352808,0
10,61,0.1038555976903727,0.013827661219176234,648.2311378407154,0
10,62,0.10548283345385415,0.013857158655463343,651.4977428292035,0
10,63,0.10722282607884351,0.014013297734961152,647.7697621185088,0
10,64,0.10908154452631084,0.01427897850499193,632.8733494438125,0
10,65,0.11105458661711148,0.01457725792868465,615.9203123735084,0
10,66,0.11312002700394273,0.014821983132526277,601.2503370539699,0
10,67,0.11524248777437686,0.014966889113308048,589.0638575145198,0
10,68,0.1173860137553706,0.015016556617703618,579.5999570053153,0
10,69,0.11951717928151974,0.014998417813670959,572.9348932471692,0
10,70,0.12159808127982448,0.014933407572368954,569.0207595386572,0
10,71,0.1235881473264599,0.014834145188015424,567.6169219375317,0
10,72,0.12544787033674482,0.014721275457511637,568.0913812888501,0
10,73,0.1271353984424385,0.014632088791818723,569.3336092044635,0
10,74,0.1286083219356655,0.014611758328755498,570.4513355787831,0
10,75,0.12983903517279943,0.014689885792361954,571.1084822741582,0
10,76,0.13083178759112393,0.014867852061154018,570.591111867268,0
10,77,0.13162878706416567,0.015125673901940903,568.6380599415498,0
10,78,0.1322952318409234,0.015437934775914168,564.7903583292543,0
10,79,0.13290178835163688,0.01578572887919619,557.8078422480891,0
10,80,0.13352641698677684,0.016157576655497236,546.5044086938047,0
10,81,0.13426280895641723,0.016545207092670457,538.9827692860878,0
10,82,0.13520894567872288,0.016940483817746106,531.4713755152151,0
10,83,0.13643674760783228,0.017334789717581803,522.9857144197904,0
10,84,0.1379661363837431,0.017720139377603104,513.2819449050075,0
10,85,0.13975780603771623,0.018091480588389056,502.58036979576417,0
10,86,0.14172648330603033,0.018449723846579755,490.9714683378361,0
10,87,0.14376875545687282,0.018804473240426996,478.934370079269,0
10,88,0.14579297356434007,0.01917394901570641,469.52016261093365,0
10,89,0.1477367919073781,0.01957922204598456,463.1887410336899,0
10,90,0.14956665144965103,0.0200338156947228,458.642276179836,0
10,91,0.15126740974380185,0.020536126068668118,455.00536954099005,0
10,92,0.15283458997820437,0.02107224372752208,451.5148223604883,0
10,93,0.15427256323255117,0.021628970662826787,448.42652822576616,0
10,94,0.1555934664273066,0.02221003257351473,446.1205547068529,0
10,95,0.15681592091270077,0.022843564526964972,444.3044216253453,0
10,96,0.15796696982097677,0.023568373822050043,442.730268149276,0
10,97,0.15908582001615437,0.024404552253189847,441.09584749386727,0
10,98,0.16022558065231643,0.025331982077294916,439.0638654862552,0
10,99,0.16144996167270695,0.026289521280580506,433.2501271258791,0
10,100,0.1628223846115184,0.027191075569708918,427.2440090165428,0
10,101,0.16438919448509515,0.027951669430800914,421.1812506872851,0
10,102,0.16616344097407784,0.02851593633591718,416.39614985764223,0
10,103,0.16811730645100542,0.02887670485336091,411.90476797583204,0
10,104,0.17018787351880343,0.029073275652522736,407.40980334435244,0
10,105,0.17229361810183336,0.0291717434819803,403.0553647372475,0
10,106,0.17435390543291257,0.02924014247824165,398.94284603498534,0
10,107,0.17630337122379652,0.02933009467820177,395.1314397735401,0
10,108,0.1780971106663608,0.029469229429705916,391.6613176198163,0
10,109,0.17970913113465356,0.029662996222708803,388.5435447721585,0
10,110,0.1811297766638467,0.029902056208053134,385.7700784358853,0
10,111,0.1823649938059739,0.030170638337191965,383.16711229168504,0
10,112,0.18343552451377307,0.030452528784538357,380.7200771538562,0
10,113,0.1843725151259285,0.030733971915798353,378.6433277022325,0
10,114,0.1852096995993958,0.0310044411051821,377.3222183105996,0
10,115,0.185976717804574,0.031256066367021725,376.41870094131235,0
10,116,0.18669708281034142,0.03148208460514544,375.8217766791525,0
10,117,0.18739011931607133,0.031674789890955186,375.43808859196344,0
10,118,0.18807467601565792,0.03182308937176633,375.23285498564394,0
10,119,0.18877438596374244,0.031908439991723846,375.15094931120086,0
10,120,0.18953029638013147,0.0318948361902368,375.2290274736613,0
10,121,0.19047451090372985,0.03169637390074125,375.5403901275789,0
10,122,0.19393342107112913,0.031050072616879962,376.6121468241022,0
11,0,0.0031819083251153424,0.005540083743740206,739.8811272966356,0
11,1,0.004627215583145825,0.004455682712283009,736.317877294317,0
11,2,0.006299944236670397,0.0035700791563789062,733.1115916290223,0
11,3,0.008002740066835011,0.003149001750402039,728.8070768320644,0
11,4,0.0096436734880522,0.0031153244367459337,723.394685404359,0
11,5,0.011206558055992232,0.003305418948157223,714.8041342503245,0
11,6,0.012741609742648458,0.0035633437248549686,700.7521045976248,0
11,7,0.014347312251163636,0.0038096382018920653,684.9695699806098,0
11,8,0.016149169451578405,0.004021524010803966,669.5731926403342,0
11,9,0.0181700749121926,0.004137436010062644,654.865782189274,0
11,10,0.020333484109938692,0.004138235368515476,642.0107389646297,0
11,11,0.022513085977566783,0.004107065230507252,631.9323072099131,0
11,12,0.02464406816415975,0.004127713841867577,624.7957623415014,0
11,13,0.026768285255730107,0.00415956870523794,620.3611220242615,0
11,14,0.02889200608307194,0.004190248509503635,618.5362503856715,0
11,15,0.0310178826655876,0.004224326743790512,619.310691863743,0
11,16,0.03315175675398561,0.004269826245958316,622.7534896268336,0
11,17,0.03530210030441798,0.004330787742020887,628.890637829893,0
11,18,0.03744596541434264,0.004362305180129589,637.7586625890724,0
11,19,0.03945935009466114,0.004235735765551617,648.7287830982141,0
11,20,0.041237409366870176,0.003977780047920811,660.5617504460099,0
11,21,0.04274328083539994,0.0037554162323480407,672.7221527652055,0
11,22,0.043954004703700415,0.0036911387545169546,683.2079495492615,0
11,23,0.04488590822807792,0.0038241736323781582,685.8910811034038,0
11,24,0.04560053955146224,0.004104723127231286,681.054162406936,0
11,25,0.04618087068394869,0.004490464493498884,669.6519486998988,0
11,26,0.046732485381789125,0.00496285865695122,655.8641550862394,0
11,27,0.04741249972890107,0.005513278363309311,643.9562144647796,0
11,28,0.04840239493828945,0.006115982106312407,629.2082325988586,0
11,29,0.04980788253746948,0.006714083551666163,611.1428363183352,0
11,30,0.051590433857127284,0.007234962424931551,596.090021344078,0
11,31,0.05360554312512425,0.007620564832866255,580.4699487337183,0
11,32,0.0557083385725823,0.00785453002094686,567.8605792840367,0
11,33,0.057829038600592526,0.007967945675586327,557.8083932358707,0
11,34,0.059958932042275016,0.008010191200134815,550.1595826542037,0
11,35,0.06209799299152821,0.008016984983720382,544.8558215833293,0
11,36,0.06423590872064075,0.008014889570842593,541.8770680519742,0
11,37,0.06636869082509361,0.008019600125232331,541.1706497648776,0
11,38,0.0684965503744105,0.008035278066367895,542.7259441876356,0
11,39,0.0706259354875814,0.008058241692284323,546.552586674371,0
11,40,0.07275516805510002,0.008100466870443962,552.6726967106841,0
11,41,0.07487943260367168,0.008174567884897115,561.1261987319609,0
11,42,0.07698953376046234,0.008284620972267133,571.9731296578527,0
11,43,0.07906981177346978,0.008420617233661939,584.9540229114226,0
11,44,0.08109594352489584,0.008566712252583769,597.6547672058402,0
11,45,0.08303326499505641,0.008721026607216149,608.2571576178498,0
11,46,0.08483525253171981,0.008903429767474174,616.7466744212786,0
11,47,0.0864453738758965,0.009142667416458377,623.4234233261001,0
11,48,0.08781246734818964,0.00946548059423553,628.1066658122202,0
11,49,0.08892004041539324,0.009882746227567466,630.4122547124713,0
11,50,0.08981034141892259,0.010376400843516431,629.9021992524988,0
11,51,0.09057885211504597,0.010912178799297642,627.2136254767897,0
11,52,0.09135188599589061,0.01146155824779881,624.6497272540643,0
11,53,0.09226257617348275,0.012002231595925766,623.266995198893,0
11,54,0.09341143635626864,0.012518754597444452,622.4740326585503,0
11,55,0.09482022617181694,0.01299946004770742,622.3489033120882,0
11,56,0.09642076878981551,0.013424510264420087,622.9815096347925,0
11,57,0.09809248660696274,0.01375628027865957,625.0117161084072,0
11,58,0.09972713832323869,0.013953441670023992,630.4497229552444,0
11,59,0.10128638478940544,0.014010833335128628,637.2783553025043,0
11,60,0.10281494348021257,0.013984553539819053,644.5588144220164,0
11,61,0.10439042235654535,0.01396608053206615,649.1311194483776,0
11,62,0.10606199157687782,0.014034305314592358,650.7836284834999,0
11,63,0.10784576460012447,0.014218618210378568,643.0182276592138,0
11,64,0.10974395971689935,0.01448487109862245,626.6851356350962,0
11,65,0.11174686082371328,0.014756864785203772,610.6409582986244,0
11,66,0.1138292187423508,0.014963756736838658,596.8244287454039,0
11,67,0.11595607356439881,0.015076063023562188,585.5712333114652,0
11,68,0.11809223405922162,0.015105769625539948,577.0490865002753,0
11,69,0.12020290320281457,0.015079203403752005,571.3245860478946,0
11,70,0.12224915862652347,0.01501570359181229,568.2618337446199,0
11,71,0.12419004046457642,0.014930060352523433,567.5450144518012,0
11,72,0.12598495653770644,0.014845964134982037,568.3255588769357,0
11,73,0.12759298272402345,0.014799677595009468,569.452911610998,0
11,74,0.12897905495989873,0.014828344506905917,570.2126856414768,0
11,75,0.13012926101043318,0.014950865922052642,570.1648149476464,0
11,76,0.1310629494176327,0.015161533937072908,568.9219887788079,0
11,77,0.1318311798882492,0.015439655213762149,565.9952591713622,0
11,78,0.13250167775475857,0.01576342309748255,560.9505052654674,0
11,79,0.1331492278937411,0.016117339650386944,551.3273341927129,0
11,80,0.13385886676359954,0.01649131194850147,542.5468593269857,0
11,81,0.13472419860412893,0.01687733776248833,535.059260445797,0
11,82,0.1358272395129537,0.017267863050005272,527.0212967878584,0
11,83,0.13721176220531053,0.01765604844149478,517.9331208373359,0
11,84,0.13886861006214998,0.018037049810175287,507.7710715353536,0
11,85,0.14073894121387204,0.018409916843709316,496.7532192538889,0
11,86,0.14273284486523577,0.018779686652124337,484.66757836551085,0
11,87,0.14475573722561325,0.01915842436249493,473.6305626130021,0
11,88,0.146731271772451,0.019563032148758337,465.9315770181246,0
11,89,0.14861111521687254,0.020008688459767866,460.63076405016415,0
11,90,0.15037100520126068,0.020500996576585342,456.6148901211801,0
11,91,0.1520018368825584,0.021033543006947285,453.111775375105,0
11,92,0.15350421826117827,0.021594791083946064,449.777837856559,0
11,93,0.15488703433443163,0.02218094688392047,447.1075741219877,0
11,94,0.156166763905678,0.0228059858642927,445.02453316440455,0
11,95,0.1573677280303983,0.023498482510427937,443.3025449847148,0
11,96,0.15852428636617344,0.024282181678927678,441.5809314489643,0
11,97,0.1596826130719238,0.025153308012373355,439.649265232757,0
11,98,0.16089909071871752,0.026071349355898315,435.44876251946846,0
11,99,0.16223336815779854,0.026966902994524856,429.5116713738763,0
11,100,0.16373566414717441,0.027761277702118357,423.40201001702053,0
11,101,0.16543167720619212,0.028391247365048115,418.16271770692254,0
11,102,0.16731173512873862,0.028830202865321754,413.72218069039405,0
11,103,0.16933010656567551,0.029095612729790485,409.24726992781996,0
11,104,0.17141536821744638,0.02923909195652982,404.84843129487166,0
11,105,0.1734871694082264,0.02932566191378281,400.6563074055393,0
11,106,0.1754724460952645,0.02941324223649704,396.7449592133315,0
11,107,0.17731556959632083,0.029540059758927928,393.17004766121255,0
11,108,0.17898120529066264,0.02972166706633173,389.95635349188126,0
11,109,0.18045304058459238,0.02995523320337227,387.1012605772539,0
11,110,0.18173209084104736,0.030227245818538653,384.4068771096034,0
11,111,0.1828350619381214,0.030520918567932688,381.74867906697693,0
11,112,0.18379055713931935,0.030821091522508788,379.723137197828,0
11,113,0.1846320803159593,0.031116248814674494,377.8390458377317,0
11,114,0.1853906174084915,0.03139840545204007,376.69498839932197,0
11,115,0.1860907603326208,0.031661823043607644,375.936711081639,0
11,116,0.1867511118776645,0.03190132642102786,375.42061587052814,0
11,117,0.1873868703911212,0.032110625253305686,375.0669900622141,0
11,118,0.188012876462778,0.0322803796721121,374.85887343080026,0
11,119,0.18864730575403824,0.032394812880731,374.7946154536695,0
11,120,0.189319016697448,0.03242345507563606,374.86675364440975,0
11,121,0.1901025711564533,0.03229122361551054,375.1450348529257,0
11,122,0.19248751804991648,0.031510130576373425,376.2772582879122,0
12,0,0.0035613456751393924,0.005830430556747881,737.1269990776033,0
12,1,0.004875959644001478,0.004666277599820959,735.2630614653756,0
12,2,0.006539101778868699,0.003743192279154923,731.9411165733271,0
12,3,0.008225420175906249,0.0033286548380132277,727.3860862024219,0
12,4,0.009841133832544953,0.0032990802450546157,721.6912700743471,0
12,5,0.011378843532262435,0.0034707983461037826,712.6995964731434,0
12,6,0.012898228127867018,0.0036958535597995585,698.9408419975217,0
12,7,0.014506777841801724,0.003911792248814824,683.4675023401016,0
12,8,0.01632152854286787,0.004100085825006128,668.1901577502089,0
12,9,0.018351784982182158,0.004202207643889391,653.660552555546,0
12,10,0.02051246144052877,0.004202035003785912,641.047417077307,0
12,11,0.022682575840210887,0.004177333091473031,631.2391168765249,0
12,12,0.02480699798311074,0.004200210741321781,624.349821272468,0
12,13,0.0269249837615519,0.004232809058346163,620.1028812211619,0
12,14,0.02904269395636455,0.004264335366315099,618.4525654032938,0
12,15,0.03116290461798856,0.0042997209512940825,619.4247083813289,0
12,16,0.033291420637930245,0.00434638245031964,623.0200827115005,0
12,17,0.03543494971652652,0.004404943858037294,629.3069823028734,0
12,18,0.03756658576852039,0.004427620189719485,638.29458483966,0
12,19,0.039565426420813454,0.004299363708666124,649.3301286876494,0
12,20,0.04132666972945802,0.004057588244313338,661.1574930416626,0
12,21,0.04280937020715464,0.0038654978259262326,672.9737199955957,0
12,22,0.04399534569306634,0.003834304542811958,682.2956586941589,0
12,23,0.04491164489679292,0.003989822058395261,684.1426716183396,0
12,24,0.04562546238073378,0.004284559020860679,678.4649544363494,0
12,25,0.046224095761780465,0.004681612689163214,666.469111351165,0
12,26,0.04682316951482055,0.005165652877919087,653.4329409505202,0
12,27,0.04758573254554317,0.005725412208868959,640.759220792452,0
12,28,0.048677022412306585,0.006327669456357593,624.734306003815,0
12,29,0.05017025345057907,0.006910430109118041,607.3634766782616,0
12,30,0.052005102343458426,0.007403022209695462,592.5791452920918,0
12,31,0.05403949859052345,0.007755946852524329,577.5596581378275,0
12,32,0.056145201809209795,0.007962929249104078,565.5434068662471,0
12,33,0.05826477880731641,0.008059416096286895,556.0269712152271,0
12,34,0.060391586294795095,0.008092954706124636,548.8671977697705,0
12,35,0.06252453324210129,0.008097460603847513,544.0459138668784,0
12,36,0.06465523134722846,0.008096584125155935,541.5319007389875,0
12,37,0.06678103324477894,0.00810287797913348,541.2668283341126,0
12,38,0.06890336678393216,0.008118976962238405,543.2478165270936,0
12,39,0.07102720942193093,0.008144570407121066,547.4992523974831,0
12,40,0.07315011325455179,0.008193174259161143,554.0414589812107,0
12,41,0.07526610843397724,0.008277758343000093,562.898834618896,0
12,42,0.07736437805875529,0.008401617836147285,574.1093270524805,0
12,43,0.07942718253324836,0.008554601928385744,587.3033263274361,0
12,44,0.08142777898512098,0.008722745773269203,599.6978725489505,0
12,45,0.08332903122807055,0.008905897125960417,609.7884942150058,0
12,46,0.08508326661305612,0.009122629842809375,617.798163190093,0
12,47,0.08663751357669847,0.00939830599871943,623.7972360865199,0
12,48,0.08795169731694742,0.009754114274691975,627.9787211769428,0
12,49,0.08902549893066289,0.01019422742674476,629.546872479822,0
12,50,0.0899139595836443,0.01069855938859948,628.5964765783563,0
12,51,0.09071781135872736,0.011236252946230483,625.9823442909762,0
12,52,0.09156165091937732,0.01178105334320516,624.0180759921961,0
12,53,0.09256595746543844,0.01231185242763158,622.8850476626575,0
12,54,0.09380665878279587,0.012812755736863421,622.3138535004363,0
12,55,0.09528080496210535,0.01326883249366224,622.3874919166101,0
12,56,0.0969093995223278,0.013656550132222734,623.3769872628618,0
12,57,0.09857975853553896,0.013940750712401667,626.4441141374062,0
12,58,0.10020517651980189,0.014093191151432193,632.3468690747627,0
12,59,0.10176976105082372,0.01412640493269556,639.6890160933509,0
12,60,0.10332589771397972,0.014105394781474144,645.9134201290958,0
12,61,0.10494198146502652,0.014115427166471869,649.666269309212,0
12,62,0.10665694405971271,0.014217498367702936,648.7676354429839,0
12,63,0.10848222429930722,0.014420486856363676,637.6531661912512,0
12,64,0.11041601266310916,0.014679169740485408,620.9452088416965,0
12,65,0.11244409934102208,0.014922225906576445,605.6582821245643,0
12,66,0.11453900978016172,0.015093971996889671,592.6967497016471,0
12,67,0.11666618263224633,0.015178710455087922,582.361804121921,0
12,68,0.11879057686380083,0.015193496361209003,574.81762917138,0
12,69,0.12087611398879962,0.015163442591168894,570.0122372830231,0
12,70,0.12288300322691098,0.01510697328233522,567.7595828343249,0
12,71,0.12476993393042118,0.015040615698988815,567.6191335261008,0
12,72,0.12649637101647435,0.014989350637628759,568.5397988836269,0
12,73,0.1280247426000355,0.01498637695854228,569.4313405345845,0
12,74,0.12932938562507293,0.015060531883950824,569.7100932194271,0
12,75,0.13041008785952093,0.015221764123925693,568.9203515520137,0
12,76,0.13129873427594319,0.015459765243928633,566.7241312832854,0
12,77,0.13205306979693088,0.015754607021578722,562.6230203662504,0
12,78,0.13274431897718433,0.016087753140790736,555.8409965266504,0
12,79,0.13345236325014861,0.01644617813610548,546.5723695116849,0
12,80,0.13426541750071946,0.01682083589361619,538.6663292748543,0
12,81,0.135269179375391,0.01720446489727182,530.8755034096476,0
12,82,0.13652426552226624,0.017590993939043353,522.2897635317549,0
12,83,0.1380470768633603,0.01797610225212581,512.687368210104,0
12,84,0.13980516588524078,0.01835824258947704,502.1806327078424,0
12,85,0.14172760207398566,0.01873993694112325,490.637008250002,0
12,86,0.1437256348737192,0.01912885899679396,478.5749453398681,0
12,87,0.14571574881157476,0.01953741238680792,469.2118014908841,0
12,88,0.1476359594353703,0.01997931953903055,462.9344230139421,0
12,89,0.1494499071905892,0.02046365441392549,458.3693379146523,0
12,90,0.1511413135840691,0.020990257343932034,454.674332567879,0
12,91,0.15270668896715558,0.021551464068403112,451.2551729858559,0
12,92,0.15415152463124898,0.022140734378912022,448.2476874705171,0
12,93,0.15548935280319126,0.022762579910129584,445.86704588157625,0
12,94,0.1567417039092635,0.023435168549417733,443.94960724047337,0
12,95,0.15793899193012484,0.0241799092052125,442.16812419954624,0
12,96,0.1591217991739858,0.025002585422225856,440.2359365204767,0
12,97,0.1603402529004398,0.025879538109447785,437.525544593006,0
12,98,0.161649526714262,0.02675791601928055,431.7342344402887,0
12,99,0.1631006181496158,0.027568782550582965,425.6550400800686,0
12,100,0.1647275706754258,0.028247526335042444,419.91945996924926,0
12,101,0.1665355391827336,0.02875467266586085,415.5166780630448,0
12,102,0.16849553900186676,0.02908866414489197,411.0638224698195,0
12,103,0.17054904469953164,0.02928442637229815,406.6446398349392,0
12,104,0.17262071437327473,0.02939898195261524,402.3894201117107,0
12,105,0.17463407145638868,0.029491994252989772,398.3841330275709,0
12,106,0.17652456086097437,0.029609895027977128,394.6986226381197,0
12,107,0.17824669060862236,0.029778252325939416,391.3750463476172,0
12,108,0.17977564267497811,0.030002309220605355,388.42242531490945,0
12,109,0.18110609221215412,0.03027284635266324,385.5745934907371,0
12,110,0.18225006150483908,0.030573816028468898,382.8762247820779,0
12,111,0.18323317749700546,0.03088881201112757,380.5335290323143,0
12,112,0.18408826462123584,0.031204786741875268,378.66380118288834,0
12,113,0.184847699866364,0.03151292308199075,377.0432024773162,0
12,114,0.1855380699064758,0.03180766460659762,376.06037538912153,0
12,115,0.18617903587596113,0.03208513862491318,375.39952657248085,0
12,116,0.18678509144617736,0.03234172227237488,374.93488360592335,0
12,117,0.1873680463111813,0.03257285223309972,374.619160919402,0
12,118,0.18793933973716095,0.03277164583471283,374.43052267222873,0
12,119,0.18851264810741553,0.0329263654649891,374.34884354056965,0
12,120,0.1891085361991682,0.03301431739716976,374.3810257601233,0
12,121,0.18976942976076805,0.032982182816697535,374.5847045103479,0
12,122,0.1912434013025087,0.032375097008424454,375.78323938264276,0
13,0,0.0038131064935911334,0.006245753654892586,735.0321823024842,0
13,1,0.005110723602613502,0.004861198802660602,734.2725449544479,0
13,2,0.00677583972096496,0.0039007198996428983,730.6938455764939,0
13,3,0.008445106225519198,0.003499004747461913,726.0406059957103,0
13,4,0.010034219572310535,0.0034754150880060624,719.7671655386623,0
13,5,0.011546640104068124,0.0036286956322177984,710.7000268379165,0
13,6,0.013052195595944446,0.003821781941071197,697.1845154431478,0
13,7,0.014665475645484137,0.0040091685170422315,681.993565503071,0
13,8,0.016493877784941057,0.0041762364816257,666.8267688427761,0
13,9,0.018532924563708343,0.004266688697708618,652.4485649818681,0
13,10,0.020690347138909028,0.004266499688275475,640.0891780142737,0
13,11,0.022851141129501033,0.004247919310402012,630.5673468833122,0
13,12,0.02496898878098746,0.004272860736796148,623.8843408144085,0
13,13,0.027080778297738795,0.004306173731881243,619.8406964754168,0
13,14,0.029192535459558428,0.004338550874418906,618.3992903826606,0
13,15,0.03130711825596432,0.004375208264650621,619.5405282990057,0
13,16,0.03343018739788098,0.004422771127812849,623.2909100668418,0
13,17,0.03556666713350609,0.004478586112416778,629.7382926372197,0
13,18,0.03768626845385477,0.004493045070420387,638.8368338785707,0
13,19,0.03967089500189104,0.004364285888780781,649.9267211555724,0
13,20,0.04141557174682245,0.004139326941144941,661.7582139578241,0
13,21,0.04287626027514806,0.003976717841699339,673.2289796636114,0
13,22,0.04404025952016445,0.003976362832761954,681.4281731710067,0
13,23,0.044944161610133655,0.004153106769854611,682.283578403639,0
13,24,0.04566042924872094,0.004462153120928657,675.5897371787416,0
13,25,0.046281958587260155,0.004871591262039518,663.4210852826166,0
13,26,0.046934336966650905,0.005368171789109026,650.7661053809678,0
13,27,0.04778242589442803,0.005936569880811513,637.2171624863763,0
13,28,0.04897140012582013,0.006536167272723255,620.277588767091,0
13,29,0.05054433633567347,0.0071012679011514005,603.8788385125143,0
13,30,0.05242432552643418,0.007564605147896025,589.011589027751,0
13,31,0.054474305462406857,0.007885707060846379,574.7913594557231,0
13,32,0.05658158198954202,0.008067473331938564,563.3521999862423,0
13,33,0.05869915325761385,0.008148678305255062,554.34952900573,0
13,34,0.06082198745162708,0.008174957293478393,547.6825080734938,0
13,35,0.06294847598300493,0.008178046020430103,543.3344750634426,0
13,36,0.0650719946978376,0.008178532403260984,541.2733979967962,0
13,37,0.06719112445293317,0.008186167981396738,541.4484607011331,0
13,38,0.06930800686369502,0.008202994294331982,543.851186029234,0
13,39,0.07142623613424094,0.008231911935142765,548.5122112438988,0
13,40,0.07354248820585606,0.008287941377357694,555.4692407570885,0
13,41,0.07564954313187633,0.008384292829207841,564.693152306509,0
13,42,0.07773490013807226,0.008523510296505372,576.3181340677357,0
13,43,0.07977874359741025,0.008695363736996236,589.6346817647186,0
13,44,0.08175206099252794,0.008887356188126186,601.6636395110918,0
13,45,0.08361580058110575,0.00910026645109111,611.1883134976622,0
13,46,0.08532242099265139,0.009350918547239824,618.6754333425409,0
13,47,0.0868241710203677,0.009661068082071738,624.1415072357072,0
13,48,0.08809275727760135,0.010046619016762213,627.6459859609721,0
13,49,0.08914250713896153,0.010506497765934115,628.603279736294,0
13,50,0.09003893869702055,0.01101975631252241,627.3362366907033,0
13,51,0.090886310077259,0.011558164899831703,625.1444598523904,0
13,52,0.091804847528456,0.01209700854270327,623.5037281635509,0
13,53,0.09289961874859444,0.01261571427378988,622.5780440127155,0
13,54,0.0942228370173582,0.013097455620117956,622.2028042376293,0
13,55,0.09575148018755404,0.013524721443403005,622.5337079003922,0
13,56,0.09740076888248866,0.013872654963933938,623.98316207781,0
13,57,0.0990687530412645,0.01411130026724074,628.0791766451654,0
13,58,0.10068966892140181,0.014226022015512178,634.3560285853266,0
13,59,0.10226586858967236,0.014244125608315146,641.7398587996852,0
13,60,0.1038529269470889,0.014234880243302706,647.0889767984559,0
13,61,0.10550979100755781,0.014273767806187145,649.6395991997185,0
13,62,0.10726673447634873,0.014403652225869581,645.5387562525262,0
13,63,0.10913074953538952,0.01461659055415069,631.7144785374416,0
13,64,0.1110960545901028,0.014861434432156628,615.4526055530662,0
13,65,0.11314478708657304,0.015074522235400054,600.9647495760313,0
13,66,0.11524799477328805,0.015214497671109979,588.8942687901913,0
13,67,0.11737135813026282,0.015276791287888438,579.4996979096221,0
13,68,0.11947956961634648,0.015281797941008477,572.8702073952115,0
13,69,0.12153538023152752,0.015253379705395363,568.9341243160449,0
13,70,0.12349832832570898,0.015209300643996955,567.4363791529352,0
13,71,0.12532717603647867,0.015167051832242848,567.7444093077423,0
13,72,0.1269829118850212,0.015151263654450582,568.6798327684402,0
13,73,0.12843348648421407,0.015190720360332045,569.2302648466007,0
13,74,0.12966392836867877,0.015306314712332696,568.8867057498679,0
13,75,0.13068696647797765,0.015500938971060706,567.326567551658,0
13,76,0.13154479061643715,0.01576170453461977,564.2274626452293,0
13,77,0.13230085711634965,0.016070223099191618,559.1706239478199,0
13,78,0.13303064772937345,0.016410722224571458,550.947891247654,0
13,79,0.13381787507904877,0.016772067961430978,542.4283183320027,0
13,80,0.13474829001264774,0.017146371556461655,534.6251140941822,0
13,81,0.1358931731969714,0.017527795266781405,526.4247685537465,0
13,82,0.13728950574267543,0.017912459657226584,517.3563069633199,0
13,83,0.13892936022547708,0.018298843021441746,507.30289382348093,0
13,84,0.14076313875532304,0.018688343945580305,496.4227969938696,0
13,85,0.14271414724386863,0.019085932331806034,484.26484183955097,0
13,86,0.14469893268940615,0.019500319196485028,473.21000751993563,0
13,87,0.14664606642599354,0.019942511133621457,465.6217826500475,0
13,88,0.14850668634511457,0.020422106311126974,460.35937678351155,0
13,89,0.15025470778822445,0.020942878784123084,456.30153759751573,0
13,90,0.15188086217936775,0.021501422829892373,452.7691370040389,0
13,91,0.15338696669504145,0.022091543626003737,449.536526936997,0
13,92,0.15478336102349116,0.022712309037900336,446.853717147508,0
13,93,0.15608848240372122,0.02337330762446842,444.7098935766072,0
13,94,0.1573292046379428,0.02409076614280024,442.7788582377837,0
13,95,0.158541462556859,0.024874270676266717,440.87020957803685,0
13,96,0.15976999548283552,0.025712389609394783,438.5549315291913,0
13,97,0.16106544932787728,0.02656727741905952,433.85600360571505,0
13,98,0.1624777352393301,0.027381453365168642,427.9583472227745,0
13,99,0.16404579538230438,0.028093464931971502,421.79762829900204,0
13,100,0.16578616565622323,0.02865677299314079,417.2945532698221,0
13,101,0.1676850203429122,0.029054922955667778,412.8655542095622,0
13,102,0.16969794386313278,0.029306392158295953,408.4440102571004,0
13,103,0.17175812529657317,0.029456929394038718,404.1358360641464,0
13,104,0.17378987786957314,0.029563532328983132,400.048365244946,0
13,105,0.17572265161907336,0.02967760774235831,396.2562902071317,0
13,106,0.17750139905744178,0.029833615637858905,392.8135334642782,0
13,107,0.17909161661762119,0.030045588486091446,389.74765540566045,0
13,108,0.18048004687580263,0.03031029719066681,386.7210309873688,0
13,109,0.18167287476081959,0.03061405171325663,383.95016845375494,0
13,110,0.1826920042704394,0.030939972415383606,381.5167115281883,0
13,111,0.1835689626645859,0.03127333332142172,379.41069496794654,0
13,112,0.1843371954802421,0.031603876653539704,377.66125501968037,0
13,113,0.18502561667128084,0.03192552344887358,376.25807347472767,0
13,114,0.18565593522814183,0.03223488664806675,375.4399129200841,0
13,115,0.18624345361315225,0.03252981440987031,374.84556933486095,0
13,116,0.18679923018900724,0.03280840041837362,374.4297869844876,0
13,117,0.18733208089510045,0.03306831286076829,374.1284013255452,0
13,118,0.1878501658717744,0.033306048874031845,373.90945159085976,0
13,119,0.18836265772827382,0.03351550229567326,373.792981052418,0
13,120,0.18888267466150205,0.033684337717791515,373.7524515784718,0
13,121,0.18943557913859416,0.03378221511739902,373.8279228146055,0
13,122,0.1902289573710081,0.03360588335734614,374.7774943249027,0
14,0,0.003943740145329802,0.006762387589946911,734.9055274632902,0
14,1,0.005338089233593313,0.005034558933164739,733.4066559568645,0
14,2,0.007011314097407074,0.004043178048388745,729.572607075369,0
14,3,0.008661656872517855,0.0036615524991988344,724.5520249743531,0
14,4,0.010222722506295532,0.0036453456872131184,717.9138762362138,0
14,5,0.01171002748616337,0.0037796770900599503,708.7667526839343,0
14,6,0.013203725974245944,0.00394151889817515,695.4845273360118,0
14,7,0.014823617418031525,0.004102160099790259,680.5559161265837,0
14,8,0.016666293573255053,0.004250298146729931,665.4565596393483,0
14,9,0.018713504898599735,0.004331033043658467,651.2563176776405,0
14,10,0.020867160709756593,0.004331623897988108,639.1725914785961,0
14,11,0.023018774242985707,0.004318812683928545,629.8923431932111,0
14,12,0.02513004235179781,0.0043456583573696205,623.4360789411385,0
14,13,0.02723567671284351,0.004379659669535147,619.6083989144646,0
14,14,0.02934153719468335,0.0044128893032622666,618.350616604544,0
14,15,0.03145052071930383,0.0044507699567540825,619.6629989366022,0
14,16,0.03356804906037854,0.0044989753734281735,623.5802208284829,0
14,17,0.03569728242935368,0.0045517641884829105,630.1710641657793,0
14,18,0.037805059156002886,0.004558651545415364,639.378700200429,0
14,19,0.03977581298691703,0.004430532450943185,650.5188877391295,0
14,20,0.04150424595922045,0.004222951498865387,662.3413900706621,0
14,21,0.04294414295871546,0.004089045212178083,673.4898202197876,0
14,22,0.04408876556534534,0.004117620642715518,680.5921489339244,0
14,23,0.044983290844760784,0.004314646108144147,680.1483644820325,0
14,24,0.04570542562321522,0.004638308857814782,672.8354469554943,0
14,25,0.04635481000177313,0.005061197252265877,660.8730971075098,0
14,26,0.04706613154858801,0.005570866390281184,647.9909678245278,0
14,27,0.04800164409995971,0.006146766521003328,633.3849095394139,0
14,28,0.04928386354324872,0.0067413001510268755,616.0129395099598,0
14,29,0.050928720033252085,0.007286517056794643,600.5141735936686,0
14,30,0.05284734605682998,0.0077198517559577155,585.6328719820067,0
14,31,0.05490960394772285,0.008010108193086637,572.1650612296107,0
14,32,0.0570171906053997,0.008168431001672895,561.269135048828,0
14,33,0.059131906991494204,0.008236011380311273,552.7650020887132,0
14,34,0.06125002457118787,0.00825639828449978,546.5948093407623,0
14,35,0.06336981399984312,0.00825880644185184,542.7233938971893,0
14,36,0.06548625617936653,0.00826071453436547,541.0976780181545,0
14,37,0.0675989914082585,0.0082695195324548,541.7115042091813,0
14,38,0.0697104766302164,0.008287436506012508,544.5364789906619,0
14,39,0.07182297367591949,0.00832045993247737,549.5996917677896,0
14,40,0.0739321816793976,0.0083850628025362,556.9256357286714,0
14,41,0.07602954836330478,0.008494578583739885,566.5412455831766,0
14,42,0.07810084918073827,0.008650793344555563,578.6351507265884,0
14,43,0.08012423963236784,0.008843353383869507,591.9528206746752,0
14,44,0.08206868062093704,0.009060768076944488,603.5110280554527,0
14,45,0.08389388704634913,0.009304053021464961,612.5258236965917,0
14,46,0.08555373336162764,0.009587935394145281,619.4627518972325,0
14,47,0.0870070529743829,0.009930490147527001,624.4412336912158,0
14,48,0.08823754142809372,0.010342791138391592,627.1959017073349,0
14,49,0.08927259765448299,0.010819766324835563,627.7308671888384,0
14,50,0.09018619366394479,0.011340231766926051,626.3355371033302,0
14,51,0.09108415420042555,0.011877845798037107,624.3790127273488,0
14,52,0.09207962717131478,0.01240881173944539,623.045362898021,0
14,53,0.09326050119393905,0.01291265100966923,622.2983347203716,0
14,54,0.09465707515276771,0.013371586006736727,622.1369286024308,0
14,55,0.09623071249776742,0.013766601417381938,622.8012509019352,0
14,56,0.09789511246217547,0.014073726263631825,624.854093598452,0
14,57,0.09956106143013284,0.014270184563028775,629.7870193180404,0
14,58,0.10118241194529004,0.014354605211866009,636.5027131260553,0
14,59,0.10277557760789036,0.014365707714329701,643.4714096491185,0
14,60,0.10439592044354627,0.014372716522268241,647.9483531200896,0
14,61,0.10609319544010068,0.014438910939921347,648.6558471531018,0
14,62,0.10789024214956039,0.014590019752990617,641.2932825919955,0
14,63,0.10978982698440751,0.014805222953660406,625.9780987663606,0
14,64,0.1117824779713222,0.015031685945634738,610.2476973974051,0
14,65,0.11384744467493751,0.015215108675798356,596.5800186920326,0
14,66,0.11595476919954001,0.015327237394609589,585.3924769763632,0
14,67,0.11807016326603482,0.015372327155240449,576.9433697416586,0
14,68,0.12015778686853588,0.015372798221095637,571.2312068989422,0
14,69,0.12217937926203247,0.015351167129436903,568.1230102661864,0
14,70,0.12409414113376578,0.01532443643273672,567.2942144865452,0
14,71,0.12586166598213266,0.015310123589238571,567.9096931821082,0
14,72,0.12744606939800965,0.015331140292689907,568.7053881499795,0
14,73,0.12882260772674353,0.01541113380899598,568.7812917268334,0
14,74,0.1299875881078375,0.015563867699308087,567.7713108545031,0
14,75,0.13096553101173194,0.01578701686760996,565.3966899415304,0
14,76,0.13180726516959307,0.01606661004086564,561.3595389332851,0
14,77,0.13258158076810847,0.01638609635825321,554.9118064179555,0
14,78,0.1333679353165578,0.01673201992059824,546.3406979703979,0
14,79,0.13425058014123087,0.017094961650539867,538.4173479224024,0
14,80,0.13530682306697836,0.017468618719444946,530.4019716896631,0
14,81,0.13658925348101522,0.017849225785915586,521.7771856135224,0
14,82,0.1381116089246074,0.01823545634094794,512.1938965077613,0
14,83,0.139845945344656,0.018628412815726983,501.8020910161912,0
14,84,0.14173140628203176,0.019031699726187644,490.2290110092207,0
14,85,0.1436906503534816,0.01945151536190123,478.19464834957483,0
14,86,0.14564828308592928,0.019896145326799602,468.78691530873266,0
14,87,0.14754513456219792,0.020374032084697947,462.6231581276246,0
14,88,0.14934412614257586,0.020890563197125202,458.0551087105939,0
14,89,0.15102806012583045,0.02144564789121179,454.31796570916856,0
14,90,0.15259396517163828,0.022034936448034958,450.93149628619886,0
14,91,0.15404877538669787,0.022655139633128818,447.9700216153215,0
14,92,0.15540771676987097,0.023309699078511333,445.551064801333,0
14,93,0.15669421849429624,0.024009054971051283,443.4686644710155,0
14,94,0.15794015035530864,0.024762686042281205,441.5001082147419,0
14,95,0.15918555966116796,0.0255667802169647,439.2882083155097,0
14,96,0.16047673699011558,0.026395871520571053,435.95387749602,0
14,97,0.16186146267212914,0.027204182120175318,430.2218377324132,0
14,98,0.16338104211980342,0.027936359418910005,424.0785236171101,0
14,99,0.16506020492049223,0.028543477078569357,419.071551752662,0
14,100,0.1668980505783634,0.028998578327466048,414.66575592057944,0
14,101,0.16886423625093322,0.02930557453420895,410.24698980150083,0
14,102,0.17090278152933525,0.02949751828127399,405.90275348894795,0
14,103,0.17294244075898835,0.02962520685565699,401.7354591894621,0
14,104,0.17491006546588359,0.029741487350933793,397.83514406166046,0
14,105,0.17674281542204828,0.029887710804638926,394.27772603866254,0
14,106,0.17839631747623738,0.030086558215531026,391.0891058144997,0
14,107,0.17984805927629965,0.030341963905590016,387.83448976460585,0
14,108,0.18109695419572439,0.030644191254473405,385.0137348947706,0
14,109,0.18216007135369588,0.030977061242262516,382.4388491640533,0
14,110,0.18306679521721042,0.03132449517424699,380.3252357655087,0
14,111,0.18385108222712218,0.03167442485395744,378.3508912912859,0
14,112,0.18454414144304215,0.03201961970014047,376.7025149903985,0
14,113,0.18517028964885413,0.032356526043693226,375.4597657267255,0
14,114,0.1857465992640316,0.03268370477086819,374.7616320478264,0
14,115,0.18628464633034927,0.033000766277590986,374.24624503674556,0
14,116,0.18679245696847924,0.033307892339144766,373.85483611204586,0
14,117,0.18727585493453447,0.033605727121797005,373.54135287619994,0
14,118,0.1877392222828796,0.033895465076577154,373.2907934822437,0
14,119,0.18818582922778707,0.034179119229166395,373.10501580813616,0
14,120,0.18861765749145462,0.034460220403097395,372.9358126010181,0
14,121,0.18903390379732796,0.03474616772783498,372.79356364399695,0
14,122,0.18941457490721902,0.03506761619010504,373.2298294951169,0
15,0,0.003935976031502071,0.007380486877396005,733.9033381834068,0
15,1,0.005565768284238287,0.0051808295286382994,732.5906519512017,0
15,2,0.007246141485733476,0.004171709895802111,728.42662651161,0
15,3,0.008874780841311712,0.0038178987425399697,722.9868258576848,0
15,4,0.010406446532250592,0.0038097506967840217,716.2652092890567,0
15,5,0.0118691080011483,0.003924187342237769,707.0716267752105,0
15,6,0.013353050190814841,0.004055410637992649,693.9753491343781,0
15,7,0.014981407730380147,0.004191135195675247,679.1424192322739,0
15,8,0.016838841297848895,0.004322570067284466,664.126695926798,0
15,9,0.01889352998468311,0.0043953760990118615,650.1047164327542,0
15,10,0.021042915136890234,0.00439739823152095,638.263369445433,0
15,11,0.023185467640659322,0.004390000773165787,629.2398558388064,0
15,12,0.025290161383761823,0.004418597875886443,623.0158591519053,0
15,13,0.027389687016065964,0.00445326360991217,619.3826838405234,0
15,14,0.02948970514104809,0.004487344184396216,618.3132720872657,0
15,15,0.0315931090614424,0.004526388048916774,619.8016022549373,0
15,16,0.03370500050165709,0.004574982939041189,623.8702353972433,0
15,17,0.03582682617966885,0.004624527808924338,630.6140371071929,0
15,18,0.037923004429425484,0.004624507595007427,639.937036381875,0
15,19,0.03988024304915565,0.004498129447856306,651.1201912694446,0
15,20,0.04159282938605761,0.004308420684745282,662.8948219547494,0
15,21,0.043013212880462566,0.004202465332096166,673.6339304525725,0
15,22,0.0441409350090946,0.004258361461975389,679.8969193893219,0
15,23,0.04502901964672329,0.004474997566227326,678.4324552964215,0
15,24,0.04576067334508264,0.004813750537128151,670.7128510265335,0
15,25,0.04644318330657295,0.005251097374090654,658.1913287701182,0
15,26,0.04721866999013196,0.00577403362165691,644.8297998700853,0
15,27,0.04824240188446453,0.0063559134724657795,629.2932594238599,0
15,28,0.04961282666034388,0.006942847425784731,611.9982408117107,0
15,29,0.051322100151532477,0.007466083520388572,597.1958207195203,0
15,30,0.05327345112467435,0.007868890574697198,582.4690378452124,0
15,31,0.0553450325476548,0.00812940597873284,569.6829197134582,0
15,32,0.05745174732695913,0.008266080124227679,559.289289339536,0
15,33,0.05956281998380657,0.008321690077475232,551.2687167467421,0
15,34,0.06167561366810166,0.008337459585046045,545.589691147329,0
15,35,0.06378855638001517,0.008339793916699836,542.1827256016728,0
15,36,0.06589807095253858,0.00834311848655729,540.990197354036,0
15,37,0.0680046594145869,0.008352985868500582,542.0265955653691,0
15,38,0.0701107742734826,0.008372423451467223,545.2701903498232,0
15,39,0.07221736742128239,0.008410431149068752,550.7416769513865,0
15,40,0.07431906844072751,0.008484863004638996,558.4650278020961,0
15,41,0.07640592647398763,0.00860904638709532,568.4630268862231,0
15,42,0.07846198029754407,0.008783956048890297,581.0003520831151,0
15,43,0.08046345553591924,0.008998979998491622,594.2316072795742,0
15,44,0.08237762378424796,0.009243153783413987,605.2867811706799,0
15,45,0.08416374496236348,0.009517141796070858,613.7322004630039,0
15,46,0.0857783443207466,0.009833335479974866,620.1717981009066,0
15,47,0.08718789619344283,0.010206185807613679,624.5188233263843,0
15,48,0.08838791812054012,0.010642486130880745,626.8295044145,0
15,49,0.08941731369334231,0.011134154409536893,626.8748160887812,0
15,50,0.09035659563233761,0.011660016261676601,625.3778432261904,0
15,51,0.09131099114614608,0.012194950798454101,623.7243039707346,0
15,52,0.09238409713238029,0.012715617671731799,622.6304395219316,0
15,53,0.0936458264730566,0.013201465240596087,622.084510195275,0
15,54,0.09510696140120793,0.01363412746578008,622.1750084159025,0
15,55,0.0967174208448373,0.013994359751716978,623.1775576631322,0
15,56,0.09839293334361907,0.014261002152314527,626.0437428670284,0
15,57,0.1000582419444017,0.014419709894242154,631.6324836165201,0
15,58,0.1016849033549463,0.014481274784789106,638.6760995851147,0
15,59,0.10329944916484719,0.014492236357731671,644.8912291211518,0
15,60,0.10495457527489489,0.01451806968030691,648.3818367025192,0
15,61,0.10669137447465527,0.014608586709002409,646.7869478102176,0
15,62,0.10852621794299255,0.014774251587842256,636.2628333100087,0
15,63,0.11045791666963665,0.014985220607733987,620.377776858297,0
15,64,0.11247371819351905,0.015190320519005582,605.3128939065105,0
15,65,0.11455062492433797,0.01534548658943206,592.4604025538175,0
15,66,0.11665794032405508,0.01543414740803548,582.219445212091,0
15,67,0.11876119471792944,0.015467399468210446,574.7000168741196,0
15,68,0.12082387854268317,0.015468628817279933,569.8731422440738,0
15,69,0.12280696219870628,0.015458788894237099,567.5557777284823,0
15,70,0.12466982101431236,0.015453761520274355,567.2815991212863,0
15,71,0.12637388925153736,0.015470145567099781,568.0674463954014,0
15,72,0.12788799018744812,0.015528123956403342,568.5633061251611,0
15,73,0.12919601413864876,0.015646019113834616,568.0910176801449,0
15,74,0.13030557028977918,0.015831551115839546,566.369531188028,0
15,75,0.13125173837623536,0.01607881014307274,563.1676547782354,0
15,76,0.13209283328083915,0.016373757701700405,557.9391351794607,0
15,77,0.13290251176498422,0.01670173279329499,550.5627192469053,0
15,78,0.1337624669756518,0.017051368138732995,542.301561722904,0
15,79,0.13475292772885025,0.01741514289222344,534.3131038769849,0
15,80,0.13593769034912562,0.017788881670027862,526.0062156106258,0
15,81,0.13734878248136392,0.018171310953547876,516.8696249968057,0
15,82,0.1389789594889357,0.018563614070925015,506.8884934855423,0
15,83,0.1407851070664098,0.018968957383375055,496.13161748582985,0
15,84,0.1427004029665147,0.0193921737427813,484.69008244458826,0
15,85,0.14465079774717457,0.019839473414931384,472.8390822869866,0
15,86,0.1465706123797915,0.020317577257301066,465.2312366487289,0
15,87,0.14841254847764251,0.020831824191616187,460.01868275698143,0
15,88,0.15014999945850027,0.021383968464927967,455.9444067969087,0
15,89,0.15177354362351417,0.021971681104328348,452.3939344377012,0
15,90,0.15328599454122172,0.022591292806679125,449.2115473428168,0
15,91,0.15469927460063154,0.023242448098131585,446.52850062533525,0
15,92,0.1560334417066831,0.023930460848649453,444.2843482064868,0
15,93,0.15731661305661385,0.02466257491193207,442.2013609123306,0
15,94,0.15858465308939776,0.025438780238571948,440.0168790769078,0
15,95,0.15987975232074803,0.02624283811019335,437.25190577984523,0
15,96,0.16124699335184353,0.027039747159466006,432.31283989437395,0
15,97,0.16272826626309986,0.027781827627503888,426.41276610590603,0
15,98,0.1643537877780361,0.028421275473811413,420.8917438133602,0
15,99,0.1661331008886113,0.028924698878268013,416.4527333785643,0
15,100,0.16804899393061773,0.02928417999678869,412.04037508076374,0
15,101,0.1700575013595716,0.029520187477899654,407.6681906741817,0
15,102,0.1720946973408071,0.029675006575254965,403.44265066044,0
15,103,0.17408821253956422,0.029799663208297064,399.4515610138841,0
15,104,0.1759699220544743,0.02993985574792215,395.77384006191255,0
15,105,0.17768640814552134,0.030125969850092468,392.4220731944312,0
15,106,0.17920520648621735,0.030369654813530815,388.92140292096286,0
15,107,0.18051655606021713,0.030666484513663675,386.0477760825814,0
15,108,0.18163129586393933,0.03100232572372477,383.4025517018444,0
15,109,0.18257553731691228,0.03136047308587168,381.1472964850907,0
15,110,0.18338295600456408,0.03172700976731033,379.1796147788194,0
15,111,0.18408675479529552,0.032093052066643694,377.3408734027487,0
15,112,0.18471412230619583,0.03245428825473319,375.775981970471,0
15,113,0.18528456884785832,0.03280942010717474,374.67186287296886,0
15,114,0.1858110580653367,0.033158888114845735,374.05496028607394,0
15,115,0.18630190522918919,0.033504323601592896,373.581990396479,0
15,116,0.18676217722031446,0.03384861968489887,373.1937514699774,0
15,117,0.18719427585648205,0.034196521528509355,372.8555359653098,0
15,118,0.18759766859418142,0.0345559360487782,372.54382655573374,0
15,119,0.18796746282626228,0.03494071232679173,372.23485167899673,0
15,120,0.18829099885799114,0.03537669341330859,371.87158869070663,0
15,121,0.18854138008095053,0.03591462053712323,371.3905332622173,0
15,122,0.18867120357582445,0.03665466741325294,371.3527109790999,0
16,0,0.003917803581790435,0.00796525984953059,730.4518082417794,0
16,1,0.005800854750781571,0.005295645043964036,731.8571176390938,0
16,2,0.007480182297349688,0.00428815869851678,727.2002429539285,0
16,3,0.009084094187284272,0.003969683188133,721.4845234490664,0
16,4,0.010585222919772045,0.003969353438436977,714.6517608739882,0
16,5,0.012024009998256525,0.004062566184005653,705.5143246724258,0
16,6,0.013500413275649966,0.0041637699719981654,692.4936610214884,0
16,7,0.015139042404519989,0.004276441720224715,677.7234430247483,0
16,8,0.017011575112438837,0.004393330837910085,662.8026457481551,0
16,9,0.019072996775421697,0.004459836417653431,648.9656224170935,0
16,10,0.02121761781916523,0.00446380966695457,637.3840566803962,0
16,11,0.02335121417173266,0.0044614701155737835,628.6146639507933,0
16,12,0.025449349477898814,0.004491673413989953,622.6041295316893,0
16,13,0.0275428173128836,0.004526982091129217,619.1766757178425,0
16,14,0.029637044696792982,0.0045619084445190534,618.2868178192759,0
16,15,0.031734880437547804,0.004602045553770064,619.9417872813939,0
16,16,0.0338410392388402,0.004650785814641775,624.1795698341932,0
16,17,0.03595532967844889,0.0046969265113979445,631.06781932329,0
16,18,0.03804015200762471,0.004690677537622392,640.4910961286841,0
16,19,0.0399842536136336,0.004567099414522956,651.7255944519101,0
16,20,0.041681465996711776,0.004395697572411593,663.4465277893953,0
16,21,0.04308367064290025,0.004316979556322873,673.7507427845259,0
16,22,0.0441968904824152,0.004398854260744804,679.1386125981209,0
16,23,0.045081476594392884,0.004634678750546846,677.0664100505581,0
16,24,0.04582659737521337,0.004989139141225466,668.4016569425426,0
16,25,0.04654771924294345,0.005441840756858499,655.6282316539106,0
16,26,0.047391986786183116,0.0059778395564210164,641.4482563868394,0
16,27,0.04850365354878195,0.006563838623340171,625.0356746025933,0
16,28,0.04995676610391203,0.007140554626852286,608.2698462135507,0
16,29,0.05172326224695066,0.007639865840693938,593.8762952815406,0
16,30,0.05370196877279327,0.008011846655127438,579.4666600448031,0
16,31,0.05578023552131421,0.00824385786900647,567.306340947131,0
16,32,0.057884987748883406,0.00836070826916274,557.3966792804814,0
16,33,0.05999170639075955,0.00840598317879261,549.8799703622389,0
16,34,0.062098695389585415,0.008418305768667056,544.6740626707793,0
16,35,0.06420472482883009,0.00842104936771363,541.7229449043804,0
16,36,0.06630749174358291,0.008425738105003792,540.9770344153609,0
16,37,0.06840815078057672,0.008436625620025968,542.4197509614551,0
16,38,0.07050888913076278,0.008458090985004612,546.0732556873304,0
16,39,0.07260934977103314,0.008502067712085691,551.9544928136711,0
16,40,0.07470301030977346,0.008587695618722607,560.062543124119,0
16,41,0.07677847386854289,0.008728145222998737,570.4567370543867,0
16,42,0.07881806157205169,0.008923475634531112,583.3709896660043,0
16,43,0.08079622665125845,0.009162610882033271,596.4118114550058,0
16,44,0.08267897872211308,0.009434640031175548,606.9228843668885,0
16,45,0.08442596536191735,0.009739396270982244,614.8962385562098,0
16,46,0.08599750412262736,0.010086799429041438,620.7033641283674,0
16,47,0.08736846526550264,0.010487835787115119,624.5698378068878,0
16,48,0.08854573821845627,0.010945584057396556,626.3187075808501,0
16,49,0.08957817206158222,0.011449671173709427,625.9810506327051,0
16,50,0.09055089804618129,0.011978924408609684,624.592753694293,0
16,51,0.09156628399939111,0.012508889347514427,623.2095798612811,0
16,52,0.09271634833130488,0.013016423462565511,622.3055280738822,0
16,53,0.09405308726989758,0.013481013104530837,621.960352756922,0
16,54,0.09557050889995522,0.013884344920094997,622.3243902314732,0
16,55,0.09721091034529397,0.01420826318599902,623.7519706794369,0
16,56,0.09889493058511704,0.014435977457568819,627.5081490766164,0
16,57,0.10056176617867861,0.014562132330190826,633.6310757921392,0
16,58,0.10219834329587198,0.014607954517807584,640.7248674022333,0
16,59,0.10383776652749735,0.014624211752471653,646.0462808757236,0
16,60,0.10552840642257612,0.014669718138313753,648.2268069528848,0
16,61,0.10730335807065375,0.014780584979726662,643.8657337047465,0
16,62,0.10917331826976959,0.014954419489225901,630.8269787443288,0
16,63,0.11113347511523336,0.015155898352615159,614.9907951223618,0
16,64,0.11316825469578012,0.015338044444749113,600.635303017537,0
16,65,0.11525291304025273,0.015467287656987044,588.6756011938469,0
16,66,0.11735613868962881,0.015537245402540418,579.357664097886,0
16,67,0.11944310117186288,0.015564130868113915,572.7617200571681,0
16,68,0.1214766083411199,0.01557136965705524,568.7929169080494,0
16,69,0.12341722046555158,0.01557799937405601,567.1917746373113,0
16,70,0.12522518397696006,0.01559827594648294,567.3638814830624,0
16,71,0.12686493564099782,0.01564705081210072,568.166389665402,0
16,72,0.12831143995085745,0.01574115237578371,568.2469028116088,0
16,73,0.12955808859937812,0.015893807934626362,567.1204490563637,0
16,74,0.13062342755197506,0.016107885534539047,564.5811076165144,0
16,75,0.13155195599040337,0.016375234958724144,560.3448315918615,0
16,76,0.13240855131308746,0.016682398401196518,554.3601481244162,0
16,77,0.13327059107081363,0.017016624165167513,546.3390796051862,0
16,78,0.13421888299450505,0.01736869403066394,538.186774089669,0
16,79,0.13532483181478014,0.017733391796169864,530.0831899064318,0
16,80,0.13663531242524202,0.01810911521781676,521.3550313229125,0
16,81,0.1381620128709979,0.018497159365232538,511.7724139649274,0
16,82,0.13988013432677004,0.018900790339161127,501.46028009506705,0
16,83,0.1417362638559836,0.019324406817594644,490.6120523582631,0
16,84,0.14366212208740314,0.01977301876123487,479.193767721879,0
16,85,0.1455898125474157,0.020251805421069146,468.26622386754656,0
16,86,0.14746417220793556,0.02076521351802028,462.23321824526386,0
16,87,0.1492490464768773,0.021315507786608907,457.7017400867876,0
16,88,0.15092709189031184,0.02190176545622861,453.9307387237465,0
16,89,0.15249578620255472,0.022520825458446993,450.5558174420663,0
16,90,0.15396334071677234,0.023170380236983444,447.63381793486553,0
16,91,0.15534649185307536,0.023851837324025595,445.1673798687116,0
16,92,0.15666982080555464,0.024569418940125782,442.96956346886753,0
16,93,0.15796535193447592,0.025324199503811384,440.8091645570199,0
16,94,0.15927143125165252,0.026106090067536173,438.2626143635412,0
16,95,0.1606301644705443,0.026889145024202612,434.330787504981,0
16,96,0.16208280271712533,0.027633776403423304,428.7118130995387,0
16,97,0.16366286928131535,0.028295695012076856,422.8083319683079,0
16,98,0.16538791190421312,0.0288385215701795,418.24435095869336,0
16,99,0.16725232110867141,0.029245517036040718,413.83784056348486,0
16,100,0.16922438780719296,0.029525739528157586,409.4524069491496,0
16,101,0.17124954154195546,0.029711865026773407,405.17454149406444,0
16,102,0.17325923907016966,0.029850505103401398,401.0941978767443,0
16,103,0.1751829330712805,0.02998903989999098,397.30010171174484,0
16,104,0.1769598100631286,0.030163995340043517,393.694688221937,0
16,105,0.17854754193190397,0.030394634900698634,389.9580929201562,0
16,106,0.17992663105778253,0.03068281933350078,387.0088250505243,0
16,107,0.18110019283550174,0.031017788677525627,384.3166788641722,0
16,108,0.18208966295185375,0.031383207063032714,381.98432777717727,0
16,109,0.1829273746623225,0.0317636111834363,379.88141158838425,0
16,110,0.18364796888119733,0.032148164183874395,378.0817980555415,0
16,111,0.18428152767013634,0.032531260309486915,376.36851833664923,0
16,112,0.18485046288677956,0.03291123296330518,374.8712195906136,0
16,113,0.18536979508190574,0.03328886996631612,373.86183215449984,0
16,114,0.18584888984484874,0.033666640477211525,373.3227883006574,0
16,115,0.18629300871168902,0.03404871584197489,372.8672891245526,0
16,116,0.1867040313309191,0.034441672805477705,372.46062631621714,0
16,117,0.18708028167546412,0.03485598216092008,372.068393293457,0
16,118,0.1874155056311369,0.035308669357391645,371.64718670410684,0
16,119,0.18769729554803968,0.035827581705075856,371.1577355831191,0
16,120,0.1879063921839856,0.03645705265277536,370.5255458508465,0
16,121,0.1880211315606313,0.037263467288342164,369.6483724819357,0
16,122,0.1880416562943495,0.038341862515314684,369.2654422442851,0
17,0,0.0039929998705829795,0.008449762335047047,727.7869750550866,0
17,1,0.006045738990735181,0.005377476977676404,731.0940516065023,0
17,2,0.007712602690881811,0.004395031334362095,726.0161668694295,0
17,3,0.009289205791463076,0.004118509379389284,719.9436586143896,0
17,4,0.010758919381896282,0.00412470959400482,713.0289809599494,0
17,5,0.012174889047229433,0.004195066265498886,703.9141868825541,0
17,6,0.013646071185195155,0.004266885429313961,691.0794206396,0
17,7,0.015296707130680872,0.004358410974860719,676.3384872313076,0
17,8,0.017184537814177225,0.0044628402029898,661.4998023034265,0
17,9,0.019251895454852765,0.004524517004175835,647.8509079028543,0
17,10,0.021391271451621213,0.0045308418037231495,636.528521137273,0
17,11,0.023516007368056945,0.004533206437778982,628.0082204162015,0
17,12,0.025607611146305116,0.004564879036532407,622.2174225817049,0
17,13,0.027695075743686366,0.004600811460390395,618.9766908142244,0
17,14,0.029783560727329954,0.00463657453940758,618.2656739343538,0
17,15,0.031875832262901416,0.004677726669155127,620.1065330887084,0
17,16,0.03397616523943642,0.004726379829602836,624.4941544990393,0
17,17,0.0360828249710617,0.004769009445622442,631.4899353589566,0
17,18,0.03815655110833899,0.004757222136987565,641.0158518141313,0
17,19,0.040087919137430005,0.004637461967627088,652.3278220518257,0
17,20,0.041770307432573796,0.00448475043355235,663.9976636103595,0
17,21,0.04315572642785155,0.004432605110104375,673.8751555802852,0
17,22,0.04425680823531738,0.004539361295617707,678.3801619758711,0
17,23,0.0451409256547486,0.004794182372173012,675.325525314099,0
17,24,0.04590379520981769,0.005165080694498939,665.8169311190743,0
17,25,0.04666909973273207,0.005633867586924597,652.78360700866,0
17,26,0.04758599869724499,0.006182337472054967,637.7997008090464,0
17,27,0.04878429004689656,0.006770301338845838,620.7476956490016,0
17,28,0.05031421159378529,0.007334142264977484,604.7627444903108,0
17,29,0.052131070741048044,0.007807761508666571,590.54110514151,0
17,30,0.054132266513095544,0.008148849465087125,576.6706128356875,0
17,31,0.0562148696673124,0.008353729768843049,565.0225859104908,0
17,32,0.05831666897991825,0.008452612324332514,555.6154878412016,0
17,33,0.06041841315235745,0.008489151623248446,548.5967894970573,0
17,34,0.06251923234067669,0.008499084097948978,543.8543459864125,0
17,35,0.06461835057178998,0.00850260387905442,541.3484046986814,0
17,36,0.06671456845685181,0.008508571914700972,541.0327088164781,0
17,37,0.06880948357516803,0.008520504744756385,542.8978055294787,0
17,38,0.07090480080706017,0.008544593623980117,546.9624921241464,0
17,39,0.07299884012429252,0.008595638896734809,553.2313375802592,0
17,40,0.07508385768239796,0.008693941901326501,561.7232280329448,0
17,41,0.07714698506214325,0.008852336967577795,572.7719596590217,0
17,42,0.07916888157672959,0.009069812821122118,585.6498182743085,0
17,43,0.08112244839563476,0.009334572827837498,598.5428659419135,0
17,44,0.08297294178772367,0.009635315571984708,608.4669561801301,0
17,45,0.08468127152273014,0.009970669521286987,615.902375789355,0
17,46,0.08621256202090591,0.010348038892141592,621.2581549648345,0
17,47,0.08755055142482994,0.010775172635078557,624.6085239934359,0
17,48,0.08871283314067073,0.011251954858094783,625.800311788918,0
17,49,0.08975662221693594,0.01176618984460792,625.2735737773562,0
17,50,0.0907696851881257,0.012296554949778674,623.9327454171579,0
17,51,0.09184931385335796,0.012818863884872111,622.7677546980099,0
17,52,0.09307448553150144,0.013310141663621888,622.0481042337526,0
17,53,0.09448003778560947,0.013750272340636461,621.9116479317136,0
17,54,0.09604610747056978,0.01412180633233429,622.5362132830974,0
17,55,0.09771080990313703,0.014408916412745746,624.5749819980341,0
17,56,0.09940193402707136,0.01460032044481904,629.1516124635623,0
17,57,0.10107297474887472,0.014699564121492365,635.7036851474777,0
17,58,0.10272364100451621,0.014736117756638259,642.4925294341583,0
17,59,0.10439056168990768,0.014761622946790332,646.9274658317837,0
17,60,0.10611675860174234,0.014826195694924377,647.3504109086082,0
17,61,0.10792804681316787,0.014952855104990958,639.9404832844215,0
17,62,0.1098301358206559,0.015129015337428796,625.3019176768374,0
17,63,0.11181497278973497,0.015316989034851913,609.8161558425877,0
17,64,0.11386461240970575,0.015475824958600773,596.2660620624298,0
17,65,0.11595292965964885,0.015582263517886248,585.2142899153836,0
17,66,0.11804803165648707,0.015638609340749583,576.8386076295983,0
17,67,0.1201146079934749,0.015664654512443723,571.2171437994313,0
17,68,0.12211489952923331,0.01568299092062661,567.9255811406622,0
17,69,0.12400955021036572,0.01571027938053263,566.7391703846426,0
17,70,0.12576053427328032,0.015758608924598915,567.1517051374492,0
17,71,0.12733650604348304,0.015840455024613065,568.1548632139445,0
17,72,0.12871977328789397,0.015969029670018505,567.6954959139701,0
17,73,0.1299136790410754,0.0161529859134563,565.8155169872133,0
17,74,0.13094711132242087,0.01639150545842471,562.3945561905742,0
17,75,0.13187294837663657,0.01667524518930972,557.472435165037,0
17,76,0.13276153184080977,0.016991767441162584,550.3029292447734,0
17,77,0.13369181499935395,0.017330372302342346,542.2000995456641,0
17,78,0.13473973688605642,0.01768430366080739,534.0976195803294,0
17,79,0.13596377591590506,0.018051091803029464,525.6483769798867,0
17,80,0.1373923519461448,0.01843189635298484,516.4794239391396,0
17,81,0.13901862515481436,0.018830280944823162,506.5230158558518,0
17,82,0.1408042679731284,0.019250859854939937,496.3591465004923,0
17,83,0.1426901249507296,0.01969830015420189,485.52827117264025,0
17,84,0.1446101098643705,0.020176818943835672,474.43415798192484,0
17,85,0.14650439622225905,0.020689814879845038,464.7254673599451,0
17,86,0.14832849985423813,0.02123919774261688,459.6305989395091,0
17,87,0.15005650343286056,0.021824600977887677,455.554207803055,0
17,88,0.15167925485596004,0.022443443942476476,451.9954820221177,0
17,89,0.15320042910229137,0.023092610272916522,448.83963118615816,0
17,90,0.15463327630143944,0.023770870645760576,446.14802390251975,0
17,91,0.15599900631164318,0.024479496917174024,443.8060358420611,0
17,92,0.15732606517188807,0.025218985977594914,441.57657612767395,0
17,93,0.15864917425569974,0.025982796761663284,439.13047954757064,0
17,94,0.1600073517024441,0.02675196294300754,435.8657442753947,0
17,95,0.16144038845403053,0.02749451592212906,430.8269649291818,0
17,96,0.16298341007493994,0.028171057737247287,425.05529578954093,0
17,97,0.1646597388574249,0.028744922328249288,420.0693611950389,0
17,98,0.16647352183655117,0.029193446109152227,415.64179030454,0
17,99,0.168404800902589,0.029516065005110035,411.2354407124819,0
17,100,0.17040957438556265,0.029735751832896336,406.9147498247675,0
17,101,0.17242566004158372,0.029892933496466163,402.7637206161759,0
17,102,0.1743829942947467,0.030034241027207538,398.86418522500907,0
17,103,0.17621558760053152,0.030200433262559428,395.00068324461586,0
17,104,0.1778721087807757,0.030417704051354022,391.15878634810963,0
17,105,0.17932281691992702,0.030694713335824644,387.92138774546146,0
17,106,0.18056174617130283,0.031025237609559723,385.2065870181796,0
17,107,0.18160407653138694,0.03139444040590098,382.8449454003334,0
17,108,0.18247945387689574,0.031785905298752345,380.61043601188067,0
17,109,0.18322312268882066,0.03218678671262909,378.70365003706513,0
17,110,0.18386784221767538,0.03258974357589532,376.9680811255106,0
17,111,0.18443921464179394,0.03299225023145922,375.44349522795704,0
17,112,0.1849548599732389,0.03339503034072871,373.9786245268235,0
17,113,0.1854258062310585,0.033800980179130115,373.05412991823533,0
17,114,0.18585819160426603,0.03421497014963198,372.55973363730413,0
17,115,0.18625430509598667,0.03464440792252651,372.0992547549916,0
17,116,0.18661285826982785,0.03510044786064107,371.6421024276965,0
17,117,0.18692885045784496,0.035599764584734024,371.14513593424493,0
17,118,0.18719388185201954,0.03616648460660823,370.57595103178556,0
17,119,0.1873986365219474,0.03683310708369121,369.87894906877483,0
17,120,0.18754054558794997,0.03763854718883525,368.99972994245906,0
17,121,0.18764292517207348,0.03862173857048191,367.8836267446484,0
17,122,0.18781663271696228,0.03981853485851035,367.0543203399008,0
18,0,0.0042285159173786335,0.008825749495914876,726.4542373297843,0
18,1,0.006297269449977765,0.005426931860828942,730.2417549759235,0
18,2,0.007942296878007505,0.004495378200999769,724.771103406794,0
18,3,0.009489792695603952,0.004265864596067363,718.3181951975656,0
18,4,0.010927440097731726,0.0042762021401330326,711.3733208632372,0
18,5,0.012321927881979052,0.004321871508932676,702.4257317025262,0
18,6,0.013790287596201439,0.004365028932870969,689.6832102767438,0
18,7,0.015454576285202777,0.004437360499898842,674.9667708294919,0
18,8,0.017357760819193446,0.004531340476098891,660.212169475872,0
18,9,0.01943020977342869,0.004589506402833086,646.7593523830625,0
18,10,0.021563874859180536,0.004598475101011192,635.702671309748,0
18,11,0.02367984170355473,0.00460519486931175,627.4222717757453,0
18,12,0.025764951792551685,0.004638208835904074,621.8326501317224,0
18,13,0.027846470425051575,0.004674747887258882,618.7921986052744,0
18,14,0.02992925761964673,0.004711334586314579,618.2752426881701,0
18,15,0.03201596234404051,0.004753416927841877,620.2619128665849,0
18,16,0.03411038075051053,0.00480176427510132,624.7852575884002,0
18,17,0.03620934490024998,0.00484082519100914,631.9124272589651,0
18,18,0.03827225274035084,0.004824198736455593,641.5470442258987,0
18,19,0.040191320459975276,0.0047092344317756375,652.9245339720269,0
18,20,0.04185951401312588,0.004575553651767563,664.5193357023376,0
18,21,0.04322960407508948,0.004549375424786537,674.0086407504048,0
18,22,0.04432092256993255,0.004680145006779285,677.625186027341,0
18,23,0.045207763760683924,0.0049539865780156,673.5242247725138,0
18,24,0.04599300525621074,0.0053421294787912976,663.560285527647,0
18,25,0.046807989908857275,0.00582751553002792,649.7026111623184,0
18,26,0.04780048357735115,0.006387482020385195,633.9343684510415,0
18,27,0.04908314102054429,0.006975003679251668,616.5960956666976,0
18,28,0.05068374097132951,0.007523313095840819,601.432949003057,0
18,29,0.05254446199758551,0.007969673241222554,587.3022577783165,0
18,30,0.05456375149186589,0.008280040252721435,574.0226842886564,0
18,31,0.05664861019979458,0.008459301016761301,562.8335184427403,0
18,32,0.05874657340512704,0.008542097260987274,553.9467995074904,0
18,33,0.06084281805988547,0.008571446440760477,547.4068328418919,0
18,34,0.06293720625369321,0.008579924455687681,543.1371598869533,0
18,35,0.06502947171874697,0.00858447955073822,541.0617261496757,0
18,36,0.0671193476624401,0.008591622644135037,541.1703153464443,0
18,37,0.0692086704833023,0.008604698773875107,543.4447841049214,0
18,38,0.07129847846375606,0.00863210719091859,547.9186702861349,0
18,39,0.07338574514771928,0.008691442323223646,554.5882462751831,0
18,40,0.0754614515495399,0.008804008538381796,563.6433930182257,0
18,41,0.07751125735160219,0.00898209133038637,575.2004142180215,0
18,42,0.07951425718552119,0.009223408504562101,587.9104687953105,0
18,43,0.08144208519859569,0.0095151548839026,600.6040847700817,0
18,44,0.08325982181214601,0.009845239432432502,609.9154200890572,0
18,45,0.08493051428100047,0.010210813577119275,616.8225769457463,0
18,46,0.08642495771232099,0.010616797309045427,621.6549618000744,0
18,47,0.08773597013253119,0.011067960657844747,624.4434829611102,0
18,48,0.088891003440316,0.011561423990931574,625.3167163232042,0
18,49,0.08995400571441835,0.012083427184276513,624.5572793099792,0
18,50,0.09101334156520273,0.012612298961074261,623.330953798032,0
18,51,0.09215919877312831,0.013123915278245826,622.3719986619519,0
18,52,0.09345665499835515,0.01359566868506263,621.83348963229,0
18,53,0.09492468408846771,0.014008395349685378,621.890922800854,0
18,54,0.09653248243248234,0.014346387116799527,622.9090093084309,0
18,55,0.09821701572221198,0.01459721267793514,625.6480642192279,0
18,56,0.09991484443890172,0.014755788125745949,630.92160122556,0
18,57,0.10159304220740496,0.0148338944562735,637.8111138285354,0
18,58,0.10326142588569462,0.01486678005126816,643.9930007285118,0
18,59,0.10495763866675699,0.014904039914922763,647.3404556070457,0
18,60,0.10671882078818518,0.014985916630197865,645.5542889767896,0
18,61,0.10856423526321891,0.015123573148594074,635.2468245436415,0
18,62,0.1104952265347502,0.01529693487471883,619.8059153303695,0
18,63,0.11250090754822249,0.015468590180170556,604.9039093446206,0
18,64,0.11456136395344965,0.015604853729458102,592.2157829348257,0
18,65,0.11664933659961246,0.015692277033278922,582.751693166544,0
18,66,0.11873234017221895,0.01574036649436606,575.3332778484667,0
18,67,0.12077454812416137,0.015771075666022125,570.0746122486275,0
18,68,0.12273788546214334,0.01580530090610504,567.1025686090138,0
18,69,0.12458371265632943,0.015856809918026977,566.0444581232,0
18,70,0.1262767051966135,0.01593504427128007,566.656720967386,0
18,71,0.12779091410791216,0.01604971903497147,567.9720781008907,0
18,72,0.12911691544156442,0.016210477629954187,566.8511333070877,0
18,73,0.13026810649312892,0.016422089200049967,564.1736950112936,0
18,74,0.13128298841608976,0.016681105091777813,559.9554707507211,0
18,75,0.13222172910208665,0.016977799651812692,553.8812683147378,0
18,76,0.13315848544205158,0.01730115099894965,546.3160600437149,0
18,77,0.1341706858114561,0.017642844443074766,538.0859912702283,0
18,78,0.13532530448552435,0.01799902804028389,529.8255150348502,0
18,79,0.13666509980587924,0.018370270850488136,521.0207474462964,0
18,80,0.13820022497536966,0.018760334051311115,511.40995247729927,0
18,81,0.13990819537471796,0.019174405362957083,501.63577830492136,0
18,82,0.14174134368271962,0.019617520181959478,491.27832162757926,0
18,83,0.14363879659645346,0.020093662597161804,480.67340550181325,0
18,84,0.14553945315767863,0.02060549280281241,470.0348559763979,0
18,85,0.14739268055508126,0.021154227136980477,461.76677794591683,0
18,86,0.1491643851347298,0.0217393538982195,457.29337795976176,0
18,87,0.15083791448760941,0.02235851679661014,453.51679734240133,0
18,88,0.1524113713933397,0.023008275381885702,450.1606114078834,0
18,89,0.15389402066881985,0.023685757713132454,447.23837316593296,0
18,90,0.1553037140641491,0.024389778535171186,444.7217966969064,0
18,91,0.1566655379286389,0.02511943897032982,442.4074262592607,0
18,92,0.1580107927837246,0.025869784288594103,440.03008709633707,0
18,93,0.15937539541026005,0.02662676176721447,437.1013171020097,0
18,94,0.16079714574014992,0.02736496798097865,432.8074804748229,0
18,95,0.1623114758386575,0.028050411723955546,427.4432322110655,0
18,96,0.1639455337819766,0.028648067312702034,421.95726838436946,0
18,97,0.1657112631726245,0.02913189787480799,417.44062122863653,0
18,98,0.16759939885670702,0.029493765705639996,413.03357582745537,0
18,99,0.1695769706154721,0.029747572976808176,408.67800280757893,0
18,100,0.17159008971427625,0.029926585211030702,404.4587030377241,0
18,101,0.17357190181142235,0.030074702140392314,400.46352148233683,0
18,102,0.17545378399437744,0.030234943954453076,396.33123377598884,0
18,103,0.1771769205441008,0.03043932642488948,392.39751170601255,0
18,104,0.17870147109536652,0.03070335005616447,388.86908379043706,0
18,105,0.18001137884319535,0.031026221655661285,386.1487969988142,0
18,106,0.1811139704611868,0.03139574415919451,383.65091928717703,0
18,107,0.18203461442881544,0.03179535598326512,381.3716171420988,0
18,108,0.18280801895452273,0.03221039663835296,379.3275542310749,0
18,109,0.1834691398191981,0.03263148621059833,377.5383902478654,0
18,110,0.18404687875617928,0.03305477157465694,375.8526754736268,0
18,111,0.18456189502137219,0.03348050916648785,374.44738085983624,0
18,112,0.18502740830966838,0.03391169314107811,373.0854757588193,0
18,113,0.18545096916762113,0.034353517473971334,372.2492544167182,0
18,114,0.18583588256544822,0.03481364244186541,371.75541882286467,0
18,115,0.1861820284381586,0.03530297338104399,371.23937975081213,0
18,116,0.18648652685814737,0.035836579424725415,370.70119348770464,0
18,117,0.18674514751072402,0.03643413383302465,370.0835277544211,0
18,118,0.1869557204298354,0.03711895638412822,369.35483626891136,0
18,119,0.1871250578327647,0.03791487104416608,368.4878102341638,0
18,120,0.18728167944141688,0.03884114072343537,367.4480041103324,0
18,121,0.1875016847137455,0.03990938740930991,366.0637401573561,0
18,122,0.18800820131092916,0.04115692973543321,364.4872736918368,0
19,0,0.0046155319781271305,0.009082867565938145,726.8588619980837,0
19,1,0.006548134329700289,0.005446406037141006,729.3853888412841,0
19,2,0.00816844902505739,0.004592688969764323,723.4650294875826,0
19,3,0.009685624579965468,0.00441303906205737,716.7624222996269,0
19,4,0.011090719080788377,0.004424045194627655,709.8561112996605,0
19,5,0.012465336069632372,0.004443115674400884,701.1613117933518,0
19,6,0.013933330732463908,0.004458461966528192,688.3005745021292,0
19,7,0.015612811955880044,0.004513596241093981,673.6127535725607,0
19,8,0.017531264217157606,0.004599057645736684,658.9533647591807,0
19,9,0.019607917435491336,0.004654879605029049,645.7039987857902,0
19,10,0.021735423787053874,0.004666687121599801,634.8882545772948,0
19,11,0.02384271282065934,0.004677420157211394,626.8433574759339,0
19,12,0.025921377674608934,0.004711657005750119,621.4801204095796,0
19,13,0.027997009395350766,0.004748787380449394,618.6243776024409,0
19,14,0.030074139339349684,0.00478618049152896,618.265100280455,0
19,15,0.032155268987915264,0.004829103309491727,620.4057931183639,0
19,16,0.034243690144895554,0.004876941546247168,625.0848922924408,0
19,17,0.03633492316649206,0.00491242159611797,632.3509776061323,0
19,18,0.03838731001661658,0.004891661420273553,642.089394942894,0
19,19,0.040294545242886066,0.004782432497167882,653.512142490812,0
19,20,0.0419492560774303,0.004668088691193121,665.0372057638695,0
19,21,0.043305545807301185,0.004667340915425771,673.9958194424172,0
19,22,0.04438953229560944,0.004821474154455701,676.7743261780536,0
19,23,0.04528251946821097,0.005114561434640702,672.2340833170614,0
19,24,0.04609507231167028,0.005520787808658529,661.1700424957592,0
19,25,0.046964988636729425,0.00602302493305261,646.4560759778549,0
19,26,0.04803506956579016,0.006593140324646761,629.9047437266875,0
19,27,0.04939898013826501,0.007177599118864248,612.6529955146061,0
19,28,0.05106397863439437,0.007707758643054769,598.1853502978529,0
19,29,0.0529624404236967,0.008125515454262032,584.158696564608,0
19,30,0.05499587159185403,0.008405578803771779,571.4628236970086,0
19,31,0.05708115557521055,0.008560867779534695,560.7554696104243,0
19,32,0.05917451090501821,0.00862947410911785,552.3771025043148,0
19,33,0.061264827412313504,0.00865310654248336,546.3156608123068,0
19,34,0.06335261513221489,0.008660939201053373,542.5061429438363,0
19,35,0.0654381310081598,0.008666690182782362,540.8679064643444,0
19,36,0.0675218720083696,0.008674897397493237,541.3928350283097,0
19,37,0.06960571777589898,0.00868929532802267,544.0721995086899,0
19,38,0.07168988028734485,0.008720831324328205,548.9419795307059,0
19,39,0.07376995938047093,0.008789804579052493,556.146264571607,0
19,40,0.07583562602584856,0.008918324961553939,565.9485430045786,0
19,41,0.07787109604200734,0.009117881269193209,577.4445899686235,0
19,42,0.07985404153376569,0.009384681820520555,590.1710399963769,0
19,43,0.08175517871178635,0.009704612392788253,602.5273912661105,0
19,44,0.08354004335587853,0.010064449264903009,611.264521327381,0
19,45,0.0851746674399323,0.010459686481817618,617.6587291479666,0
19,46,0.08663621407785006,0.010892845688068977,622.0105342203148,0
19,47,0.08792655561691598,0.011365971701121205,624.2952351151043,0
19,48,0.08908199969512381,0.01187373938838878,624.7296159035633,0
19,49,0.0901715198416679,0.012400928461602052,623.9441514381745,0
19,50,0.09128203916922378,0.012925356780141731,622.8611343637135,0
19,51,0.09249492097312789,0.013422972896103917,622.0115251984286,0
19,52,0.09386106790173099,0.013871947096997954,621.6824382988145,0
19,53,0.09538527420156338,0.014254748584723085,621.9916523666456,0
19,54,0.09702865765749095,0.014558261894520867,623.4383332071218,0
19,55,0.0987296383304894,0.01477427726541612,626.9272112355507,0
19,56,0.10043457897278635,0.014904143641060118,632.8374148116445,0
19,57,0.10212295105913723,0.01496672979218559,639.8140828943028,0
19,58,0.10381206179476178,0.015000520331967403,645.1987028244519,0
19,59,0.10553859499778134,0.015050712688364902,647.1061486003733,0
19,60,0.10733364351843568,0.015147279309501101,642.581758930894,0
19,61,0.10921063643811771,0.015291183044987082,630.0959159835111,0
19,62,0.11116713292998488,0.015457452909101303,614.4833533259598,0
19,63,0.11318981534754126,0.015611118538535881,600.2965188349469,0
19,64,0.11525713293667854,0.015726519477664132,589.4925446611825,0
19,65,0.1173408454650916,0.01579929234077291,581.0509162709455,0
19,66,0.1194078596188325,0.015844673923459167,573.8761960127442,0
19,67,0.12142189868228905,0.01588542978883911,568.9798368359553,0
19,68,0.12334496281954098,0.015939902959195576,566.2757059588259,0
19,69,0.12513988968467604,0.016018462178231614,565.2951194309939,0
19,70,0.12677509203963225,0.01612755518643033,566.1093320076108,0
19,71,0.12823108757265314,0.016274002806829273,567.079111840904,0
19,72,0.12950735513363898,0.016464163355284746,565.6661813832628,0
19,73,0.1306271696956335,0.016699679785501773,562.1195149394526,0
19,74,0.13163778277817811,0.016975393186191543,557.0307544889392,0
19,75,0.13260527326510488,0.017281876790301572,550.2631242109983,0
19,76,0.13360520903210105,0.017610002428630527,542.1998422467609,0
19,77,0.13470981665550308,0.017954333270478226,533.8994593023375,0
19,78,0.13597361579689607,0.018314322596382427,525.4004768003762,0
19,79,0.13742238902629159,0.018693578167265926,516.1615419006718,0
19,80,0.1390495935302838,0.019097931653928087,506.6478709978159,0
19,81,0.14082059620890924,0.019533290430452068,496.9574786285468,0
19,82,0.14268242405951254,0.020004127570568648,486.55472836008096,0
19,83,0.14457585556923291,0.020512935979809015,476.17537750445456,0
19,84,0.14644676028195974,0.021060337739670087,466.22784001993244,0
19,85,0.1482541828345463,0.021645297117028027,459.1797868290433,0
19,86,0.14997383350882568,0.022265240119778904,455.1217547981952,0
19,87,0.15159735446644407,0.022916433412719317,451.56416535767016,0
19,88,0.1531292684468036,0.023594959668382882,448.4275822820505,0
19,89,0.15458382561743658,0.024297752446834704,445.70937629946485,0
19,90,0.15598287401530467,0.02502226824906822,443.2940262349921,0
19,91,0.1573544946820477,0.02576381276982667,440.9186223133943,0
19,92,0.15873156156584917,0.026511426556377067,438.22621449891705,0
19,93,0.16014956399946334,0.0272449272174627,434.5548908086099,0
19,94,0.16164328843284562,0.027935586036997227,429.5425083007485,0
19,95,0.1632420688721379,0.028551220026813175,424.0243490347614,0
19,96,0.1649637114308643,0.029064500189884157,419.26709068299965,0
19,97,0.16680820592581755,0.02946176654439221,414.84387984480327,0
19,98,0.16875342141883523,0.02974894439693569,410.46038100638106,0
19,99,0.17075505991004886,0.029951825820885843,406.18665979573757,0
19,100,0.1727518674296889,0.030110119159040227,402.10001534875045,0
19,101,0.17467524173226257,0.030267277703858127,397.71557170187236,0
19,102,0.17646090227453604,0.03045979731061241,393.6397056675123,0
19,103,0.17805970170925264,0.030709658402485036,389.8911640560881,0
19,104,0.17944497820668892,0.03102207279078254,386.90711653726225,0
19,105,0.18061477016104457,0.03138853148942551,384.28795403689963,0
19,106,0.18158843061400212,0.031793265695582634,382.0544285127041,0
19,107,0.1823986861466335,0.032220219505339966,379.9919284985039,0
19,108,0.18308190489833742,0.03265783724998202,378.1208351760839,0
19,109,0.18367018792217962,0.0331005163899194,376.3620344637763,0
19,110,0.18418756711807224,0.033547630146882175,374.8407092311134,0
19,111,0.18464992666920266,0.03400195913470313,373.3269482007253,0
19,112,0.18506667797536994,0.03446875082357706,371.9497686182448,0
19,113,0.18544253534589783,0.03495559344890976,371.42789700091816,0
19,114,0.18577886036090827,0.03547274625906535,370.88041747891384,0
19,115,0.1860749089295285,0.03603341902467887,370.29860957320574,0
19,116,0.18632971134572213,0.03665342409215044,369.6483744819243,0
19,117,0.1865453559037335,0.03734968057186722,368.90800631296065,0
19,118,0.1867322588766734,0.03813749272579988,368.05547943756414,0
19,119,0.18691698571319698,0.03902750110806533,367.06220189334266,0
19,120,0.1871546046963198,0.04002520521815104,365.84813455402923,0
19,121,0.1875571492238759,0.041142698230520074,364.16817657918233,0
19,122,0.1884631872242384,0.04248938250909993,362.4479680674214,0
20,0,0.005071589841907981,0.0091608994576583,726.7213251126783,0
20,1,0.006791164190781553,0.005441555634281518,728.4147960532997,0
20,2,0.008390943369698412,0.004690709798860497,722.0370158627261,0
20,3,0.00987652250550835,0.004561047167057731,715.2188976582199,0
20,4,0.011248713588004165,0.0045682981697925005,708.5467929147335,0
20,5,0.012605349848018305,0.004558900133814613,699.9294004014154,0
20,6,0.014075470227078514,0.004547440246804464,686.9475426951645,0
20,7,0.0157715631748215,0.004587414157598494,672.2696403469943,0
20,8,0.017705056890167627,0.004666202225362457,657.7094828079827,0
20,9,0.019784990530036635,0.004720698810634487,644.6481424070503,0
20,10,0.021905911652867358,0.004735452789171474,634.0869337507114,0
20,11,0.02400461772253373,0.0047498668801345505,626.2948136072321,0
20,12,0.026076895852775114,0.004785217904233542,621.1228108467874,0
20,13,0.028146700564052787,0.004822925806798034,618.4473616770074,0
20,14,0.030218209490325647,0.004861104072012941,618.2572636943918,0
20,15,0.03229375109070044,0.004904774318730691,620.5659005532185,0
20,16,0.034376099785696716,0.0049519168048018656,625.3943011185606,0
20,17,0.036459594400319865,0.00498384563885321,632.7980160374611,0
20,18,0.038501778482230666,0.004959661203475147,642.6292607701012,0
20,19,0.04039768852303848,0.004857070915219728,654.1007499739112,0
20,20,0.04203971572523525,0.00476234515590892,665.5500654734054,0
20,21,0.04338381779094393,0.004786570213502439,674.1063329413332,0
20,22,0.044463008869016815,0.0049636292276058,676.1976411457157,0
20,23,0.04536585041092264,0.0052763721157064215,670.7154821923283,0
20,24,0.04621090970674796,0.0057015036817018505,658.5135526425322,0
20,25,0.04714058768843422,0.006220543239452156,643.0945036802918,0
20,26,0.048289231765466484,0.006799100653482416,625.3516137903582,0
20,27,0.049730532825242986,0.007377699649265845,608.9551770325406,0
20,28,0.05145359656532122,0.007887165562475871,594.9772992285816,0
20,29,0.05338407673196776,0.008275221007882555,581.1944819448952,0
20,30,0.05542811696192661,0.008525649503495119,568.998276036219,0
20,31,0.05751223119569998,0.008658744934404687,558.7901340060132,0
20,32,0.05960031979107937,0.008715057228231612,550.908533442918,0
20,33,0.06168437337776671,0.00873435641390747,545.3203875111252,0
20,34,0.06376547046645967,0.008742223030922232,541.9627674806193,0
20,35,0.06584437386502033,0.00874924196135203,540.7562983368068,0
20,36,0.06792217960542651,0.008758408427526272,541.6947775583983,0
20,37,0.07000062439559762,0.008774396825131784,544.8515968889498,0
20,38,0.07207895316405881,0.008810991791757044,550.3808101058534,0
20,39,0.07415136619934563,0.008891081267463468,558.2502661037464,0
20,40,0.07620621139609231,0.009037340362796064,568.257374676962,0
20,41,0.07822632015165862,0.009260179057000389,579.8399933059536,0
20,42,0.08018813200946466,0.009554029606502663,592.3636436918874,0
20,43,0.08206185531990325,0.009903172068966239,604.3464218964405,0
20,44,0.08381414912756968,0.010292969271799913,612.5142158656752,0
20,45,0.08541482340367153,0.010717156388228267,618.3929683536608,0
20,46,0.08684793018596106,0.011175973273004318,622.2650561413234,0
20,47,0.08812415119514037,0.011668957627500913,624.1331403730151,0
20,48,0.08928749811623879,0.012188541120734532,624.2205807940333,0
20,49,0.090410188271278,0.012718059591640978,623.3993565461491,0
20,50,0.09157573872510769,0.013234763301508473,622.3909515414134,0
20,51,0.09285535672806457,0.01371490718621708,621.7328404575026,0
20,52,0.0942860192571431,0.014138020782718265,621.5824173360429,0
20,53,0.09586028774710384,0.014488939211721808,622.1956575623049,0
20,54,0.09753392078241935,0.014757884856711999,624.1434055840768,0
20,55,0.09924895189226125,0.014941405500386766,628.4453906809063,0
20,56,0.10096202240894268,0.015047079915964644,634.8866530438437,0
20,57,0.10266347444510496,0.015099356424734534,641.6159967648148,0
20,58,0.10437566359756431,0.015137524100446362,646.0283004610319,0
20,59,0.1061328425847753,0.015200668795508224,646.2689806424627,0
20,60,0.10796015850847304,0.015308747886835875,638.9481535610319,0
20,61,0.10986590617294714,0.015454417862070824,624.6823126359602,0
20,62,0.1118444041744686,0.015610194760245746,609.3574750757144,0
20,63,0.11388027921266793,0.015745272372008956,596.2746438582532,0
20,64,0.11595059868399046,0.01584238670464716,587.739299902913,0
20,65,0.11802622946984752,0.01590536200714014,579.3740759764455,0
20,66,0.12007348520899057,0.015953692238411858,572.4942127908919,0
20,67,0.12205582260237212,0.016009640794096502,567.9396314619635,0
20,68,0.12393584613554796,0.016088163192475864,565.4430762270904,0
20,69,0.12567873502624372,0.016195800951437307,564.488821150355,0
20,70,0.12725768011124486,0.016335841902510712,565.0000957098474,0
20,71,0.12866057154682844,0.016512305124547287,565.6118124225308,0
20,72,0.12989614031541072,0.01672870335096593,564.1072444004021,0
20,73,0.13099711747720091,0.016984310955306465,559.6971747227119,0
20,74,0.13201841369808998,0.017273075169870932,553.7615642674806,0
20,75,0.13303012093742428,0.017586542889548237,546.2448204614593,0
20,76,0.1341061120793829,0.017918090967063493,538.0742642413962,0
20,77,0.13530972906581598,0.0182656972377087,529.6685189364584,0
20,78,0.13668065401994067,0.018632310261281045,520.7728741649586,0
20,79,0.13822791194957437,0.019024202872469403,511.44911673830245,0
20,80,0.13993082276626562,0.01944841696938557,502.2696157650253,0
20,81,0.1417463371851718,0.01991053688743714,492.3671414506991,0
20,82,0.14361983056016941,0.020413571658515928,482.2337219990493,0
20,83,0.14549639472543444,0.020957955376675018,472.3840865735821,0
20,84,0.14733013258416888,0.021542092255146094,463.11019072226674,0
20,85,0.14908975671948607,0.022162877153323875,456.8369418435818,0
20,86,0.15076001323478216,0.02281610688904549,453.07092179817334,0
20,87,0.15233989776530693,0.023497064225236314,449.7166376286714,0
20,88,0.1538395617295007,0.024201258926369276,446.7948374619329,0
20,89,0.1552775526445784,0.024924558434422872,444.23350624681245,0
20,90,0.15667889314365555,0.02566173086748508,441.8061666005292,0
20,91,0.15807353282297118,0.026403445198248908,439.22018265743753,0
20,92,0.15949449617227948,0.027133332114314974,435.9897195757204,0
20,93,0.1609752599398799,0.027827329376006193,431.52058469148733,0
20,94,0.16254601888889902,0.028456676825201636,426.22514041625925,0
20,95,0.16422863405388916,0.028994323505162335,421.1321489714404,0
20,96,0.16603067910510735,0.02942297211029034,416.6591478938422,0
20,97,0.16794011768254405,0.029741906691283283,412.25475036882864,0
20,98,0.16992290466608412,0.029969636371301615,407.9282097169431,0
20,99,0.17192533895199796,0.030140714442999244,403.65049704929294,0
20,100,0.17388143436634823,0.03029745438111063,399.1288303696079,0
20,101,0.17572380594842235,0.030479422773038913,394.95685094157346,0
20,102,0.17739537820072673,0.030714430073282197,391.09315618715345,0
20,103,0.17885894216927462,0.031013958947803674,387.7053777947307,0
20,104,0.18010213703186131,0.03137408072571619,385.2063373892595,0
20,105,0.1811365511657224,0.03178080819573231,382.88429574185193,0
20,106,0.18199122183612904,0.032217294626231706,380.66321817558253,0
20,107,0.18270281029055305,0.03266984909346107,378.6917593530009,0
20,108,0.1833062600873492,0.03313077135207629,376.90999971768304,0
20,109,0.18382917820010175,0.03359812372784758,375.24002192811724,0
20,110,0.18429053684744415,0.03407414466778421,373.6708577475518,0
20,111,0.1847020104350039,0.03456390386050698,372.19505441177955,0
20,112,0.1850699982247169,0.03507472134476977,371.1256434753973,0
20,113,0.185397419112661,0.035616056851139256,370.55284262192936,0
20,114,0.1856853614039017,0.03619932510914308,369.9300761823182,0
20,115,0.18593509126169122,0.036837147659838074,369.2519967787137,0
20,116,0.1861508504694118,0.03754179271416972,368.50575382553745,0
20,117,0.1863435585253158,0.03832301180561564,367.6615600668369,0
20,118,0.186535303402442,0.03918611797779446,366.71760150752243,0
20,119,0.1867648891499965,0.04013201466776887,365.5935717653136,0
20,120,0.18709745901463076,0.04116269129850437,364.12955037906005,0
20,121,0.18765731209400002,0.04230271761466156,362.652246171352,0
20,122,0.18888742906732436,0.04372361859610118,361.8973957887457,0
21,0,0.005514871326902988,0.009045449017465915,726.1825247808598,0
21,1,0.007022628215265434,0.005421555097213238,727.427306069321,0
21,2,0.00861040845059604,0.004793108218458139,720.6138177710387,0
21,3,0.010062270509026638,0.004710565516102089,713.6729390337912,0
21,4,0.011401404898787796,0.004708890576349001,707.2800097549045,0
21,5,0.012742231798237507,0.0046693097144010895,698.7261503665372,0
21,6,0.014216974016612894,0.0046322170150421334,685.6090591478435,0
21,7,0.015930965359862426,0.004659101393063241,670.9352836383567,0
21,8,0.017879136679927878,0.004732969893488831,656.4600165774293,0
21,9,0.019961396000702902,0.004787014073237832,643.6137050909397,0
21,10,0.022075330262523087,0.004804744665081226,633.3109523900257,0
21,11,0.024165554931673945,0.00482251966071368,625.7404388493734,0
21,12,0.026231514123036818,0.004858886106038746,620.7675667227636,0
21,13,0.028295551666283707,0.0048971589122985895,618.2834960984434,0
21,14,0.03036147137460502,0.004936097168938733,618.2716740098324,0
21,15,0.032431408210793516,0.004980420034866289,620.7349183300176,0
21,16,0.0345076179063342,0.00502669766079904,625.7164598741736,0
21,17,0.03658339424896818,0.005055143308808781,633.2456369031713,0
21,18,0.03861571646387518,0.005028246250993693,643.174038774328,0
21,19,0.04050085340780979,0.004933164241746625,654.6877411527487,0
21,20,0.042131089046187065,0.0048583219802177495,666.0622709853546,0
21,21,0.043464716719131165,0.004907151858947614,674.2506091674657,0
21,22,0.044541805741508504,0.00510690706642589,675.6086485916286,0
21,23,0.04545853757231609,0.005439879235974803,668.9869739322475,0
21,24,0.04634145875654505,0.00588466728309945,655.4075002335895,0
21,25,0.04733513936898962,0.006420128751340521,635.6789378103954,0
21,26,0.04856229442603224,0.007005079198904073,620.3681116062287,0
21,27,0.05007648586310818,0.007574881975578331,605.4865985084593,0
21,28,0.051851317349644495,0.008061222246982924,591.8013838922338,0
21,29,0.053808507652067766,0.00841874823086027,578.382657099032,0
21,30,0.05586002156272871,0.008640466541609505,566.6397318073523,0
21,31,0.05794159197633565,0.008753266505160097,556.9388950489413,0
21,32,0.06002386669287114,0.008799160942819302,550.4121291054023,0
21,33,0.062101411172964645,0.008815403806033144,545.4997096578752,0
21,34,0.06417579458011699,0.008823852918519691,542.5307066621549,0
21,35,0.06624824673244416,0.008832134292095888,541.6238984754336,0
21,36,0.06832030341267309,0.008842174430705596,542.8784201827292,0
21,37,0.07039338117083735,0.008860123329845844,546.3611120626421,0
21,38,0.0724656325753087,0.008902842525270264,552.1923072115599,0
21,39,0.07452983917669331,0.008995656537645814,560.3614094036676,0
21,40,0.07657303766588366,0.00916152057525795,570.3425292559225,0
21,41,0.07857676852524145,0.009409453176528994,582.0009281387813,0
21,42,0.0805164781944364,0.009731827220177814,594.4233118067591,0
21,43,0.0823623330212857,0.010111037821607927,606.0655412772876,0
21,44,0.08408280181111404,0.010530817113255188,613.6702387293533,0
21,45,0.08565218891733645,0.010983102088779138,619.0940674639515,0
21,46,0.08706177345790246,0.011465973123223115,622.414097015675,0
21,47,0.08833059487004559,0.011976620644642232,623.8269140182983,0
21,48,0.08950907364413521,0.012505335287821408,623.7716038490432,0
21,49,0.09067084021796615,0.013034007466650009,622.8782281024165,0
21,50,0.0918942009114158,0.013539420659445058,622.0163422126379,0
21,51,0.09323930575594416,0.013998582848360627,621.5044400845969,0
21,52,0.09472990283217705,0.014393082178365608,621.5660709331568,0
21,53,0.0963484248004475,0.014710829762924725,622.5223494987481,0
21,54,0.09804778914591589,0.014945959947489507,625.0952948485203,0
21,55,0.09977534541927564,0.015099997692161155,630.1805604635923,0
21,56,0.10149798489508216,0.01518615356977421,636.9615215043199,0
21,57,0.10321516672971597,0.015232725388727286,643.1995214609211,0
21,58,0.10495211536607225,0.015277641369415047,646.5242489600935,0
21,59,0.10673962859512974,0.015352803097987209,644.5348917939908,0
21,60,0.10859719994103587,0.015468913646744749,634.4692539453083,0
21,61,0.11052866658491979,0.015612306585423417,619.2664063940305,0
21,62,0.11252561339463675,0.015755107170586334,604.9515285660813,0
21,63,0.11457093718605955,0.015872000760247043,592.5049354572908,0
21,64,0.11664050273264998,0.01595417806376061,586.0027541803906,0
21,65,0.11870433885816518,0.0160126105125547,577.7417183880094,0
21,66,0.12072824222551184,0.01606955479415554,571.2014099559636,0
21,67,0.1226757146509606,0.01614548244379079,566.9599200151764,0
21,68,0.12451062294612728,0.016251189336067083,564.6028046128122,0
21,69,0.1262014219279602,0.016389097386878486,563.6387817379513,0
21,70,0.12772706988234234,0.01655936558800002,563.6528132815569,0
21,71,0.1290835317750014,0.016763484742472322,564.1889192812267,0
21,72,0.13028886109612986,0.017002648438444817,562.1519294573457,0
21,73,0.13138455884903147,0.01727449859878993,556.9364635653151,0
21,74,0.13243172399611583,0.017572877992281993,550.1392564072814,0
21,75,0.13350193090439819,0.01789106940787018,542.2459387586872,0
21,76,0.13466385477443213,0.018225660317505363,533.868131062177,0
21,77,0.13596883566925153,0.018578462579193787,525.2522656169765,0
21,78,0.13744066621458564,0.018955764846332674,516.0648211037386,0
21,79,0.13907306951513032,0.019365743368068542,507.35422756528106,0
21,80,0.1408343958366505,0.019815555294557433,497.95881757377435,0
21,81,0.1426768489336493,0.020309422962575766,488.1065126776328,0
21,82,0.1445472779946974,0.02084819156593918,478.39441455429494,0
21,83,0.1463970422561357,0.0214299584676761,469.0577986505184,0
21,84,0.1481891232547236,0.02205099042961694,460.6603649644029,0
21,85,0.14990152973190615,0.022706423153195182,454.65400895059923,0
21,86,0.15152717386388218,0.02339076424946945,451.10082036880095,0
21,87,0.15307148542620042,0.024098375585775045,447.9701069989357,0
21,88,0.15454942978178604,0.024823696566384446,445.2326014120076,0
21,89,0.1559830194637537,0.025560536650808936,442.7419725320887,0
21,90,0.15739942097886783,0.026300099130540985,440.21320070518726,0
21,91,0.1588291743309439,0.027028505096547344,437.2524717481387,0
21,92,0.16030402915855615,0.027725490804952437,433.291269101094,0
21,93,0.16185402520609068,0.028365800977778226,428.34553929565845,0
21,94,0.16350347373654475,0.028923740324573313,423.095796975358,0
21,95,0.16526575894693687,0.029379998854078524,418.4869986887074,0
21,96,0.16713774565430903,0.029728635821471804,414.06516736313836,0
21,97,0.16909568569039557,0.0299814177459754,409.6993439733182,0
21,98,0.1710948691483964,0.03016719875362906,405.2374462787582,0
21,99,0.17307432531789643,0.030325863512179724,400.5761609289772,0
21,100,0.17496611884891447,0.030498679197053714,396.2861244375323,0
21,101,0.17670712114985687,0.030718460230163277,392.34323416693627,0
21,102,0.17825022494418008,0.031002971070156184,388.7112800553677,0
21,103,0.1795720047497468,0.03135357921270276,385.8735925085699,0
21,104,0.18067467295863096,0.03175906001938515,383.42765587465146,0
21,105,0.18158169385373962,0.032202519792560426,381.37573330173024,0
21,106,0.1823285614024759,0.03266834601634673,379.2959102582547,0
21,107,0.18295239509257774,0.03314648779854724,377.4569563334443,0
21,108,0.18348440567621618,0.03363326863672218,375.6784102474875,0
21,109,0.18394701955488194,0.03413002218277565,374.07715845393284,0
21,110,0.1843545596980905,0.0346414044832012,372.52076373183775,0
21,111,0.18471534702054648,0.035174322182684556,370.9844329662072,0
21,112,0.18503385918160367,0.03573737944595466,370.2446055427499,0
21,113,0.18531268027108236,0.03634033589180647,369.58534245462715,0
21,114,0.18555450978167762,0.036993156908288714,368.88793411945363,0
21,115,0.1857644584634462,0.037704551604946616,368.14047959149315,0
21,116,0.1859525628117547,0.03848028478597193,367.3121906539538,0
21,117,0.18613621679291348,0.03932191824465065,366.40361873034095,0
21,118,0.18634233002787268,0.04022695528118477,365.3680427276292,0
21,119,0.18661001592180004,0.04119178163226532,364.18765050793945,0
21,120,0.18699869934580646,0.04221997025537058,363.0187639742845,0
21,121,0.18762687635403733,0.043344852584861905,362.08420461270214,0
21,122,0.18899382542586357,0.04475792315605099,361.6624885528434,0
22,0,0.005863558251293954,0.008767947570684874,726.0771395883986,0
22,1,0.007243290443812337,0.0053966074690606535,726.4649858509605,0
22,2,0.008827963927467588,0.004903168065319381,719.0741626171013,0
22,3,0.010242516909037798,0.004861901633246646,712.1982956655643,0
22,4,0.011548810726581564,0.004845655667564538,706.1611313957551,0
22,5,0.012876269428168703,0.004774425542307541,697.5132843014828,0
22,6,0.01435810531826276,0.004713045163955944,684.2766730932087,0
22,7,0.01609113996319397,0.004728937117367464,669.6268125903805,0
22,8,0.018053490588930285,0.004799541959994564,655.2452289473882,0
22,9,0.020137096151165358,0.004853863853935298,642.6054553102942,0
22,10,0.022243670492837004,0.004874533250234002,632.5391178360155,0
22,11,0.024325524613316316,0.004895363373658286,625.2026267251304,0
22,12,0.026385240938457913,0.004932656443120807,620.4335301084496,0
22,13,0.028443570221896194,0.004971482344032667,618.1338023933135,0
22,14,0.030503928052899643,0.005011151752988797,618.2973879641523,0
22,15,0.032568240626954216,0.005056032136251908,620.9129864118488,0
22,16,0.03463825450743322,0.0051012938738570655,626.0459591582153,0
22,17,0.036706359475881634,0.005126359510743447,633.7101752475353,0
22,18,0.03872918545218692,0.005097462128976244,643.7310949734048,0
22,19,0.04060415194843563,0.005010727639839697,655.2784112670033,0
22,20,0.0422235889447197,0.00495602879395191,666.5498149459825,0
22,21,0.043548577597790954,0.0050291964398932595,674.406107815406,0
22,22,0.044626468222598054,0.005251624574971255,674.8233186803004,0
22,23,0.045561474796771195,0.00560553674673382,665.9022321307034,0
22,24,0.04648764682754783,0.006070607028224114,647.0038872338787,0
22,25,0.04754883206381228,0.006621753719610086,630.14289474462,0
22,26,0.0488534373056135,0.007210725438255171,615.7861986513543,0
22,27,0.050435498573588484,0.007768693367817192,602.2150401005927,0
22,28,0.05225591866848098,0.008229625973866866,588.6770445307207,0
22,29,0.05423493649487251,0.008556088113840999,575.7167129791483,0
22,30,0.056291164398344876,0.008750278098870426,564.3822361202072,0
22,31,0.0583690238199413,0.008844784677154941,557.6805974798101,0
22,32,0.060445045614538194,0.008882095662026548,551.3728545294872,0
22,33,0.06251591615588442,0.008896437511864514,546.4447508056799,0
22,34,0.06458361815445174,0.008905888230470763,543.586798032124,0
22,35,0.0666497956407247,0.008915360853866069,542.7480825993899,0
22,36,0.06871627065370026,0.008926222313193767,544.1612935049236,0
22,37,0.07078397015936438,0.008946615466812266,547.8730501121385,0
22,38,0.07284984274229772,0.008996667347009782,554.0109359993743,0
22,39,0.07490524384677526,0.00910394214487955,562.3136240033733,0
22,40,0.0769359386060372,0.00929134501729134,572.6185096974498,0
22,41,0.07892230628421523,0.009566166167497519,584.2169153520849,0
22,42,0.08083908971203692,0.009918430641699472,596.1648915926787,0
22,43,0.08265692777638915,0.010328396949154186,607.6427187453731,0
22,44,0.08434678544624837,0.01077800917250753,614.724814933832,0
22,45,0.08588808059651053,0.011257409417930608,619.6594261334537,0
22,46,0.08727946992316027,0.011762622890177975,622.5039944073249,0
22,47,0.08854770045290573,0.012288582893599399,623.5782032946715,0
22,48,0.08974817318885377,0.0128234736165653,623.2342318031248,0
22,49,0.09095409836989615,0.013347788863998922,622.406146544211,0
22,50,0.0922370038978142,0.01383813703101282,621.679903790312,0
22,51,0.0936455184323826,0.01427291089758327,621.3357649068843,0
22,52,0.0951912225233789,0.014636511035547306,621.6345218526477,0
22,53,0.0968485935662521,0.01492054134823118,622.9706328506126,0
22,54,0.09856997552396404,0.015123402316877763,626.3342806485393,0
22,55,0.10030927616029685,0.015251493916661333,632.0431053858795,0
22,56,0.10204316677819934,0.015322732230708234,639.0033762376838,0
22,57,0.10377836102086012,0.01536745761169953,644.501503826456,0
22,58,0.10554108978225642,0.01542045255258144,646.4421906267196,0
22,59,0.10735805683806415,0.015505956568684415,641.8925930165253,0
22,60,0.109243526752774,0.01562653856562107,629.4108510112998,0
22,61,0.1111975282297342,0.01576417089258672,614.6027844691563,0
22,62,0.11320937270395559,0.015892430772706603,600.7938033845855,0
22,63,0.11526048986122894,0.01599247890410374,588.9157342616659,0
22,64,0.11732565748353499,0.016063758485652342,584.28134897082,0
22,65,0.11937412038282075,0.01612321399491151,576.1835044610294,0
22,66,0.12137132126633264,0.016194334524079115,569.9975634987319,0
22,67,0.12328125141470764,0.01629454500888897,566.0455419543454,0
22,68,0.1250698093362602,0.016429819659262962,563.8191519579293,0
22,69,0.12670968817703418,0.01659834596672327,562.4143018898075,0
22,70,0.1281864991966369,0.016797372205722964,562.0265903283712,0
22,71,0.12950475059524183,0.017026261573869904,562.0586274763547,0
22,72,0.13069159827273802,0.01728445897781433,559.7934117719077,0
22,73,0.13179628861984963,0.017568716355523876,553.7729928078611,0
22,74,0.1328841188498343,0.017873626144752734,546.3465234226582,0
22,75,0.13402505576144846,0.01819508572510133,538.0828669718949,0
22,76,0.13527913748212472,0.018533574695311493,529.575910132596,0
22,77,0.13668357608461212,0.018894874413281033,520.6065993806643,0
22,78,0.13824654129612984,0.019288035671180825,512.2572014757233,0
22,79,0.13994883681377993,0.01972203849475633,503.2729119094424,0
22,80,0.14175128316100716,0.02020296005155671,493.779290423216,0
22,81,0.14360471498997981,0.020732768234162598,484.23507202756423,0
22,82,0.1454599670888941,0.021309729912802135,474.8828904040679,0
22,83,0.14727595451416,0.0219296099356129,466.3470778128561,0
22,84,0.1490246781353232,0.02258678601821026,458.8127134066822,0
22,85,0.15069281777164084,0.023274930000466564,452.58331446402775,0
22,86,0.15228052407075227,0.023987382084373756,449.23548802758484,0
22,87,0.15379873279283027,0.024717311987365008,446.3117384838251,0
22,88,0.15526632628199827,0.02545738556833181,443.7036049815983,0
22,89,0.15670778653010461,0.02619857495270009,441.18774537268325,0
22,90,0.158151242089872,0.026928336155726866,438.4101015686062,0
22,91,0.15962651056403315,0.027629201334440537,434.87792700076824,0
22,92,0.1611627603297274,0.028279119963747122,430.3063456451084,0
22,93,0.1627854102437973,0.028854384433723818,425.16629714300234,0
22,94,0.16451190331547347,0.02933499805456054,420.3374587217461,0
22,95,0.16634647615807185,0.02971119043722532,415.892925049998,0
22,96,0.16827513344712572,0.029988757604370878,411.48737153936844,0
22,97,0.1702630181061652,0.030190642808764243,406.86352993427647,0
22,98,0.1722562576351161,0.030353271465099953,402.083885460132,0
22,99,0.17418898099318303,0.030518321508788294,397.69439262481256,0
22,100,0.17599428075204512,0.03072268749878997,393.5777793045877,0
22,101,0.17761637414665424,0.03099023811270658,389.8469385302322,0
22,102,0.1790206304690917,0.03132819539192934,386.5234950240271,0
22,103,0.18019855124574413,0.031729044033419904,384.23966075577744,0
22,104,0.1811660847458954,0.03217668945802829,381.9437126478394,0
22,105,0.1819557855110496,0.032653972001270265,379.88364711309896,0
22,106,0.18260592669138412,0.03314834644383412,377.944475721374,0
22,107,0.1831511205886311,0.03365398311566088,376.18977574141667,0
22,108,0.183617531710595,0.03417090828604576,374.51420612934396,0
22,109,0.1840225160541058,0.03470309716321318,372.889099685015,0
22,110,0.18437656884896866,0.035256903881116276,371.28753129700016,0
22,111,0.18468575089535813,0.035840052156447394,369.9550674396038,0
22,112,0.18495389577379764,0.0364607891629439,369.26932789814975,0
22,113,0.18518461611652576,0.03712683503423157,368.5469123408737,0
22,114,0.1853832157434755,0.037844077541117474,367.7937211574794,0
22,115,0.1855584040735473,0.038615283588174405,366.9839908767349,0
22,116,0.18572353078752998,0.03943930586640479,366.1157979853365,0
22,117,0.18589710848991298,0.04031134548224002,365.18390609807125,0
22,118,0.18610284705519722,0.041224852927502706,364.1754338465684,0
22,119,0.1863707679720454,0.04217574742373998,363.2073855913978,0
22,120,0.18674505846942696,0.04317036021535557,362.34512969794315,0
22,121,0.18732218919180083,0.04424339290242188,361.59163625002253,0
22,122,0.18853839868014738,0.04555332979765145,361.11581137359315,0
23,0,0.006030851207415518,0.008405204498220823,727.1466217101893,0
23,1,0.007459744867162718,0.005375286773374668,725.4120110924009,0
23,2,0.009044698825158065,0.00502372614464792,717.4955066236971,0
23,3,0.010416705487402353,0.005014984391338858,710.7299123605288,0
23,4,0.01169100851244851,0.004978369900408042,705.2283107972241,0
23,5,0.01300777163149958,0.004874334146857471,696.4619153508695,0
23,6,0.014499119822700855,0.0047901784840056,682.974278032366,0
23,7,0.016252194321138128,0.0047971931273269545,668.3051296060091,0
23,8,0.018228094999723884,0.004866085684832916,654.0301805514534,0
23,9,0.02031204918597104,0.004921275505672466,641.6119600148818,0
23,10,0.022410922941032183,0.004944787316027118,631.7977434622514,0
23,11,0.0244845286640372,0.0049683833472702575,624.6856015571544,0
23,12,0.026538085319170936,0.005006524033378819,620.1167327265182,0
23,13,0.028590763500538872,0.005045891673099559,617.9989870872198,0
23,14,0.030645582403892764,0.005086260020057823,618.3352001799169,0
23,15,0.03270424938546245,0.00513160390401243,621.113755547268,0
23,16,0.034768021267949784,0.005175717072426106,626.3822030111882,0
23,17,0.036828528076629834,0.005197537990870477,634.1712789492875,0
23,18,0.038842250527137176,0.005167352090382563,644.2851878722355,0
23,19,0.040707706236878693,0.0050897777586506885,655.8793610461827,0
23,20,0.04231744869781211,0.005055487510912994,667.0440487000722,0
23,21,0.04363578287035825,0.0051528391459951745,674.3710543891438,0
23,22,0.04471764295113726,0.005398121359557722,672.5181113322575,0
23,23,0.045675652443254645,0.005773787822211347,657.6752490994061,0
23,24,0.046650345633113086,0.006259585548091531,640.4831494223424,0
23,25,0.047781672953111226,0.006825306717250012,624.8502206543048,0
23,26,0.04916170539606399,0.0074156265129620815,611.4129139844351,0
23,27,0.050806215384433535,0.007958657662661035,599.0710909016949,0
23,28,0.05266623879887549,0.008392090766927407,585.6471302670163,0
23,29,0.05466263403799025,0.00868727150996808,573.1366771579221,0
23,30,0.05672117019771024,0.008855369308029841,565.4359343176114,0
23,31,0.058794344086800836,0.008933667455071148,558.8322579128888,0
23,32,0.06086377635786587,0.008964163600742375,552.3176016845252,0
23,33,0.06292788091621163,0.008977625356432772,547.398336433209,0
23,34,0.06498897795355017,0.008988371086918695,544.6534635772318,0
23,35,0.06704906499486941,0.008998910935744753,543.8767138220559,0
23,36,0.06911010227698988,0.009010589349061016,545.448735832183,0
23,37,0.07117236413395003,0.00903403735451379,549.4929536648987,0
23,38,0.07323149703649211,0.009092781338845961,555.8387418556174,0
23,39,0.07527743990459862,0.009216376138701183,564.3542550608092,0
23,40,0.07729475626339884,0.009427303866680746,574.9055567565167,0
23,41,0.07926283156383912,0.009730773545663127,586.0880773802006,0
23,42,0.08115604396687144,0.010114179715369407,597.7545701940289,0
23,43,0.08294605942321312,0.010555426272708038,608.9262126100828,0
23,44,0.08460700640769402,0.011034563499422131,615.7175321668047,0
23,45,0.0861239197275095,0.011539963078806075,620.1323863104603,0
23,46,0.08750279172508556,0.012065661361260315,622.5734669520189,0
23,47,0.08877723505988759,0.012604356915683823,623.2269556888676,0
23,48,0.09000609129002819,0.013142139988497227,622.8016656860959,0
23,49,0.09126037483273407,0.013658267839868673,621.9861423235583,0
23,50,0.0926035643140982,0.014129670134905408,621.3822789206397,0
23,51,0.09407272014055555,0.014536898166144296,621.2217727694128,0
23,52,0.09566860066742046,0.014867904207101334,621.7861872252199,0
23,53,0.09735989643905839,0.01511844602845925,623.6609277605984,0
23,54,0.09910035327786203,0.01529129277036431,627.7399097299835,0
23,55,0.10085122583167372,0.01539731175500505,634.0416332472598,0
23,56,0.10259813089275344,0.015457957105514838,640.8761919957171,0
23,57,0.10435317252786856,0.015503865843433886,645.4522793498476,0
23,58,0.10614206850220181,0.015565336614410572,645.5514618668284,0
23,59,0.10798710975071145,0.015658982519171808,638.3240821641685,0
23,60,0.10989784535890179,0.01578058401442534,624.862573187753,0
23,61,0.11187111076490666,0.015909615502604023,610.1265035406578,0
23,62,0.11389434640516348,0.016022675374666808,596.7958755663503,0
23,63,0.11594770800459002,0.016108088356599992,587.1582075549901,0
23,64,0.11800495747909193,0.01617311969164666,582.5730681457355,0
23,65,0.12003464131326883,0.01623937668055233,574.7289095703251,0
23,66,0.12200211871381937,0.016330010468719573,568.9157610072127,0
23,67,0.12387244504911142,0.016458208334288644,564.8517776577222,0
23,68,0.12561440593205578,0.01662461948436845,562.1100246043311,0
23,69,0.12720587845249923,0.016823279719394863,560.9729061753662,0
23,70,0.12863985928367916,0.01704890120476105,560.3914823428206,0
23,71,0.12992960254344618,0.017299200649647618,559.4323632531027,0
23,72,0.13111081494755353,0.017572484922004694,557.0488308049787,0
23,73,0.13223902251656872,0.017865431110620843,550.3094074457275,0
23,74,0.13338115953847915,0.018174368026081945,542.3103681195735,0
23,75,0.1346022000227834,0.01849874790503407,533.8979992640648,0
23,76,0.1359506472014999,0.01884343291003351,525.1640883663649,0
23,77,0.13744866776464001,0.01921788906144724,516.9874772045202,0
23,78,0.13909022383743097,0.01963291768565526,508.38504601754175,0
23,79,0.14084618339977334,0.020096973049748227,499.25163390028985,0
23,80,0.1426732640161077,0.02061391453524757,489.8836750648611,0
23,81,0.14452385253677588,0.02118283188073271,480.5659708167292,0
23,82,0.14635463631604925,0.021799315937940645,472.08715924133094,0
23,83,0.14813278042647093,0.022457021773228482,464.2863853239771,0
23,84,0.14983905254390645,0.023148730281344593,457.353208048283,0
23,85,0.1514680069624959,0.02386680236808615,450.2409846727462,0
23,86,0.1530260609852834,0.024603262921492126,447.4752366611434,0
23,87,0.1545286801347197,0.0253495882761358,444.72152972747614,0
23,88,0.15599765159351364,0.026096022627101235,442.16805575745775,0
23,89,0.15745879429805848,0.026830404799396884,439.5000409684419,0
23,90,0.15893995780692016,0.02753702418803318,436.2706775514236,0
23,91,0.1604690055340422,0.028196446498332934,432.1318665049983,0
23,92,0.16207142745428704,0.028787184850802602,427.23637437128804,0
23,93,0.16376711423064033,0.029289571705348,422.2491729598572,0
23,94,0.16556594013781847,0.029691324871735418,417.73261900097714,0
23,95,0.1674625827461524,0.029993201476326416,413.30349088423566,0
23,96,0.16943226826960567,0.030212289344043106,408.5255086823988,0
23,97,0.17142986813457978,0.030380738605594884,403.5964358266321,0
23,98,0.1733941209148953,0.03053941761331451,399.0990715444388,0
23,99,0.17525691683243494,0.030728305401576565,394.92554690667794,0
23,100,0.17695556124084505,0.030977054928951694,391.00657700288826,0
23,101,0.17844465029375697,0.03129918037812811,387.45008095790905,0
23,102,0.179704032976579,0.03169179561365712,384.8144574258069,0
23,103,0.18074026875431906,0.03214053887790968,382.54711760680846,0
23,104,0.18158095370787752,0.0326272291252105,380.48851033325536,0
23,105,0.18226411011084714,0.03313680103350598,378.46666947915617,0
23,106,0.18282725327743152,0.033660883177101496,376.5895909783182,0
23,107,0.18330044472356538,0.0341977505434524,374.87810850916605,0
23,108,0.18370445514542705,0.03475038169552465,373.21523330693526,0
23,109,0.1840522540633739,0.035324417392854676,371.57852271176813,0
23,110,0.18435158249666134,0.03592667443631166,369.9389223867526,0
23,111,0.18460740643758533,0.0365640105602243,368.9595562211515,0
23,112,0.18482397721418653,0.03724221907503559,368.2235033634398,0
23,113,0.18500651219013012,0.03796489859189933,367.4706529974787,0
23,114,0.1851624194567282,0.03873250846038395,366.68546937501776,0
23,115,0.18530187387076738,0.03954193860228026,365.8686400801928,0
23,116,0.18543758981532069,0.040386907098857436,364.99566345552716,0
23,117,0.18558389201649741,0.041259409959768414,364.1196132893005,0
23,118,0.18575572946760568,0.04215234215943314,363.2889250305948,0
23,119,0.18596929842230253,0.04306340519055033,362.53433209027514,0
23,120,0.18624822524421714,0.044000978752889684,361.8056769923695,0
23,121,0.18664782061224605,0.044995794043106115,361.09715350981435,0
23,122,0.18738609651999177,0.04614684007330355,360.50609127155326,0
24,0,0.0060600759975973535,0.007914764473302301,728.3334729642528,0
24,1,0.007682932256175412,0.00536706517555948,724.3226680689434,0
24,2,0.00926091056998364,0.005157123783084564,715.6817937617568,0
24,3,0.010584083224423007,0.005169363849187551,709.375321665426,0
24,4,0.011828163069221702,0.005106795440627874,704.2499601120903,0
24,5,0.013137062422563014,0.004969132506341662,695.4266130666036,0
24,6,0.014640263305535585,0.004863872349972585,681.6789823992256,0
24,7,0.016414221684950017,0.004864134270284309,666.9910436447284,0
24,8,0.01840291589853849,0.004932754468822253,652.8355194388467,0
24,9,0.020486209786849993,0.004989265706832746,640.6422932698117,0
24,10,0.022577078542178147,0.005015474268186643,631.0797161715335,0
24,11,0.02464257076385794,0.00504156555483673,624.1845603439024,0
24,12,0.026690056753756488,0.005080484297349339,619.8172129952025,0
24,13,0.028737138491945355,0.005120382417674215,617.8873763556463,0
24,14,0.030786437183101274,0.00516141447784776,618.3860959970955,0
24,15,0.03283943633672413,0.005207130207401947,621.474236458399,0
24,16,0.03489693147202465,0.005249980491747828,625.4093929259394,0
24,17,0.03694993941101909,0.005268721285249416,632.3854650221456,0
24,18,0.038954980842658846,0.0052379573999004085,643.3585112100359,0
24,19,0.04081164978289203,0.005170333707724052,656.4811670363142,0
24,20,0.042412926406082484,0.005156734191447923,667.5466907921566,0
24,21,0.04372677295243927,0.005278242672584466,672.2791497888813,0
24,22,0.0448160858339406,0.005546761116917978,664.3365532862862,0
24,23,0.04580213469126854,0.005945059180077845,649.3651164203197,0
24,24,0.046830331312281634,0.006451795791041242,634.6012939757006,0
24,25,0.048033477115537716,0.007030594269220071,620.0041606083062,0
24,26,0.04948602152780917,0.007619311055860787,607.0553295075076,0
24,27,0.05118727961411214,0.008144281827644442,595.960894523976,0
24,28,0.053081182642216056,0.008548356068689799,582.7338684684295,0
24,29,0.0550909392824445,0.008812376084027965,572.4605841427955,0
24,30,0.057149709388638434,0.0089560638117035,567.0149151334073,0
24,31,0.05921740118665864,0.009020295021491416,559.9199538557656,0
24,32,0.06128000248823507,0.009045654276845795,553.2543641595806,0
24,33,0.06333731242867678,0.009059112505409797,548.3636504483486,0
24,34,0.06539191476985064,0.009071327038690123,545.7311207383364,0
24,35,0.06744609655972698,0.009082771063154874,545.0096079904807,0
24,36,0.06950181247774959,0.009095325683715499,546.7497172531225,0
24,37,0.0715585262126822,0.009122579493643423,551.1439367817504,0
24,38,0.07361049868555591,0.009191531857316467,557.6779759336861,0
24,39,0.07564628384476944,0.009333421263370053,566.4479398055181,0
24,40,0.07764934592162115,0.00956989565680001,576.7334452736136,0
24,41,0.07959828249220492,0.009903723853532975,588.2349124495465,0
24,42,0.08146749379209227,0.010319402344557084,599.2450218701161,0
24,43,0.0832302572426391,0.010792297680816628,609.7897561808653,0
24,44,0.08486449388656916,0.011300499738173075,616.6225875170551,0
24,45,0.08636122571522759,0.01183063359685421,620.5506089592163,0
24,46,0.08773354134101886,0.012374761683704901,622.5433642328987,0
24,47,0.0890208943074928,0.012923318673237049,622.9116280173494,0
24,48,0.09028394978552738,0.013460344820535044,622.3401116693999,0
24,49,0.09158987376180643,0.013964181124989332,621.5959357177501,0
24,50,0.09299315952658246,0.014412774013623203,621.1371430668898,0
24,51,0.09451963266292976,0.014789692929045835,621.1657686319585,0
24,52,0.09616078355305585,0.015087096060886098,622.0514941588523,0
24,53,0.09788161412283278,0.01530514902810996,624.4929279075942,0
24,54,0.09963892094410712,0.015450827291442131,629.3661197057221,0
24,55,0.10140166058001455,0.015538789895162998,636.1440237788996,0
24,56,0.10316328229809733,0.015592721314413019,642.5079603738042,0
24,57,0.10493950669572451,0.015641989199805553,645.9237651590622,0
24,58,0.10675436331604979,0.01571153722545807,643.8121834222067,0
24,59,0.10862567098290414,0.015810800106340926,634.6237795602545,0
24,60,0.11055883237234906,0.015930227513650832,620.272544960005,0
24,61,0.11254806208563957,0.016048514882670974,605.7497585857575,0
24,62,0.11457926275334568,0.01614659880628312,592.9574157937079,0
24,63,0.1166314407701825,0.016220401155549437,585.4338323492708,0
24,64,0.11867739386434108,0.01628436418974836,580.875442127999,0
24,65,0.12068511855643449,0.016363304727318454,573.406797219525,0
24,66,0.12262028269197012,0.016478435717537515,567.9794906853285,0
24,67,0.12444970076665621,0.016637621297498205,563.4641328925808,0
24,68,0.12614595404633652,0.016835881371415312,561.3122522935421,0
24,69,0.12769298223194392,0.017063377356522132,559.3964735898182,0
24,70,0.12909169702772183,0.017312776339567907,558.3038605645718,0
24,71,0.13036399249349445,0.017580686904632006,556.5796138924138,0
24,72,0.13155317430875874,0.01786496849994882,553.9623077857337,0
24,73,0.13271905668070114,0.01816318998929223,546.5036891317883,0
24,74,0.13392716762405454,0.018474542829883953,538.1801849710472,0
24,75,0.13523419997597583,0.018802902154529656,529.5958127820547,0
24,76,0.13667514495032967,0.01915763454031639,521.6234081642076,0
24,77,0.13825743778471145,0.019551103435869816,513.421232209085,0
24,78,0.13996314153123893,0.01999447435621921,504.53146308425664,0
24,79,0.14175646312386775,0.020494271577722826,495.37323087393406,0
24,80,0.14359319770485732,0.021051216234709912,486.3686676610557,0
24,81,0.145429642060888,0.021661245600089765,477.6230048886141,0
24,82,0.14722957250610422,0.022317465041970193,469.82502458612277,0
24,83,0.14896859472721127,0.023011752279874065,461.5213706083211,0
24,84,0.15063569758446987,0.023735497962005313,453.15133664074034,0
24,85,0.15223239557433932,0.02447968193145268,447.70710485485466,0
24,86,0.15377034939107262,0.02523463453319293,445.3289157888877,0
24,87,0.15526849899714093,0.0259895953955723,443.15941751630106,0
24,88,0.1567504110157613,0.026732054061199582,440.5525471982695,0
24,89,0.15824203572828757,0.027447057726845588,437.57895922431476,0
24,90,0.15976974701544097,0.028116986505646133,433.7700167652699,0
24,91,0.1613584008519648,0.02872243947345723,429.18728249178616,0
24,92,0.16302897491136678,0.02924476909708544,424.2087425980933,0
24,93,0.1647951958496003,0.029670385347745267,419.58257791205926,0
24,94,0.1666588898500896,0.029996065456169275,415.13510762170705,0
24,95,0.16860492983207173,0.03023334204744635,410.22006988542194,0
24,96,0.17059801029994937,0.030409461799061913,405.1934728848153,0
24,97,0.17258381014284316,0.030563297501368485,400.5353452076029,0
24,98,0.174495791857734,0.030736818683249234,396.2530539318092,0
24,99,0.17626661414194889,0.030965000895860097,392.2861017235457,0
24,100,0.17784113654922515,0.03126799253011813,388.5813400596901,0
24,101,0.1791871036210123,0.031648458261318804,385.4487175048064,0
24,102,0.1803000123296181,0.03209480587708112,383.24213398996307,0
24,103,0.18120032708614742,0.032588517212839306,380.93025404359486,0
24,104,0.18192403303028995,0.03311210997605475,379.01936807249535,0
24,105,0.182510688245242,0.03365431840326224,377.11136820098454,0
24,106,0.18299422499878504,0.034211179681203296,375.22783610007224,0
24,107,0.18339918727507523,0.0347842973835515,373.5147280006678,0
24,108,0.18374137800348123,0.03537839551706385,371.8405237246829,0
24,109,0.18403041000189285,0.0359993351654939,370.1860131966665,0
24,110,0.18427239697464926,0.036652677896810204,368.65935911975157,0
24,111,0.18447214616627192,0.03734253627489141,367.9127816716907,0
24,112,0.18463475486433653,0.03807061590438292,367.16724096669753,0
24,113,0.18476657543353037,0.03883556922925544,366.3982464270351,0
24,114,0.18487546037095443,0.03963285660405443,365.608529993632,0
24,115,0.18497023334984458,0.040455259823502114,364.82877213784036,0
24,116,0.18505949456162343,0.04129407968495489,364.0533331391432,0
24,117,0.18515013112089565,0.04214091321907568,363.3273880951424,0
24,118,0.18524619484174204,0.04298979093536915,362.63377938734925,0
24,119,0.18534901382872257,0.04383948675062175,361.99257443772933,0
24,120,0.1854594591290975,0.044696372105998125,361.34198428713813,0
24,121,0.1855837826371617,0.045580340726670526,360.64753001784743,0
24,122,0.18574865084351105,0.046543066137184654,360.4050870444864,0
25,0,0.0060390523968432315,0.007343424524071666,729.5021309582023,0
25,1,0.007923914088623502,0.005385440897414751,723.0172989571051,0
25,2,0.009475414690698668,0.005304691411174592,713.7450192303165,0
25,3,0.010743817765001926,0.005324254110651196,708.136688719836,0
25,4,0.011960547128233141,0.00523072123222646,703.3850835984385,0
25,5,0.013264472230606745,0.005058929168574926,694.2724888227378,0
25,6,0.014781769875796852,0.004934384167770471,680.385922638178,0
25,7,0.016577301396421353,0.004930018729199988,665.6979307914739,0
25,8,0.018577909089600074,0.004999687930090366,651.6617048441185,0
25,9,0.020659529728099518,0.005057840861990303,639.7021712086982,0
25,10,0.022742129152661113,0.005086560545723565,630.3868903708127,0
25,11,0.024799656392244098,0.005114896792585164,623.7142547978015,0
25,12,0.026841165092839264,0.00515453296234941,619.5320294197477,0
25,13,0.02888270188285773,0.005194950066574171,617.7792132000975,0
25,14,0.030926495079726824,0.005236608022555765,619.0953872122075,0
25,15,0.03297380416463309,0.005282607474770083,623.4416509740674,0
25,16,0.03502499994931844,0.005324098728833225,623.8530397410026,0
25,17,0.037070634356454614,0.005339950692443858,630.5832685331709,0
25,18,0.039067450186596034,0.005309317702664986,641.1277699899208,0
25,19,0.04091612924323723,0.005252418151885764,654.7310687263018,0
25,20,0.04251031052874216,0.005259821231669016,665.1293396966141,0
25,21,0.043822058128173844,0.005405600378866791,665.5864340386984,0
25,22,0.04492266714942409,0.0056979316131689555,656.9698991095345,0
25,23,0.045942030621853064,0.006119754270779641,643.3085802958103,0
25,24,0.047028247595424774,0.006647357230625826,628.8782611507402,0
25,25,0.04830386232035664,0.007237341775488913,614.898729041137,0
25,26,0.0498252016183538,0.007821252887435156,602.7788471974038,0
25,27,0.05157734825924587,0.008325063460003992,592.8831486879774,0
25,28,0.05349972779970259,0.008698196193423574,579.9468152101396,0
25,29,0.05551925969132289,0.00893153271894423,574.9555563083094,0
25,30,0.05757649730172109,0.009052723726932322,568.461267924465,0
25,31,0.059638073441286646,0.00910505492112368,560.9567572941739,0
25,32,0.06169368899687907,0.009126839955666164,554.1906043072715,0
25,33,0.06374422932195783,0.009141020221382105,549.3433265452915,0
25,34,0.06579247159602375,0.009154766085014865,546.8199051360189,0
25,35,0.06784092863361625,0.009166926922731205,546.3809600688487,0
25,36,0.06989140828447071,0.009180497114152676,548.0524062942685,0
25,37,0.071942409648091,0.00921246158104381,552.7369807785395,0
25,38,0.07398674179301501,0.009293299180237025,559.5311028841566,0
25,39,0.07601163205807845,0.009455563200682337,568.5596532705906,0
25,40,0.07799958148518729,0.009719625449738213,579.0177718279106,0
25,41,0.07992864439316408,0.010085459888898914,590.0525030542615,0
25,42,0.08177367503095556,0.01053441936316611,600.6045765053315,0
25,43,0.08351016521396208,0.011039182489622813,610.3849240747793,0
25,44,0.08512039964679458,0.01157583533462222,617.4316934189818,0
25,45,0.0866016074983329,0.012129259345835938,620.9155467530629,0
25,46,0.08797353241103403,0.01268950248051196,622.4397714972146,0
25,47,0.08928027670596497,0.013244684766036447,622.5358368213643,0
25,48,0.09058268239135076,0.013776927858574626,621.9196919322585,0
25,49,0.09194259908226422,0.014264170818416133,621.2588157045045,0
25,50,0.09340494987118919,0.014686247690542777,620.9317548110776,0
25,51,0.09498499274057604,0.015030625482595959,621.1953212326828,0
25,52,0.09666664429869322,0.015294169165298858,622.4508081049214,0
25,53,0.09841318758435201,0.015481461687719538,625.5814551550445,0
25,54,0.1001857667158867,0.015603263914983706,631.2182147724602,0
25,55,0.10196099552694628,0.015677140060897342,637.8336853777722,0
25,56,0.10373885514781181,0.015727663247968766,643.1824728925658,0
25,57,0.10553707112630553,0.01578163619048806,645.2661064726828,0
25,58,0.10737713801655625,0.01585822400407211,641.4843936944602,0
25,59,0.1092725484729101,0.01596043580937108,630.4956514137716,0
25,60,0.11122515701039914,0.0160748701838663,615.6643634855707,0
25,61,0.11322707595682822,0.016180998500640267,601.5034675610096,0
25,62,0.1152629246424912,0.01626518971883891,589.3047371327752,0
25,63,0.11731062504702668,0.01633116696528192,583.7226964748183,0
25,64,0.11934207274575195,0.01639968818611054,579.1855460310652,0
25,65,0.12132495355459003,0.01649717835691602,572.2818741704369,0
25,66,0.12322576488107909,0.016641307935347672,567.2599374159503,0
25,67,0.12501387789920057,0.016833686295199556,562.7741179556549,0
25,68,0.12666659078520298,0.017063623711087557,559.3188365316223,0
25,69,0.12817466262954832,0.01731785652319266,557.8923133158268,0
25,70,0.12954719172708581,0.0175875798988758,555.7794387764455,0
25,71,0.13081423863285446,0.017868904435405914,553.0622862201844,0
25,72,0.13202527895466873,0.018160087471778705,549.9365768534403,0
25,73,0.13324188502873371,0.018460761931329357,542.4823597097181,0
25,74,0.1345248914493012,0.018774171425802646,533.968401651793,0
25,75,0.13591993896290447,0.019109221951221146,525.556089230518,0
25,76,0.13744766949367063,0.019479385345988743,518.1317192358432,0
25,77,0.13910220837993179,0.019898620849304577,509.6908715033747,0
25,78,0.1408566300877494,0.020376823793889092,500.70999807662855,0
25,79,0.14267176527344397,0.02091729510428243,491.8064743912483,0
25,80,0.14450524083753413,0.02151705226212228,483.2776139921261,0
25,81,0.14631900459128594,0.022168976845789112,474.56616435072425,0
25,82,0.14808457918732668,0.02286408040224896,465.7616368570963,0
25,83,0.14978579662368505,0.023592771904105116,457.22860075895744,0
25,84,0.15141911071965922,0.02434506773069801,448.9919457301192,0
25,85,0.15299199275890926,0.025110263090979336,445.1227226844333,0
25,86,0.1545202575043728,0.02587650730991282,442.8062542877591,0
25,87,0.1560251744765568,0.0266304453181691,440.7934659411328,0
25,88,0.15753088833125428,0.027356994428707183,438.70787836091773,0
25,89,0.15906228719951462,0.028039408224386664,435.3111706389682,0
25,90,0.16064321504538376,0.028659888689677115,431.0099059634693,0
25,91,0.1622947164594719,0.029201136306641555,426.203690742542,0
25,92,0.16403270432138933,0.029649291914027886,421.4456131309057,0
25,93,0.16586433009142473,0.029998321789651568,416.99296744664434,0
25,94,0.16778301720663072,0.030254771996844437,411.93775805574666,0
25,95,0.16976366333390996,0.03044056859595966,406.80818774246774,0
25,96,0.17176082629062367,0.030591416475985504,402.030027822163,0
25,97,0.1737123828835415,0.030750022322230276,397.6824083596049,0
25,98,0.17554906391816086,0.030956022897172947,393.5289911054623,0
25,99,0.17720766211203007,0.03123643054172552,389.77953290030473,0
25,100,0.17864394327602648,0.03160041010463921,386.3689104849662,0
25,101,0.17984099095619893,0.032040320751451745,383.7212922200757,0
25,102,0.1808099205874474,0.032538185997162176,381.62677333469145,0
25,103,0.1815825418502915,0.03307436448133906,379.44668168952876,0
25,104,0.18219917644774175,0.033634392602080995,377.5402443782823,0
25,105,0.18269734098787316,0.03421153728437135,375.69249221909286,0
25,106,0.18310564877851124,0.034805570834362545,373.90540007778066,0
25,107,0.1834431502593923,0.035420034834658796,372.15005915658287,0
25,108,0.18372162311235019,0.03605974590234026,370.40267739892,0
25,109,0.18394846871729156,0.03672902473647182,368.6424217915405,0
25,110,0.18412911437149496,0.03743048770941555,367.5985458702927,0
25,111,0.18426865655589128,0.038164244734705394,366.85923440994566,0
25,112,0.18437273543894991,0.038927510756275,366.1144947802815,0
25,113,0.1844476507993937,0.03971469952616472,365.3743854683253,0
25,114,0.18449976372226756,0.04051801687525191,364.6510583305434,0
25,115,0.1845343370166659,0.04132846426397377,363.95747736316986,0
25,116,0.18455411429020002,0.04213703718188707,363.29388848320536,0
25,117,0.18455803803618556,0.04293577405766554,362.7060166994877,0
25,118,0.18454044447446852,0.04371820243458001,362.1281031142048,0
25,119,0.18449073437743027,0.04447865767041415,361.5875017985246,0
25,120,0.18439289827843786,0.04520982470263497,361.0300735120023,0
25,121,0.18422353331959845,0.045897389607983285,360.4076088037196,0
25,122,0.18394616485350246,0.04650968033993501,360.5605367385108,0
26,0,0.0060953934212516,0.006828171819360087,730.504380306989,0
26,1,0.008189724602618603,0.005442357905021368,721.4776923172096,0
26,2,0.009685241237525377,0.005466105654215019,711.9389789469587,0
26,3,0.010895210876125707,0.005478673371390891,706.9329764967677,0
26,4,0.012088543005127449,0.005349993638684787,702.976823235397,0
26,5,0.01339032804234478,0.005143842209698805,693.0527226272616,0
26,6,0.014923861022509905,0.005001973862567817,679.1043616224388,0
26,7,0.016741499153527406,0.004995098182119817,664.4076575636964,0
26,8,0.01875302039118649,0.005067011877479198,650.5110789716903,0
26,9,0.0208319585343681,0.005126997485834472,638.7846019261694,0
26,10,0.022906068098610673,0.005158012057104775,629.7083900531093,0
26,11,0.024955792806503306,0.005188364839741016,623.2463221041322,0
26,12,0.026991420437922572,0.005228666054510513,619.5432728571184,0
26,13,0.029027460039789767,0.005269590102806819,618.6822426122615,0
26,14,0.031065758772475686,0.005311834006509757,620.5938494161577,0
26,15,0.033107356408761696,0.005358033651816414,625.5273573125259,0
26,16,0.03515224303062491,0.005398087515281883,622.3169158947944,0
26,17,0.0371906554841992,0.005411266270355417,628.7933784614503,0
26,18,0.03917973764014593,0.005381471444896789,639.03395772459,0
26,19,0.041021306592246363,0.005336058556235955,651.580866943636,0
26,20,0.0426099267124121,0.005364819930914021,660.5102358796872,0
26,21,0.043922231610132756,0.00553513956710285,660.1174631706776,0
26,22,0.045038372421196265,0.005852043138972479,651.0969576010874,0
26,23,0.046096459782702236,0.006298245720175528,637.5395192141818,0
26,24,0.04724457298742216,0.006846312056515121,623.6355423716622,0
26,25,0.04859224899957237,0.007445193827452344,609.4166148111689,0
26,26,0.050177972445488245,0.00802087502259128,598.1866110603805,0
26,27,0.05197510750687295,0.008500499515723521,589.3087402995003,0
26,28,0.05392093018128638,0.0088414304468499,578.2908330194874,0
26,29,0.055947070619310785,0.009044931017482175,577.2934258143147,0
26,30,0.0580012926132713,0.009145747888856944,569.7810558473574,0
26,31,0.06005626738426908,0.00918833621040018,561.9556743403724,0
26,32,0.06210481978630695,0.009207971262555351,555.1331423477847,0
26,33,0.06414865929951669,0.009223445155083769,550.3394378178639,0
26,34,0.06619069202953622,0.009238684056094768,547.9196970618364,0
26,35,0.06823359539690053,0.009251365553084203,547.5788904709124,0
26,36,0.0702788892181912,0.009266188113688468,549.3576286763399,0
26,37,0.07232395778055063,0.009303935199897468,554.3380717671666,0
26,38,0.07436011270280567,0.009398496816381061,561.400807141823,0
26,39,0.0763733443897749,0.00958330876741226,570.6919640493816,0
26,40,0.07834536127735463,0.009877003760320526,580.6847466352278,0
26,41,0.08025395720065713,0.010276421085191126,591.5855589136395,0
26,42,0.08207491408993857,0.010759549747505832,601.9122884451978,0
26,43,0.08378654693705061,0.011296253921085285,610.6666614582833,0
26,44,0.08537599668860388,0.011860577377976588,618.0489666232634,0
26,45,0.08684675232287505,0.012435623871462442,621.1856510819783,0
26,46,0.0882245674578181,0.013009338340260482,622.3100843747784,0
26,47,0.08955685874645693,0.013567495316126827,622.1556773960992,0
26,48,0.09090302439715096,0.014090569647684391,621.5105249049116,0
26,49,0.0923183657907476,0.014556823502409992,620.9527868783633,0
26,50,0.09383800002713562,0.014948984357185583,620.7967783107841,0
26,51,0.09546756805734169,0.015259242541894808,621.3002495249829,0
26,52,0.09718518311385951,0.0154894550146537,623.0277195466033,0
26,53,0.09895419785650199,0.015648366254898485,626.8436835877656,0
26,54,0.10074103350237663,0.015749869372699503,632.109426657969,0
26,55,0.10252956461465798,0.015813409022209752,638.5248644242641,0
26,56,0.1043249060680088,0.015863173337699325,643.3430346600262,0
26,57,0.10614539047228516,0.01592243250850186,644.2571140973878,0
26,58,0.10800943090371407,0.016004547098654332,638.6508575074694,0
26,59,0.1099264978960956,0.01610705397685344,626.062753768539,0
26,60,0.11189550296463545,0.01621413725223954,611.1019662036114,0
26,61,0.11390690820152587,0.016307436343645378,597.4121647373672,0
26,62,0.11594421956796294,0.016379654563969396,586.5654421135696,0
26,63,0.11798429660791143,0.01644230243699742,582.0226448439146,0
26,64,0.11999823831765351,0.01652136310801084,577.499990574894,0
26,65,0.12195377375787696,0.016643123126723548,571.3888667233499,0
26,66,0.12381887849135716,0.01682014285943058,565.4644997188475,0
26,67,0.12556635389194043,0.017047045829610846,562.5186917673796,0
26,68,0.12717910010263184,0.01730758145087962,559.084836136691,0
26,69,0.12865526812093142,0.0175856492045329,556.2905602623961,0
26,70,0.13001209156939686,0.017871617074662175,552.712297236411,0
26,71,0.13128688725612647,0.018161838373244872,549.3176427711636,0
26,72,0.1325333428971932,0.01845605333008833,546.1613735786959,0
26,73,0.13381181857721042,0.018757328194300153,538.6043465305081,0
26,74,0.13517527192560194,0.019074050519797315,530.0988951908967,0
26,75,0.13665639372797575,0.01942029883265158,521.8658183332035,0
26,76,0.13826183244020773,0.019812631963206772,514.0610032707232,0
26,77,0.1399747150213423,0.020264856645578984,505.7056290852259,0
26,78,0.14176234183426184,0.020783901890568505,496.9461453072163,0
26,79,0.14358521881744923,0.021368855394641957,487.9672187785487,0
26,80,0.14540500634369155,0.022012910698216107,478.95308651085924,0
26,81,0.14719042498911827,0.022706314279370372,470.05758301505523,0
26,82,0.14892090131113261,0.023438443408706888,461.385420489,0
26,83,0.15058797132653373,0.024198392039535443,452.9851620065332,0
26,84,0.15219464778891437,0.02497457445530877,445.2092398648704,0
26,85,0.15375327711456027,0.02575413364339767,442.51629487852097,0
26,86,0.15528266319131478,0.026522630523661408,440.30590739938776,0
26,87,0.15680518744891594,0.027264159215967903,438.37127087905446,0
26,88,0.15834435849918987,0.027961864834267176,436.1547634516986,0
26,89,0.1599229117659143,0.028598753098590356,432.7156963629533,0
26,90,0.16156133102924158,0.029158777836664856,428.13044738129673,0
26,91,0.16327633791114537,0.029628589028778386,423.34318966938633,0
26,92,0.1650784895678103,0.03000057672642674,418.84868710147055,0
26,93,0.16696808628329837,0.030277184434457895,413.6766987577574,0
26,94,0.16892980148824022,0.030474901320509482,408.4378413782877,0
26,95,0.17092840350358648,0.030625144456090124,403.550294783957,0
26,96,0.17290890892524735,0.030769887117600758,399.07249401126796,0
26,97,0.17480321654124523,0.03095245389423491,394.9104999011927,0
26,98,0.17654238349427115,0.031206752986202242,390.9266004649574,0
26,99,0.17807099473082835,0.031549416001306056,387.29883678346135,0
26,100,0.17935881797143882,0.031978132551775805,384.53451175477187,0
26,101,0.18040547889994135,0.03247661199749726,382.20114112088163,0
26,102,0.18123617691394192,0.033023522721597365,379.846789070386,0
26,103,0.18189025659150745,0.033600975536725704,377.92766437718046,0
26,104,0.18240818596688244,0.03419888518985342,376.0296263524456,0
26,105,0.18282282194106436,0.03481463813576109,374.1919486781734,0
26,106,0.18315691295854447,0.03545024231517196,372.3891576096438,0
26,107,0.18342479519563634,0.03610932247250535,370.59851222709096,0
26,108,0.18363541420802115,0.0367949666554521,368.80391429905984,0
26,109,0.18379499785383496,0.03750842430854717,367.2889805392477,0
26,110,0.18390885931218204,0.038248434340274994,366.5524574362361,0
26,111,0.18398230818482247,0.03901105952520249,365.8504726368051,0
26,112,0.1840207645035013,0.039789970483761615,365.15227376127586,0
26,113,0.1840292108864898,0.040577096114443996,364.4698793387904,0
26,114,0.18401118899427016,0.04136348406438599,363.8187659971352,0
26,115,0.1839676325722523,0.042140134607074026,363.25783528934636,0
26,116,0.18389586872043914,0.04289851212168218,362.70111927898296,0
26,117,0.1837890528080689,0.043630440201848475,362.23620101121935,0
26,118,0.18363612749801544,0.04432721674269797,361.80519190297804,0
26,119,0.1834222546432613,0.04497813454019672,361.4644418425081,0
26,120,0.18312985665118173,0.04556922983506188,361.32455960531627,0
26,121,0.18274109385168674,0.04608387648940547,361.1747410097549,0
26,122,0.182243658218671,0.046507586152995176,361.6507172130833,0
27,0,0.006296142692632253,0.006445424133710089,730.9853099630752,0
27,1,0.008478265642630574,0.005541854692378296,719.5525661512261,0
27,2,0.009886055862254302,0.005639530219425151,710.1568498075704,0
27,3,0.01103793280763017,0.005631652253230236,706.0139408496402,0
27,4,0.0122126201303362,0.0054645275763051185,702.5395240320698,0
27,5,0.0135149443075627,0.005223995497917429,691.7169658890159,0
27,6,0.015066745495886349,0.005066904602897556,677.8224432416898,0
27,7,0.016906867301173977,0.005059617827674206,663.1285090961242,0
27,8,0.018928185807581266,0.005134838190551468,649.3746231460393,0
27,9,0.021003444187088754,0.005196722586439541,637.8713196505032,0
27,10,0.02306889068515025,0.005229794654057603,629.1691860742258,0
27,11,0.025110988983257306,0.005261958596493236,623.2541344632725,0
27,12,0.02714083302662213,0.005302879878657359,620.1091752484883,0
27,13,0.029171418998914324,0.005344298027732955,619.7426561338407,0
27,14,0.031204230982998855,0.005387086296310942,622.2164556545449,0
27,15,0.03324009748221938,0.0054334081504676494,626.4772506103953,0
27,16,0.0352786785171123,0.005471963506432347,622.1021253727264,0
27,17,0.037310047265740005,0.0054827068601720165,627.0382875395019,0
27,18,0.039291928362928684,0.0054544563546292495,636.8559591463631,0
27,19,0.041127361845603644,0.0054212886175758505,648.7270598848987,0
27,20,0.04271214614206428,0.005471823485118625,656.3131668936486,0
27,21,0.04402798335532576,0.005667124713316248,654.9828670923787,0
27,22,0.04516429772141501,0.006009525391632169,645.4947067984599,0
27,23,0.046266513367674775,0.006480867319239946,632.0881246086387,0
27,24,0.047479592580075336,0.007048621168985347,618.4938976086178,0
27,25,0.04889786508659887,0.007653714100205242,604.4635795373605,0
27,26,0.05054299189339402,0.008217554435147918,596.568556752112,0
27,27,0.05237928856633296,0.008670096506890943,585.0121504363018,0
27,28,0.05434392864707117,0.008977933667886675,578.1438243270783,0
27,29,0.05637391372844068,0.009152823535305686,579.3960491733303,0
27,30,0.05842389511901699,0.00923556826828009,570.9915588394076,0
27,31,0.06047191565896334,0.009270522790049463,562.9294374305753,0
27,32,0.06251339508136211,0.009289273168133638,556.0880557676503,0
27,33,0.06455063673845945,0.009306459264223115,551.3534998381019,0
27,34,0.06658661890915493,0.009323064331192751,549.0301537629447,0
27,35,0.06862412643004566,0.009336077786014738,548.7800185181684,0
27,36,0.07066424702045067,0.009352505053265002,550.6664149411763,0
27,37,0.07270310417365963,0.009397286372601696,555.9494357380853,0
27,38,0.07473049173018267,0.009507571494364559,563.2899979508597,0
27,39,0.07673128817637292,0.009717184221353864,572.2769675221872,0
27,40,0.0786866142375658,0.01004254636048535,582.9404641543158,0
27,41,0.08057432309568069,0.010477046990056095,592.9981214785303,0
27,42,0.08237163548382474,0.010995115718224074,602.7127674934611,0
27,43,0.08406029011572237,0.011563686940367128,610.7913464419178,0
27,44,0.08563267634978734,0.012154709522297528,617.138496928903,0
27,45,0.08709841139910142,0.012749429084759189,621.3624501903198,0
27,46,0.08848841315360198,0.013333571322412696,622.1282595739217,0
27,47,0.08985197192217971,0.013890603788815861,621.7690434777112,0
27,48,0.09124550721012868,0.014399811663216988,621.131306572524,0
27,49,0.09271681351935895,0.014840714832543567,620.6909099359025,0
27,50,0.0942912991715214,0.015200019736286464,620.71050444427,0
27,51,0.09596617085168055,0.01547533438334779,621.5013609684939,0
27,52,0.09771552496811009,0.015673524652071585,623.5707873436515,0
27,53,0.0995043438879081,0.01580697389434949,627.0166337101723,0
27,54,0.10130488544058204,0.01589186786115993,632.7918300743564,0
27,55,0.1031075961624229,0.015948451735986035,639.1639704948399,0
27,56,0.10492131327909342,0.0159994120768263,643.3235848050796,0
27,57,0.10676382363646854,0.016063870552160096,642.8584759418709,0
27,58,0.10865017789970484,0.016149684182165665,635.3038496674609,0
27,59,0.11058624635466661,0.016249977743175794,621.4659908287329,0
27,60,0.11256858958459279,0.016347873663761704,606.6309269244078,0
27,61,0.11458639150339502,0.016428426158009733,593.4905594591366,0
27,62,0.1166221292831591,0.016491408851372995,584.8548728571059,0
27,63,0.1186516038954791,0.016555882102691537,580.3309301311243,0
27,64,0.12064530183428872,0.016651715569683867,575.814903823788,0
27,65,0.12257148150501827,0.016803181001935445,570.8659549745815,0
27,66,0.12440036245172975,0.01701625004489044,565.2588015112108,0
27,67,0.12610908943356366,0.017278066574368492,561.0091343589622,0
27,68,0.12768695424977672,0.017567182417345156,557.7036028245444,0
27,69,0.12913981564516874,0.017865358923309732,554.7933750763004,0
27,70,0.1304925951528679,0.018162883492804188,551.2151872171893,0
27,71,0.13178845581412163,0.01845731946960329,547.7667085593224,0
27,72,0.13308282221173137,0.018751272218740796,543.891101528107,0
27,73,0.1344316504882172,0.019052708239140053,534.9199633262136,0
27,74,0.13587732673264352,0.01937592685275324,526.0669536954065,0
27,75,0.13743879813112933,0.019739667962530735,517.9546282332617,0
27,76,0.13911018278837528,0.020161919496929238,509.8176363253079,0
27,77,0.1408665391127982,0.02065429192491242,501.2261422198032,0
27,78,0.1426726249646566,0.021219219313751845,492.34220608396726,0
27,79,0.14449124086616658,0.02185106004412667,483.3437785003711,0
27,80,0.1462896598835708,0.02253952858255116,474.39188061286274,0
27,81,0.1480439199718713,0.023272865225447352,465.60795743053393,0
27,82,0.1497411059352976,0.024039183439228264,457.0621215019763,0
27,83,0.15137971341877804,0.02482616169753528,448.77171658992825,0
27,84,0.15296829812648333,0.02562015788795095,442.4945429330585,0
27,85,0.15452292420294314,0.026405673861337988,439.9204728879264,0
27,86,0.15606414962258752,0.027165566508546922,437.8720850127506,0
27,87,0.15761421926737895,0.027881987023156148,436.01423255813035,0
27,88,0.15919485638918857,0.028537713629837525,433.3817656731153,0
27,89,0.16082573998855007,0.0291173839774548,429.97130029794243,0
27,90,0.1625234498627865,0.0296085263794384,425.26218614080585,0
27,91,0.1643001794405132,0.030003139339540234,420.68086670123245,0
27,92,0.16616103766405677,0.030300784234375707,415.4273613413325,0
27,93,0.16809920090753108,0.030512841685881146,410.0714613127589,0
27,94,0.17009013880646978,0.030665510296390284,405.1208079648592,0
27,95,0.17208835678297973,0.030798345321256873,400.46906503893575,0
27,96,0.17403025448692028,0.030956937078726574,396.2417050613903,0
27,97,0.17584415833038078,0.031181754205795647,392.2491084233752,0
27,98,0.17746505434261128,0.03149779176954758,388.44420868051657,0
27,99,0.17884908612790837,0.03190967637939612,385.24425366551253,0
27,100,0.17998246004831164,0.03240431325018918,382.58783235430275,0
27,101,0.18088111085496775,0.03295946170269781,380.6508291726766,0
27,102,0.18158117833093082,0.033553712427011495,378.2978501340623,0
27,103,0.18212500818727917,0.034173000572668276,376.3626449652944,0
27,104,0.18254967327837784,0.03481164695306291,374.4726425063909,0
27,105,0.18288207333544884,0.03546965800100143,372.6197979259373,0
27,106,0.18313959112033382,0.036149237049929034,370.7819169718106,0
27,107,0.18333308475950177,0.03685218848336489,368.9398337307563,0
27,108,0.18346986243770788,0.037578470924603154,367.09054562704773,0
27,109,0.1835557403384884,0.03832562323385178,366.2563179250211,0
27,110,0.18359609010185726,0.039088793277537,365.5724789701778,0
27,111,0.18359603506427366,0.03986118484468557,364.90889523549083,0
27,112,0.18356001455905693,0.04063475946715692,364.27420040363677,0
27,113,0.1834909774218187,0.04140101046979056,363.6898438399076,0
27,114,0.18338951035761897,0.04215161094055698,363.17181750075775,0
27,115,0.18325321684683174,0.042878763638857405,362.70766228529857,0
27,116,0.18307661255898566,0.04357518989693518,362.29218438844737,0
27,117,0.18285171787202903,0.04423392017447694,361.95688927440835,0
27,118,0.18256949046115364,0.04484836341862232,361.74123145105915,0
27,119,0.18222230480015597,0.04541338122199753,361.6652644732957,0
27,120,0.18180776775949067,0.04592806144910101,361.63982089320314,0
27,121,0.1813341437897554,0.04640057730755608,361.1229779200759,0
27,122,0.18082750794313981,0.046855118566209386,361.5721583158088,0
28,0,0.006627780553639094,0.006190543196113042,729.5292972762975,0
28,1,0.008779738791438228,0.005682024682879659,717.0530321688143,0
28,2,0.010073235413775326,0.005822425711190564,708.2874381466734,0
28,3,0.01117216815321641,0.005782404952919022,705.2385636623552,0
28,4,0.012333293942401487,0.0055742976649512405,701.7622512548047,0
28,5,0.013638616380905574,0.005299514983695214,690.0707974485806,0
28,6,0.015210619915272264,0.005129443833898171,676.5595611768655,0
28,7,0.017073445079596114,0.005123816253401204,661.8440605943662,0
28,8,0.019103331678079743,0.005203264617546565,648.2443840373367,0
28,9,0.0211739338848708,0.0052669940627115995,637.128988157668,0
28,10,0.023230594662952193,0.0053018746431624875,628.8643678964818,0
28,11,0.025265255522060777,0.005335668194629644,623.4038644802168,0
28,12,0.027289413117563787,0.005377170987078527,620.7603543232852,0
28,13,0.029314584462240723,0.00541906938562584,620.8984414889707,0
28,14,0.03134191452796109,0.005462359322493107,623.9467848155631,0
28,15,0.033372032685066215,0.0055087317896117816,626.4082957904828,0
28,16,0.03540432566545818,0.005545744087772963,622.0424771416706,0
28,17,0.03742885631377503,0.00555431013839541,625.3083024394193,0
28,18,0.03940411454077037,0.005528309995178098,634.6730083159413,0
28,19,0.0412344964737538,0.005508149924283601,645.6239047211243,0
28,20,0.04281739564147129,0.005580950446008156,652.3982910808313,0
28,21,0.04414011399690162,0.0058018604495433945,649.7665054009248,0
28,22,0.045301638242305604,0.006170822808524424,640.1601802836599,0
28,23,0.04645321239316858,0.006667905731811973,626.5506223215684,0
28,24,0.04773337485826775,0.007254159798189679,612.2137325775349,0
28,25,0.049219755634178415,0.007862385081000104,599.4367098977731,0
28,26,0.05091887157638358,0.008410628050304871,593.9828992587201,0
28,27,0.052788683301851144,0.008833382299805374,581.1289706747783,0
28,28,0.05476794818868254,0.009107646856609771,578.0628748562018,0
28,29,0.056799394312067084,0.009255528353984082,581.5778056528903,0
28,30,0.05884414297879072,0.009322644549258536,572.1126683299702,0
28,31,0.06088497467012363,0.009351986158575973,563.8902797336814,0
28,32,0.06291942883946458,0.009370941582221858,557.0605951662442,0
28,33,0.06495020048266321,0.009390110394262581,552.3864879241036,0
28,34,0.06698029318532363,0.009407879863973935,550.1507470099574,0
28,35,0.06901254639010226,0.009421060895527947,549.9843130293264,0
28,36,0.07104746545066214,0.009439579609885918,551.9800335480263,0
28,37,0.07307977294306059,0.00949283794251345,557.573583267178,0
28,38,0.07509775529385494,0.009621002889316926,565.2018136587715,0
28,39,0.07708534276810745,0.00985773380965129,574.4224053260066,0
28,40,0.07902330652458171,0.010216775103038303,584.4681610889957,0
28,41,0.08088991437369564,0.010687781697360068,594.3233132243497,0
28,42,0.08266436937458894,0.011241447200439288,603.160550909158,0
28,43,0.08433241039933694,0.01184165461416743,610.6490597130249,0
28,44,0.08589194330569684,0.012458173619666838,615.8713637037264,0
28,45,0.0873583821990705,0.013070265235273583,619.6589230175258,0
28,46,0.0887667740071575,0.013661325209667808,621.8580876317055,0
28,47,0.09016678261157651,0.014212674754649036,621.382099262793,0
28,48,0.09161045712984604,0.014703084901278434,620.7903843560298,0
28,49,0.09313742138259484,0.015114458570656445,620.4725591066237,0
28,50,0.09476377978060047,0.015438578271682461,620.6864277734173,0
28,51,0.09647966935437179,0.015678953639207165,621.6064102816893,0
28,52,0.09825691467235603,0.01584716923231489,623.2319171373796,0
28,53,0.10006341889019568,0.015958477503220565,627.3501152967115,0
28,54,0.10187747670460696,0.016030394155040928,633.5781591695795,0
28,55,0.10369519426843787,0.016082915944465967,639.715627406434,0
28,56,0.10552778059944537,0.01613633698047884,643.036160531728,0
28,57,0.10739158281428175,0.016205358309012603,640.9961319060528,0
28,58,0.1092982362456722,0.016292879523243986,631.4650606423934,0
28,59,0.11125051620623323,0.01638870160420606,616.800249475285,0
28,60,0.11324319224274353,0.01647613666675894,602.2909130731632,0
28,61,0.11526444890789032,0.016544783677300372,589.7501190713512,0
28,62,0.11729573967886911,0.016602072732496004,583.1559957256137,0
28,63,0.11931182552979015,0.01667413013136935,578.6441931991585,0
28,64,0.12128287767361909,0.016793105674597728,574.1259012911664,0
28,65,0.1231783110910527,0.016979281439345552,569.6223163838031,0
28,66,0.12497145116956782,0.017230708674297282,565.1953339039056,0
28,67,0.1266446911138976,0.017526814682161034,560.9284410025915,0
28,68,0.12819433690904802,0.017841503725164173,556.8872972556924,0
28,69,0.12963393150486366,0.018155204838463727,553.0859264249349,0
28,70,0.1309951674012663,0.01845905485078915,549.4754997216596,0
28,71,0.13232511296303312,0.018753130111382202,545.9542326693083,0
28,72,0.13367803945995527,0.019044567973348796,540.0738304280566,0
28,73,0.13510240185431807,0.019347600847733896,530.9447984048436,0
28,74,0.13662815747380802,0.019682626285721157,521.7771827994217,0
28,75,0.13826090790911416,0.02007175129807723,513.8478844975489,0
28,76,0.13998462165161135,0.020532170572874174,505.4351997857182,0
28,77,0.14176953853662852,0.021071189347249702,496.67157505945863,0
28,78,0.14358085971582535,0.021685631456280115,487.72171380608756,0
28,79,0.14538572040806944,0.022365199218543512,478.74728923930945,0
28,80,0.14715794992493816,0.023096873485124066,469.881087546887,0
28,81,0.14888095096795892,0.023867554905730483,461.2113843908075,0
28,82,0.15054891988634153,0.024664222935098852,452.77612944208755,0
28,83,0.15216641427878452,0.025472744222911063,444.5659596778566,0
28,84,0.15374642923848017,0.026276834271567583,439.77089149777805,0
28,85,0.15530751748609067,0.02705803924077397,437.38201629801506,0
28,86,0.15687071019036017,0.027796888233158335,435.5336359283202,0
28,87,0.1584568969624984,0.028474838229001903,433.42682817915147,0
28,88,0.16008501038187603,0.029076183196329,430.697364072929,0
28,89,0.1617710283959213,0.029589113956237312,427.1452179438987,0
28,90,0.16352741331833331,0.030006151658441615,422.53398014788377,0
28,91,0.16536191195805203,0.030325461347138996,417.1897665763655,0
28,92,0.16727417377724813,0.03055423410386693,411.73280101901526,0
28,93,0.16924981732448183,0.030712952803240764,406.68093652050425,0
28,94,0.17125447164454347,0.03083698738274465,401.9346246775901,0
28,95,0.1732323600265114,0.030972227499876732,397.67456811057775,0
28,96,0.17511271234999537,0.031164756835086207,393.56310947421684,0
28,97,0.17682340516590847,0.03144855598422105,389.69781486602324,0
28,98,0.17830743080817815,0.031836980706218244,386.10558030578045,0
28,99,0.1795360251845027,0.032322115682589074,383.55415943844616,0
28,100,0.18051308421892287,0.03288206185214003,381.0985070897444,0
28,101,0.18126882005095166,0.033492039934796054,378.85048754797515,0
28,102,0.1818458408399811,0.0341333598514802,376.6897160553474,0
28,103,0.18228510216165356,0.03479644045181086,374.73875666271573,0
28,104,0.18261805962449346,0.035478658465850015,372.82699688692514,0
28,105,0.1828657138918171,0.03618045104949206,370.9414126257933,0
28,106,0.1830413160560705,0.036902210089603024,369.06013000067117,0
28,107,0.1831536287216199,0.03764262228951459,367.1771088993725,0
28,108,0.1832093149374461,0.03839815379617352,365.95304366420214,0
28,109,0.18321420507226108,0.039163248171244565,365.28710681491333,0
28,110,0.1831736374052457,0.039930916889252106,364.6751675464244,0
28,111,0.1830921702398206,0.04069348984151313,364.0958227710581,0
28,112,0.18297298342954735,0.04144334067462753,363.5572280354912,0
28,113,0.18281729556911705,0.042173448368105194,363.05218050693867,0
28,114,0.18262410420035308,0.04287773683072714,362.6446120531393,0
28,115,0.1823904941915709,0.04355126421722525,362.2937008103338,0
28,116,0.1821126635331781,0.044190491343244584,362.0216162998462,0
28,117,0.18178771319989528,0.04479396257197909,361.8379275557183,0
28,118,0.18141614731999922,0.04536367863697068,361.73590731286527,0
28,119,0.18100493270923657,0.0459072056746899,361.64437962286723,0
28,120,0.18057088680774994,0.046440232456331144,360.9417184293967,0
28,121,0.18014405565186886,0.04698888008737102,360.269756378012,0
28,122,0.17977040985415668,0.04759039430329257,360.48189108928665,0
29,0,0.007099160910581025,0.006034259405157984,726.6748236379707,0
29,1,0.009078009019134652,0.005860865404269856,713.8885107781568,0
29,2,0.010243089356657267,0.006012125978890183,706.7910994623401,0
29,3,0.011298605705219665,0.005930408544820766,704.444842135414,0
29,4,0.012451079676468003,0.005679317718089653,699.5944888758088,0
29,5,0.013761617416700277,0.005370526270181007,688.4957498694524,0
29,6,0.01535566988559216,0.005189864580478994,675.2996761682878,0
29,7,0.01724125877293835,0.0051879251181267,660.59309745082,0
29,8,0.01927837480862038,0.005272374504259028,647.1485252658304,0
29,9,0.021343374864959897,0.005337781131101048,636.4336789111867,0
29,10,0.023391180645562525,0.005374219333610772,628.6386745057011,0
29,11,0.025418604512498912,0.005409485075925338,623.6430687909876,0
29,12,0.02743717087646358,0.005451536137941588,621.4934688316793,0
29,13,0.029456961801151003,0.005493899789428067,622.1612474594824,0
29,14,0.03147881236856789,0.0055376481204645325,625.7976397620689,0
29,15,0.03350316821576647,0.00558400673048656,626.3409584496653,0
29,16,0.035529205188116676,0.005619447197419174,621.984291203117,0
29,17,0.03754713166836433,0.005626112701099584,623.6311472006164,0
29,18,0.03951639653869328,0.005603070404996551,632.4999314654028,0
29,19,0.041342937672212976,0.005596693894697768,642.5138037320455,0
29,20,0.042926169735653434,0.00569234867377224,647.9264110654335,0
29,21,0.04425954798377722,0.005939694076765704,644.2708627725668,0
29,22,0.045451669303498116,0.006336388443461693,635.165714920609,0
29,23,0.04665746428386433,0.006859591956437856,621.4646351652442,0
29,24,0.04800575377866418,0.007462712607416532,606.8856242276086,0
29,25,0.04955679729213735,0.008070607987882568,598.3077555872211,0
29,26,0.05130420165854862,0.008599400432560134,589.8529143610936,0
29,27,0.05320215899588282,0.008989919542443854,580.2816934345351,0
29,28,0.05519230123572533,0.009230587431760699,578.045991269018,0
29,29,0.057223177557183445,0.009353429646197509,582.3078425353262,0
29,30,0.059261909623928334,0.00940745690323082,573.1758982729633,0
29,31,0.06129542211400998,0.009433077896955,564.7129732487314,0
29,32,0.06332294621276269,0.009453140756844274,558.0551218036984,0
29,33,0.065347391840716,0.00947442354467737,553.4388690940614,0
29,34,0.06737175302317631,0.00949309543955177,551.2808045912346,0
29,35,0.06939887483950063,0.00950632144246536,551.1918648859785,0
29,36,0.07142852014369971,0.009527572341085803,553.3000256665189,0
29,37,0.07345387930343925,0.009590951781952607,559.213329039414,0
29,38,0.07546177847728555,0.009739303132053607,567.0520375977621,0
29,39,0.07743540455965683,0.010005518729454812,576.1564218214877,0
29,40,0.07935544852796196,0.010400219848923635,585.84320823154,0
29,41,0.08120098156060303,0.010909079037975378,595.5696297940808,0
29,42,0.08295375905484523,0.011498884973947151,603.7756401774941,0
29,43,0.08460405428456086,0.012130320136711316,609.7474730793712,0
29,44,0.08615540792502657,0.012770845926517936,614.235409082638,0
29,45,0.0876284873965058,0.013397578921791232,617.284604904165,0
29,46,0.08906126546430233,0.013991524216393813,619.7233005054957,0
29,47,0.09050227535616524,0.014532190364787314,620.988682892174,0
29,48,0.09199799763189345,0.014998746553185003,620.4792942072811,0
29,49,0.09357952339296939,0.015376758980937943,620.305825808714,0
29,50,0.0952543351381207,0.015664115713258552,620.6159742803485,0
29,51,0.09700699716245155,0.015870424673612583,620.9133219622358,0
29,52,0.09880870949807154,0.01601137072967109,623.1107380426406,0
29,53,0.10063128575417105,0.016104101167637653,627.8486366969892,0
29,54,0.10245892338212996,0.016166453013482924,634.4035027530297,0
29,55,0.10429232586147542,0.01621723803574605,640.1448127571946,0
29,56,0.10614384554236746,0.016273736202302127,642.4357204552442,0
29,57,0.10802775405372943,0.016346265864149567,638.6092942282719,0
29,58,0.10995240878755957,0.016433475094809153,627.2160136620964,0
29,59,0.11191804891714918,0.016522896936148442,612.1599791664797,0
29,60,0.11391816177675648,0.01659918711602982,598.1023312669885,0
29,61,0.11594010613909825,0.016657537053060598,586.2036122314265,0
29,62,0.11796425161826277,0.016713470846326486,581.4665026112323,0
29,63,0.11996439288898954,0.016799412261451215,576.9584321829651,0
29,64,0.12191082787696189,0.01694790345407715,572.4280418654988,0
29,65,0.12377489445919095,0.017173211940521658,567.9056718836919,0
29,66,0.12553394799317527,0.017464339408231916,563.4645214168837,0
29,67,0.1271764653896038,0.017793014964843052,559.1919603738255,0
29,68,0.12870613641604473,0.01812920565003461,555.146410734725,0
29,69,0.13014373692676992,0.018452964825186685,551.3271115987344,0
29,70,0.13152628709253972,0.018757521833563592,547.6691067900579,0
29,71,0.1329023157616652,0.019047185776859064,544.0581023083172,0
29,72,0.13432183882433002,0.01933545770750252,536.1048694742238,0
29,73,0.1358231709957019,0.01964381444541647,526.7178541531581,0
29,74,0.13742307587243346,0.01999811115176535,517.8109813906012,0
29,75,0.13911535024185756,0.020421704384689238,509.57559219429794,0
29,76,0.1408768490103702,0.020928391284962006,500.9481415626451,0
29,77,0.14267625845932883,0.021519290962863907,492.07350060829384,0
29,78,0.14448173718443164,0.022185141327183067,483.10770831143304,0
29,79,0.14626612891655144,0.022911681401990177,474.1891821490377,0
29,80,0.14801016965550515,0.02368415285120977,465.42000712756874,0
29,81,0.14970428385025156,0.024488618938238508,456.856465272826,0
29,82,0.15134902822525897,0.025310698970886603,448.5080308948569,0
29,83,0.1529540194818347,0.026133789996211194,440.34385582541876,0
29,84,0.1545355123302518,0.02693841457800606,437.08468597169605,0
29,85,0.1561132593206266,0.0277032431328996,434.94810741888386,0
29,86,0.15770748027296702,0.028407497164387913,433.29333432540994,0
29,87,0.15933659017364918,0.029033801148734797,430.57416115291,0
29,88,0.16101594379486367,0.029570087138397018,427.89184842216105,0
29,89,0.1627574933540142,0.030009719903036993,423.7881545238806,0
29,90,0.16456972602161202,0.030350985707241554,418.8516354023182,0
29,91,0.16645624298640124,0.030598458748224134,413.3873986342678,0
29,92,0.1684111241654659,0.030767153812139698,408.2512995477738,0
29,93,0.17041166238614178,0.030886711470605316,403.46485021617,0
29,94,0.17241283073228894,0.031000854549239218,399.02675493442837,0
29,95,0.17434886230664656,0.031159471124176462,394.92254798859165,0
29,96,0.17614401875310925,0.03140552808006047,391.01541181938495,0
29,97,0.17772963568962333,0.031762903906357796,387.2615633964373,0
29,98,0.17906103946056984,0.03223138481122115,383.94475040224796,0
29,99,0.1801273329467857,0.03279134416379303,381.5224653326637,0
29,100,0.18094959243231815,0.03341522131086411,379.45195060391995,0
29,101,0.18156842345586696,0.034079115004867204,377.1083088858387,0
29,102,0.1820278927856889,0.03476852243215543,375.00940001320834,0
29,103,0.18236429255807224,0.03547734131746526,373.033230125777,0
29,104,0.1826028773961359,0.036203733058781835,371.08853593210284,0
29,105,0.1827598888903916,0.036946440333738464,369.16605890521015,0
29,106,0.18284601936100855,0.03770282636679211,367.28151576217107,0
29,107,0.18286918392541324,0.03846836857369753,365.64832611530557,0
29,108,0.182836080198635,0.039236998865084985,365.02487473515333,0
29,109,0.18275272805801174,0.04000181694624367,364.43641504213656,0
29,110,0.18262435911587405,0.04075587569321079,363.89173084114697,0
29,111,0.1824550314227418,0.04149286065265941,363.40035897751216,0
29,112,0.18224731489088064,0.04220758397783685,362.9560531819524,0
29,113,0.182002333628894,0.042896312518636105,362.56436552843445,0
29,114,0.18172034954711058,0.04355704756548043,362.24722043550423,0
29,115,0.18140193304527402,0.04418993567966723,361.9947263396422,0
29,116,0.18104962397298952,0.04479796936593501,361.80688409542523,0
29,117,0.1806698831601016,0.04538802091166933,361.65930122785306,0
29,118,0.1802751115291872,0.04597208625822834,361.426231986093,0
29,119,0.1798855683824247,0.04656845237979613,360.6500062636523,0
29,120,0.1795310876920234,0.047202350762514805,359.8919593197103,0
29,121,0.17925248280128211,0.047905534689977644,359.16500500840834,0
29,122,0.17910250873576083,0.048714341802707214,358.61728126421906,0
30,0,0.007680762186790795,0.005993574130046828,723.6461429243841,0
30,1,0.009349794674201183,0.006076304830094485,709.7707843468393,0
30,2,0.010394230256152265,0.00620605005704678,705.3336322564468,0
30,3,0.011418268741729114,0.006075413546163016,703.9112220166684,0
30,4,0.01256645544968063,0.005779617735719609,697.4907708241207,0
30,5,0.01388419851699346,0.005437153936548072,687.0125709733265,0
30,6,0.01550207136978138,0.005248446916652755,673.8545075385733,0
30,7,0.01741032171487484,0.0052521686203723175,659.2466077506905,0
30,8,0.01945322259825541,0.0053422364705416735,646.0849775862464,0
30,9,0.02151171529097219,0.0054090447951844565,635.8273273691324,0
30,10,0.02355065247140418,0.005446797619104117,628.4740240544742,0
30,11,0.02557104936485807,0.005483402032465307,623.9674335291941,0
30,12,0.027584116266844202,0.00552597224526626,622.3161300312688,0
30,13,0.029598556066368617,0.00556878494768755,623.537354836341,0
30,14,0.03161492765850976,0.0056129483637442105,627.7690939952964,0
30,15,0.033633511180559246,0.005659236407658285,626.2752330431043,0
30,16,0.035653339271720284,0.005693091165781898,621.9275726193877,0
30,17,0.037664925137272334,0.005698150183050486,621.9806948171413,0
30,18,0.039628884316692044,0.0056787768431467685,630.3365499432734,0
30,19,0.04145294368788097,0.0056869840506207645,639.3679570798411,0
30,20,0.043039044841384155,0.005806199794101642,643.4159874987172,0
30,21,0.0443873447709029,0.006081017383630681,639.7911041435996,0
30,22,0.04561571935838336,0.0065066765183109,628.9658841163003,0
30,23,0.04688001918145308,0.007056092452146995,615.1768066951349,0
30,24,0.048296316422319414,0.00767396821071366,601.8161257561204,0
30,25,0.04990771787202421,0.008277703327386032,598.1442024330054,0
30,26,0.051697577495219915,0.008783153628639113,584.8373614373077,0
30,27,0.0536186714689008,0.009139320596049572,579.4170298798862,0
30,28,0.05561638676499712,0.00934685858952861,578.0906105151097,0
30,29,0.05764498391086103,0.009446975913453703,582.5583803246795,0
30,30,0.05967710052654695,0.00949049710326156,574.1837848849252,0
30,31,0.06170325448704012,0.009514122206813006,565.4046236502276,0
30,32,0.06372398109033953,0.009536001705688746,559.0750723677786,0
30,33,0.06574225279717257,0.009559402774945323,554.5106476814008,0
30,34,0.06776103313979877,0.009578670096950063,552.4195545403196,0
30,35,0.06978312621489449,0.009591878290819283,552.402927003789,0
30,36,0.07180737852307313,0.009616676441486923,554.6282418177657,0
30,37,0.07382533035607192,0.009692030802102139,560.8718102601983,0
30,38,0.07582243806123966,0.009863016186045785,568.4259022208616,0
30,39,0.07778139254618952,0.010161116647794496,578.0081953172232,0
30,40,0.07968310230865501,0.010593421576944971,587.4083610303098,0
30,41,0.0815078617726018,0.011141408217646455,596.5440814912153,0
30,42,0.08324056827662236,0.0117677817486608,603.4522028164151,0
30,43,0.08487650068796387,0.012429823660847293,608.7854998847641,0
30,44,0.08642477548901509,0.013092508068642329,612.3201406946398,0
30,45,0.08791055070740342,0.013730640682290239,614.8692407433826,0
30,46,0.08937338737158873,0.014322877794711445,617.6406557865234,0
30,47,0.09085923976278555,0.014847466071107018,620.1157143106883,0
30,48,0.09240805440927177,0.015285124274147101,620.1998287224976,0
30,49,0.09404232402493137,0.015626465402696868,620.0427254786657,0
30,50,0.09576183565277438,0.015876356584583005,619.6262732887512,0
30,51,0.09754716068152725,0.016050342439102947,620.3300429509198,0
30,52,0.09937036952391538,0.016167263259180747,623.1493567505166,0
30,53,0.10120785222674561,0.016245048271898793,628.508549674016,0
30,54,0.10304927893883233,0.01630088658556881,635.232653487604,0
30,55,0.10489881302165151,0.016351649534157308,640.412670555908,0
30,56,0.10676889080649245,0.016411266738818375,641.4688545762194,0
30,57,0.10867131917635998,0.01648596821667609,635.6732501798351,0
30,58,0.11061146883297815,0.01657093387551452,622.6783220698686,0
30,59,0.11258762884520085,0.01665241169616496,607.5991507659929,0
30,60,0.114592442900568,0.016717481276972496,594.0941991568162,0
30,61,0.1166125029513617,0.016767926644882213,584.2644130210456,0
30,62,0.11862699371787026,0.016827636246551265,579.7833488995594,0
30,63,0.12060891941830386,0.016934227092055176,575.2689584652555,0
30,64,0.12252931652719291,0.017118463004453476,570.7157675832024,0
30,65,0.1243623352434206,0.01738658632081498,566.1657846119942,0
30,66,0.12609029852026418,0.017717666197901927,561.7034400493098,0
30,67,0.1277084546396528,0.018075986504068865,557.4179428053434,0
30,68,0.1292278957960548,0.01842844546410821,553.3585173999182,0
30,69,0.1306756690784503,0.0187559371982062,549.509005492529,0
30,70,0.13209213281144525,0.019055494952071848,545.7888356607162,0
30,71,0.13352443180361293,0.01933779853327536,541.856763924967,0
30,72,0.1350153043527648,0.019624461052412057,532.0499364398262,0
30,73,0.1365910985471431,0.01994445489758349,522.2707809494682,0
30,74,0.13825584128634552,0.020327438885770644,513.65693262106,0
30,75,0.13999404211229924,0.020795158647217774,505.1706640699312,0
30,76,0.1417788232271219,0.021355318188417134,496.38993259551006,0
30,77,0.1435803033982779,0.02200152342766788,487.4592432641949,0
30,78,0.1453714663379253,0.022718754507803876,478.51699850762,0
30,79,0.14713155136889122,0.023490021798239405,469.6741247553984,0
30,80,0.14884805156405076,0.024299843751279807,461.001850012985,0
30,81,0.15051780075996887,0.025133582667204342,452.5271996097607,0
30,82,0.15214684059200378,0.02597486554020304,444.2357794766518,0
30,83,0.15374876620958783,0.026803821180888126,437.1011253811412,0
30,84,0.15534184261341485,0.027597488684418574,434.4851565436966,0
30,85,0.15694569807513556,0.028332349441664153,432.66986932107244,0
30,86,0.15857850819079652,0.028988054935910928,430.9059535610188,0
30,87,0.16025526501535903,0.029550726338267167,428.0728712241691,0
30,88,0.16198724365316336,0.030013959139650527,424.78573381137886,0
30,89,0.16378241970011387,0.030377259493178745,420.3240676932115,0
30,90,0.16564580245658408,0.03064467635643886,415.05484446045824,0
30,91,0.16757723096667873,0.03082703916247114,409.8121718266173,0
30,92,0.16956476361309253,0.03094740989101858,404.9569749082067,0
30,93,0.1715761295348478,0.031044660712482953,400.3475090251114,0
30,94,0.17355477940386665,0.031169667712582432,396.2375432232374,0
30,95,0.17542585271100028,0.03137330704694001,392.25553365337834,0
30,96,0.17711181699467635,0.03169137018889461,388.4585023937597,0
30,97,0.1785521013597869,0.032134333444742876,384.8060747416653,0
30,98,0.1797185051245722,0.032687686698002934,382.41827419638156,0
30,99,0.18061931647995688,0.03332242046743411,379.9054607915886,0
30,100,0.18129010356842504,0.03400906815020322,377.71085843177696,0
30,101,0.1817766619797003,0.03472700116185881,375.42416326382414,0
30,102,0.1821201671200584,0.0354654873966489,373.2976813023607,0
30,103,0.18235079772467677,0.036219662241328276,371.3601784610891,0
30,104,0.18248851056067522,0.03698622521045067,369.3444832094778,0
30,105,0.18254652390443593,0.037761067002130284,367.3478613950331,0
30,106,0.18253449010221437,0.038538705977282144,365.3759967025979,0
30,107,0.18246041465275034,0.039312735833794805,364.75469059292703,0
30,108,0.18233145274944978,0.04007663067174832,364.2001138332478,0
30,109,0.18215401164224687,0.0408245300310382,363.68956976764014,0
30,110,0.18193358711038518,0.04155183582331578,363.2088816987841,0
30,111,0.18167468748514265,0.04225559497701182,362.80533483611055,0
30,112,0.18138108813413356,0.04293473901505578,362.46064559830256,0
30,113,0.1810565132114583,0.04359030541895727,362.16286420667734,0
30,114,0.18070568458094138,0.04422576262291207,361.8972275226431,0
30,115,0.18033556610689305,0.044847499491402855,361.6807516387224,0
30,116,0.17995661237638455,0.04546544722542893,361.4669833528535,0
30,117,0.17958390913303302,0.04609371174813715,361.00686254098343,0
30,118,0.17923821587707767,0.046751021522960755,360.08286467401274,0
30,119,0.17894700299608923,0.04746072572553274,359.27522321637844,0
30,120,0.17874552803069077,0.04825001072135775,358.62048020603766,0
30,121,0.17867780514765857,0.04914804366492773,358.1080174731429,0
30,122,0.1787972818167757,0.05018325535312244,357.78831792017274,0
31,0,0.008255479659979989,0.006088493261422308,720.0656671056232,0
31,1,0.009575244598639641,0.006321631449035714,706.6168204168566,0
31,2,0.01052832077486439,0.006402211722944666,704.0697777761783,0
31,3,0.01153224329241099,0.00621740387668213,703.4103190823106,0
31,4,0.012679844226806705,0.005875224036157267,695.6787055133086,0
31,5,0.014006591043097462,0.005499522504682578,685.5836381563208,0
31,6,0.015649992107306217,0.005305479485000071,672.4392327693182,0
31,7,0.017580634124918674,0.005316762729066222,657.911286385819,0
31,8,0.019627773176077893,0.0054129040540423475,645.0813761145682,0
31,9,0.021678905212589854,0.0054807383714388725,635.2783432471308,0
31,10,0.023709017501572744,0.005519580590092146,628.3866831307921,0
31,11,0.025722604606799128,0.005557413203465682,624.3708875635907,0
31,12,0.027730258947216115,0.005600476322278249,623.2365595413731,0
31,13,0.02973937200511357,0.005643720693487972,625.0237039683711,0
31,14,0.0317502637893171,0.005688256389360733,629.8708157016794,0
31,15,0.03376306960301124,0.00573442545796372,626.2111155422646,0
31,16,0.03577675161416398,0.00576669457171498,621.8723238560343,0
31,17,0.037782291706362804,0.005770457417713737,620.3892387214705,0
31,18,0.039741699176468075,0.005755470661980678,628.1716649144571,0
31,19,0.04156481043808262,0.005779098691320058,636.2193044941655,0
31,20,0.04315669567634292,0.005922724149137924,639.8735892889334,0
31,21,0.044524706681567314,0.006226267561553977,634.3801637002703,0
31,22,0.04579513498551689,0.00668213378268501,623.6996194540682,0
31,23,0.04712142709781942,0.0072574997371806765,609.7843805568604,0
31,24,0.04860439668729408,0.007887513130106914,599.8662291504473,0
31,25,0.05027112126997674,0.008482912649373706,594.9747079264448,0
31,26,0.05209762748775966,0.00896115957201319,583.0696922028793,0
31,27,0.054037275685556885,0.009281263689334964,578.5369650518552,0
31,28,0.056039687059633476,0.00945665715882965,578.1935179244003,0
31,29,0.058064583815394956,0.009536675670291886,582.8389247185779,0
31,30,0.06008965003448426,0.009572258185240155,575.1559366451302,0
31,31,0.06210848462686119,0.009595408877379677,566.2809379493743,0
31,32,0.06412257373807358,0.009619621790286016,560.1229549659547,0
31,33,0.06613482444481074,0.009645033682735381,555.601423107688,0
31,34,0.0681481643758446,0.00966455961876377,553.5661703308087,0
31,35,0.0701653099258755,0.0096777658135273,553.617956841068,0
31,36,0.07218399975755795,0.009707121686413005,555.9668803975868,0
31,37,0.07419402615464199,0.009796520764850741,562.4853940471951,0
31,38,0.07617961606598413,0.009992717167491243,570.3796145365749,0
31,39,0.07812325443861816,0.010325121955286436,579.3830153976496,0
31,40,0.08000638948078616,0.010796936685555434,588.7304693487541,0
31,41,0.08181098730043307,0.011385259510145936,596.8811236836779,0
31,42,0.08352568824765538,0.012048500258948928,603.3231889537983,0
31,43,0.0851511607426034,0.012740263151294435,607.5062316534924,0
31,44,0.08670183188826629,0.013422813300820114,610.2801937541032,0
31,45,0.08820637008112937,0.014068513959161567,613.4110286989129,0
31,46,0.08970449865030952,0.01465387304172029,617.8023338543785,0
31,47,0.09123826099688848,0.015156675926992802,618.7473506037866,0
31,48,0.09284036253374092,0.015560567419102932,619.0574295803224,0
31,49,0.094524913671928,0.015862627708827515,618.902796325115,0
31,50,0.096285144166618,0.016075324855414155,618.7627787214761,0
31,51,0.098099244748749,0.016219559738080976,619.927841411107,0
31,52,0.09994144603675376,0.01631608575270407,623.3592028968892,0
31,53,0.10179304647874349,0.016382450510120394,629.3075831371366,0
31,54,0.1036485135745946,0.01643435122453981,636.0161865003907,0
31,55,0.10551433003578249,0.016486193334088486,640.4592894099487,0
31,56,0.10740215866825784,0.016548495322438246,640.072900290599,0
31,57,0.10932117897807715,0.01662388342105483,632.1929179947493,0
31,58,0.11127418556729557,0.016704855545501492,618.0082210260744,0
31,59,0.11325810683172749,0.0167772656244129,603.1696983905687,0
31,60,0.11526509151742932,0.016831665005311084,590.269074569136,0
31,61,0.11728090386929747,0.016877411315534285,582.5793892531584,0
31,62,0.11928343841092735,0.016946817988999476,578.102702018528,0
31,63,0.1212452385779606,0.017081195728090765,573.5703376403928,0
31,64,0.12313887508633015,0.017307093344765483,568.9828269905905,0
31,65,0.12494228956470088,0.017620807242341826,564.3959785936289,0
31,66,0.12664365720999723,0.01799086000225783,559.9049017473108,0
31,67,0.12824544326829188,0.01837454894723453,555.5986684330344,0
31,68,0.12976570721758526,0.01873678105488604,551.5158631780505,0
31,69,0.13123623513094562,0.019060947765674966,547.6245763458514,0
31,70,0.13269822286213573,0.019350202217819305,543.8289003641949,0
31,71,0.13419437643734752,0.019624019521581708,537.4744725640771,0
31,72,0.1357575666464954,0.019913414139475453,527.538087615839,0
31,73,0.13740145389053834,0.020254033568964883,517.6969213452455,0
31,74,0.1391190002958266,0.020676597146739552,509.3447186495485,0
31,75,0.14088865983587204,0.02119786032006913,500.6670371870497,0
31,76,0.1426832116046718,0.021817030410344464,491.79129433227104,0
31,77,0.14447665012983418,0.02251973973573875,482.85063849313633,0
31,78,0.14624789602394725,0.023286402965926777,473.95965817036256,0
31,79,0.14798263422999103,0.024098883581647374,465.20022855337,0
31,80,0.14967459951053913,0.02494173445926425,456.6144847706239,0
31,81,0.15132627290836762,0.02579922125627913,448.2040765093716,0
31,82,0.15294823625495285,0.02665198087810499,439.9359775404128,0
31,83,0.15455691327066945,0.02747614324836813,434.30967504047914,0
31,84,0.15617126869051232,0.02824549258977676,432.0298947111249,0
31,85,0.1578094836541091,0.028935784100849942,430.5395551964931,0
31,86,0.15948657202958835,0.029529520777521856,428.0129573190952,0
31,87,0.16121339555480946,0.03001884487483451,425.44286394347444,0
31,88,0.16299699711150487,0.030404526845617234,421.51440912374875,0
31,89,0.16484184623769696,0.030692220514611884,416.6792096994625,0
31,90,0.166750279716473,0.030891014854926055,411.37041718174356,0
31,91,0.1687186071061062,0.031017813025531884,406.4526597440864,0
31,92,0.170727786470835,0.03110429286181615,401.8398479479509,0
31,93,0.17273423871818847,0.0311986317161441,397.65059139448744,0
31,94,0.17466925569967012,0.03135703658978643,393.66203974388594,0
31,95,0.17645073783819157,0.03162753894039289,389.663716925991,0
31,96,0.1780036398607046,0.03203440382702855,385.890585049825,0
31,97,0.17928057335125802,0.03257215616195915,382.90068063219496,0
31,98,0.18027306199093995,0.033212847361615824,380.3661473606905,0
31,99,0.18100770192725762,0.033921655745713084,378.1285950244636,0
31,100,0.18152979255082893,0.03467050785870601,375.87100701492,0
31,101,0.18188504041097572,0.03544249316322235,373.6698888296846,0
31,102,0.18210919982123197,0.03622861402147637,371.52646726076335,0
31,103,0.1822268085547656,0.0370228938481447,369.4363245953655,0
31,104,0.18225436376549436,0.03781945539600612,367.3902330368606,0
31,105,0.18220385677799333,0.03861180753613631,365.39477532332904,0
31,106,0.1820851076462374,0.03939334943379372,364.48265938573184,0
31,107,0.18190688429667864,0.04015821827617204,363.9512243104632,0
31,108,0.1816772664562211,0.04090201019530613,363.4770984942585,0
31,109,0.1814037179598032,0.04162221855679746,363.04789602826213,0
31,110,0.18109320674303164,0.04231841889770941,362.6610691074262,0
31,111,0.18075255324909184,0.04299231658430421,362.3156250780454,0
31,112,0.18038902141374644,0.04364778917556801,362.0243706155347,0
31,113,0.1800110366486492,0.04429102021637235,361.74739117102666,0
31,114,0.1796288787382759,0.04493075530140875,361.4694365036539,0
31,115,0.1792552693116687,0.04557863787370828,361.1506234126148,0
31,116,0.17890590785898264,0.04624951673335291,360.47704033542635,0
31,117,0.17860011480451413,0.04696155815019789,359.4523863673959,0
31,118,0.17836171719889762,0.04773591627629013,358.74357017476615,0
31,119,0.17822009064390226,0.04859559378265319,358.3300061930924,0
31,120,0.17821088590267165,0.04956306480294519,357.8476214196029,0
31,121,0.17837575974822692,0.050656589129412885,357.2707319396478,0
31,122,0.1787609926487493,0.05188621556593176,356.91481161789966,0
32,0,0.008711729983661518,0.0062952045998717005,715.1716988740698,0
32,1,0.00975109227382114,0.006588618080557703,704.3456272607799,0
32,2,0.010648895236613573,0.006599801830140872,702.9693456786995,0
32,3,0.011641447312304723,0.006356514633832369,702.9098217090741,0
32,4,0.012791615395772279,0.005966145479559561,694.103533398728,0
32,5,0.014129009643164811,0.005557758657833247,684.1760755376163,0
32,6,0.01579959296492131,0.005361260969412557,671.0225108252124,0
32,7,0.017752182758953333,0.005381914156557851,656.6030577735704,0
32,8,0.01980191556939263,0.0054844153451379905,644.1431774023181,0
32,9,0.02184489760003941,0.005552808082437956,634.7816924084864,0
32,10,0.023866286844932614,0.005592542172121008,628.3930574890575,0
32,11,0.025873285647654815,0.005631514022422011,624.8605881050571,0
32,12,0.02787560817823549,0.005675045421182721,624.255104064968,0
32,13,0.02987941408436314,0.00571870301538356,626.6308418640525,0
32,14,0.03188482443400739,0.0057635692163306,630.4323288242231,0
32,15,0.03389185243380901,0.005809579648200806,626.1486032006798,0
32,16,0.035899467484563075,0.005840276116605456,621.8185442795046,0
32,17,0.03789929003622048,0.005843068643327254,618.8548069593791,0
32,18,0.039854975928218336,0.005833196335668544,626.049334558099,0
32,19,0.0416788796951125,0.005873134040154068,633.0798570564531,0
32,20,0.04327991385973917,0.00604218620779764,635.4674537543997,0
32,21,0.04467298192936937,0.006375927045005933,629.8313644402169,0
32,22,0.04599123818205116,0.006863189762278287,617.9648203259957,0
32,23,0.04738199688167907,0.007463822206806672,604.7255344988024,0
32,24,0.048929075719541686,0.008102825338278965,599.7846213933784,0
32,25,0.05064551798689651,0.00868540216632922,590.5115171612941,0
32,26,0.05250304121955122,0.009132695366453747,582.2632547349301,0
32,27,0.05445713297664958,0.009415509824175518,577.6433232957214,0
32,28,0.0564617621489895,0.00956027933381753,578.3507789264772,0
32,29,0.058481792179691745,0.009623090430042903,583.1437448240501,0
32,30,0.060499518432911285,0.009653222966913266,576.1114233402049,0
32,31,0.06251113930807382,0.00967718705001688,567.2520377100954,0
32,32,0.06451876854057269,0.009704065603779757,561.200379865078,0
32,33,0.06652514564984399,0.009731286314333539,556.7104567056928,0
32,34,0.06853317350245224,0.00975071901481087,554.71981572168,0
32,35,0.07054543056717257,0.00976403730737893,554.837661701637,0
32,36,0.07255833475385362,0.009799178598545575,557.3185284249073,0
32,37,0.07455986109007105,0.009904911872748754,563.8254132581635,0
32,38,0.07653320385609945,0.010129011723793945,572.3736705313728,0
32,39,0.07846097336914455,0.01049814689946442,581.3698131521022,0
32,40,0.08032549955293806,0.011011342470291374,589.7660248554722,0
32,41,0.08211089434635341,0.011641149466855225,597.2169763070344,0
32,42,0.08381014405285557,0.0123414073827967,602.7262077638217,0
32,43,0.08542957534289938,0.013061668578927127,606.0100233150688,0
32,44,0.08698842554590805,0.01376124901914159,609.6152012175837,0
32,45,0.0885176888258516,0.014410027408666187,615.4615597519429,0
32,46,0.090055793856006,0.014982776064394222,617.2209134943317,0
32,47,0.09163971371314304,0.015457887595166869,617.0064995819677,0
32,48,0.09329447519087361,0.015823504501413146,617.7656341305194,0
32,49,0.09502628391044861,0.01608455117918787,617.8679079577171,0
32,50,0.09682313044545077,0.016261365969776932,618.0071752044328,0
32,51,0.09866241663372737,0.016379161820323094,619.6696003932731,0
32,52,0.10052156832602484,0.01645912714925487,623.7830387097704,0
32,53,0.10238679360935038,0.01651732026365735,630.2059493930619,0
32,54,0.1042564974951304,0.016567304888248698,636.6961355372525,0
32,55,0.10613840468797234,0.016620748531426775,640.2309980615936,0
32,56,0.10804276794839451,0.01668494028569415,638.1675552766719,0
32,57,0.10997617771564293,0.016759505229203844,628.2140736990167,0
32,58,0.11193934995732482,0.01683498485578074,613.3123449625674,0
32,59,0.11392842350831359,0.016897642399182167,598.9025164097917,0
32,60,0.11593529090619127,0.016942572401461343,586.6501898144611,0
32,61,0.11794470889127913,0.016987682271958293,580.9025494635974,0
32,62,0.11993322300749652,0.01707349165658912,576.4198727064183,0
32,63,0.12187345252141227,0.01724304841241195,571.8563139727693,0
32,64,0.12374047915571594,0.017516024106845184,567.2221852686217,0
32,65,0.12551704993528087,0.017877017340085306,562.5887787403839,0
32,66,0.1271979375314006,0.018283655049338828,558.0610452265149,0
32,67,0.12879292034331713,0.018686897789760286,553.7262757842585,0
32,68,0.1303260424380269,0.019051083190555314,549.6113933789679,0
32,69,0.13183170490812052,0.019364434341673155,545.6681624663147,0
32,70,0.13334903001163104,0.01963919748230751,541.7850518683127,0
32,71,0.13491329369223293,0.01990604534926264,533.0708143206282,0
32,72,0.136545717163701,0.020205748198193218,522.8597850594966,0
32,73,0.13824784530039566,0.02057845436290848,513.4835414290878,0
32,74,0.14000431691277582,0.021052197195366763,504.9071423534752,0
32,75,0.1417911385239711,0.02163522009523945,496.097725092362,0
32,76,0.14358380713331464,0.02231656062200565,487.1785846036916,0
32,77,0.14536188083791474,0.02307452816264625,478.2631075023647,0
32,78,0.14711054130914464,0.02388695133237607,469.43889803200466,0
32,79,0.14882145154726528,0.024736168784826797,460.75959626415937,0
32,80,0.150493867933077,0.02560696625536032,452.24143090855523,0
32,81,0.15213510755816287,0.026481491778944762,443.8653097994335,0
32,82,0.15375930127292262,0.027336182969384618,435.5852045218023,0
32,83,0.1553844769697338,0.02814279915034464,431.61911723005005,0
32,84,0.15702894256614405,0.028872878240297814,429.7784402579948,0
32,85,0.1587081586493637,0.029503775116203296,428.238888226212,0
32,86,0.16043304376378137,0.030023782217536123,425.45917345414966,0
32,87,0.16220993293069189,0.03043338109821952,422.4450639255051,0
32,88,0.16404189933667881,0.03074105385685591,418.10357119795316,0
32,89,0.1659308327809921,0.030957464233623853,412.96569788397755,0
32,90,0.1678773840713713,0.03109561084319186,407.94145017275696,0
32,91,0.16987406515332326,0.031178794890668465,403.3013962281652,0
32,92,0.17189275264177498,0.031248438942228812,398.91425250096324,0
32,93,0.17387644602446678,0.03136185267485793,394.9526247199683,0
32,94,0.17574430690040402,0.03157778112038127,391.04570406706256,0
32,95,0.17741015275071828,0.03193668634262408,387.14123399665806,0
32,96,0.1788067716815178,0.032446997011765386,383.83807891455655,0
32,97,0.17990493226630175,0.033086029223621215,381.111153495758,0
32,98,0.18071731511528072,0.03381496629251675,378.58319849627236,0
32,99,0.18128533513504336,0.03459708505158388,376.22755875718485,0
32,100,0.18165822091015332,0.03540725959941856,373.9203519366873,0
32,101,0.1818778399941469,0.036230719900953764,371.68119677365354,0
32,102,0.18197433309319147,0.03705780415925022,369.51236142089715,0
32,103,0.18196844355435468,0.03788033968507829,367.41097524747533,0
32,104,0.18187528302751776,0.03869064722047237,365.3806536842269,0
32,105,0.1817071121130909,0.03948202414118134,364.2079489841923,0
32,106,0.1814748548954327,0.040249561114912125,363.7137801864175,0
32,107,0.18118879132332072,0.04099070183053923,363.2564711109677,0
32,108,0.18085888869503067,0.041705407387747834,362.85412098456027,0
32,109,0.18049506407380791,0.04239602592069636,362.4958607905304,0
32,110,0.18010749051776945,0.043067040684377035,362.16677653399216,0
32,111,0.17970691950890327,0.04372485307553651,361.8562698357674,0
32,112,0.17930492574262272,0.04437770971958485,361.547234163059,0
32,113,0.17891401972671625,0.045035819415110506,361.18748085096286,0
32,114,0.17854770406268053,0.045711616118377194,360.71842557446223,0
32,115,0.17822069199234072,0.04642001208293207,360.0378953795358,0
32,116,0.17794952895793836,0.047178378717386026,359.31632294790126,0
32,117,0.17775364766482984,0.04800590371588558,358.77225668856204,0
32,118,0.17765646328711962,0.04892188331054623,358.2879171211428,0
32,119,0.17768570215730004,0.049942519657162454,357.74980552927326,0
32,120,0.17787211898452646,0.05107621296861842,357.1340471017584,0
32,121,0.17824620065716534,0.05231813007589106,356.4239970817215,0
32,122,0.17883269110595415,0.053645089375253155,356.00157964413444,0
33,0,0.009029603896318546,0.006604846385352502,708.1614510810205,0
33,1,0.009887180864907936,0.00687306669656355,702.3549053465175,0
33,2,0.010759324843652685,0.006799081762142086,701.8612920862879,0
33,3,0.01174655506564836,0.0064929524840315715,701.013206818795,0
33,4,0.012902097683289739,0.006052366107853234,692.5923110284198,0
33,5,0.014251654835229683,0.005611994249108013,682.8821796762336,0
33,6,0.015951029209258175,0.005416101456731411,669.6667412602567,0
33,7,0.017924940360895206,0.0054478190558066445,655.3327492534123,0
33,8,0.01997552992691046,0.005556792640816602,643.2455806288086,0
33,9,0.022009649455318834,0.005625193727432207,634.3787514902657,0
33,10,0.024022475499646416,0.005665659784484623,628.4655194140175,0
33,11,0.026023108514361185,0.005705701108841454,625.4406499497169,0
33,12,0.028020172741835984,0.0057496765725185235,625.3873069452382,0
33,13,0.030018686520561652,0.005793728090948949,628.3564148501792,0
33,14,0.03201861358821098,0.005838884557134838,630.3592675904451,0
33,15,0.03401986956300299,0.005884705803639157,626.0876943167336,0
33,16,0.03602151380858453,0.005913854516404158,621.7662296517053,0
33,17,0.03801598306938384,0.00591601776394031,617.3811943506729,0
33,18,0.03996886558452522,0.005912002677511487,624.0794423526688,0
33,19,0.04179554914788899,0.005969207944493842,630.4898522185679,0
33,20,0.04340962852296476,0.006164900376041239,631.0769524582811,0
33,21,0.044833661249682265,0.006530522162032043,624.3079481874789,0
33,22,0.04620527647409455,0.007050245872167235,612.7799720308918,0
33,23,0.047661757899409914,0.00767497289533864,601.3166058559809,0
33,24,0.049269190093649703,0.008319267681033127,599.6723521922106,0
33,25,0.05102936129131674,0.008884269013201638,585.7000340047159,0
33,26,0.05291259660599491,0.009297061606872822,581.4365583727645,0
33,27,0.054877514071371876,0.009541919788817573,576.7377834225131,0
33,28,0.05688224220101752,0.009658123666550292,578.5576908762966,0
33,29,0.058896462998387134,0.009706824979626515,583.4668101502835,0
33,30,0.06090668934861486,0.009733851792941848,577.0683114330834,0
33,31,0.06291125687001971,0.009759660174024149,568.2572949316983,0
33,32,0.064912611854365,0.009789367205728507,562.3088344444269,0
33,33,0.06691325196354789,0.00981811834198576,557.8367439232503,0
33,34,0.06891608326240733,0.009837104918650847,555.8796877958404,0
33,35,0.07092348822785632,0.009850768685244286,556.0630477327165,0
33,36,0.07293032617330582,0.009893162858945008,558.6862047094777,0
33,37,0.07492272565399254,0.010017740129842719,565.2363118233264,0
33,38,0.07688310685996545,0.010272535582152794,573.4853504246472,0
33,39,0.07879457523331536,0.010680823756963454,582.6972491695308,0
33,40,0.08064069872282023,0.01123724367323811,590.4575286752406,0
33,41,0.0824082317936173,0.011909624990517198,597.219956912135,0
33,42,0.08409510018479434,0.01264686317826416,601.4110473688878,0
33,43,0.08571340999025806,0.013393968971905661,605.9918339006783,0
33,44,0.08728644544562247,0.014107096914324834,611.0385706903382,0
33,45,0.0888461653006985,0.014753752665374511,616.1363674195092,0
33,46,0.0904282821642357,0.015307643461610423,615.1822658946809,0
33,47,0.09206375919909474,0.015749106997971853,615.4190202444662,0
33,48,0.09376977357173616,0.016072505969475993,616.6141550138335,0
33,49,0.09554534255429005,0.016291849119998286,616.9289476386433,0
33,50,0.09737468514519355,0.016435158125331025,617.3924464222342,0
33,51,0.0992359286342459,0.016530427348528436,619.5776174787471,0
33,52,0.10111042920819538,0.01659766577860599,624.3888611621021,0
33,53,0.10298899340118581,0.016650509106484582,631.1600446929838,0
33,54,0.10487298798556717,0.01670000598476609,637.2350482834304,0
33,55,0.10677042336178005,0.01675506248254204,639.678622077515,0
33,56,0.10868973343670599,0.01682011274218936,635.6926084899883,0
33,57,0.11063512886180335,0.016892429563117678,623.8427539638506,0
33,58,0.11260580105189423,0.016961212996274695,608.6831446313714,0
33,59,0.11459763223279185,0.01701388050916414,594.8083825423662,0
33,60,0.1166023668612706,0.017051231264642246,583.6600514329169,0
33,61,0.1186034649829852,0.017100685343657596,579.230570453747,0
33,62,0.12057617789310054,0.01721037162013098,574.7292270314543,0
33,63,0.12249399356731057,0.017422606244874586,570.1197180951937,0
33,64,0.12433563590037595,0.01774736266871149,565.4259302493546,0
33,65,0.12608962572398988,0.01815603080400839,560.7358883723375,0
33,66,0.12775783280868186,0.018595228350748137,556.1635573022115,0
33,67,0.1293569862614575,0.019010453665645327,551.7932964205377,0
33,68,0.13091551753027741,0.01936748529987529,547.6393716378203,0
33,69,0.13246775393298202,0.019662643992767227,543.6358068423416,0
33,70,0.1340475934551792,0.01992078846417694,539.1983470170599,0
33,71,0.13568030674383394,0.02018565812780728,528.5925774241811,0
33,72,0.1373748462861862,0.020506680462544287,518.0339576073333,0
33,73,0.13912255395948736,0.02092483808340014,509.11987540288874,0
33,74,0.14090327744547562,0.021461019966405377,500.3781573463697,0
33,75,0.14269417488938985,0.02211180314672797,491.4929044524106,0
33,76,0.1444758843425997,0.02285554635362271,482.5724332018285,0
33,77,0.14623431713902574,0.02366511860004317,473.7051117556752,0
33,78,0.14796050772763136,0.024518295735113087,464.9513355828202,0
33,79,0.1496512962377946,0.025399150234756182,456.339182986058,0
33,80,0.15131070380429743,0.026292056653022377,447.8630409480335,0
33,81,0.1529500858893012,0.02717542364826233,439.48815057648244,0
33,82,0.15458607185666184,0.028020358249476362,431.59762754982546,0
33,83,0.15623698363295976,0.02879458914815181,429.114519598738,0
33,84,0.15791909733286974,0.02946941186090734,427.7575832842496,0
33,85,0.1596439867240806,0.03002692983637456,425.2688783822415,0
33,86,0.16141779987009622,0.030464354879687374,423.0057306828224,0
33,87,0.1632423351271185,0.030792102715347068,419.26447495675126,0
33,88,0.16511744197357067,0.03102548454942651,414.5088016166397,0
33,89,0.1670438120963747,0.03117794053951057,409.41375494300655,0
33,90,0.1690213272494688,0.031265474919125985,404.710262053301,0
33,91,0.17103746264267103,0.03131921758736389,400.24410630671963,0
33,92,0.17305195347884383,0.03139197521963742,396.21294270385846,0
33,93,0.17499227551479263,0.031549265634518354,392.3161486907936,0
33,94,0.17676669684940566,0.03184824927184682,388.4816908191508,0
33,95,0.1782896361651322,0.03231630809660909,384.70573274904484,0
33,96,0.1795077918247856,0.03294229801973259,381.86349985944935,0
33,97,0.18041401470234766,0.03368684364926004,379.0684071554489,0
33,98,0.18104084764647332,0.034504042821257165,376.6241523517473,0
33,99,0.18143895060731857,0.03535801369113416,374.1898463288685,0
33,100,0.18165654843993465,0.03622578468250879,371.83831287329895,0
33,101,0.18173056994002978,0.03709238828253132,369.5736766443447,0
33,102,0.1816872754789775,0.03794644512322794,367.4032146651956,0
33,103,0.18154596414638524,0.03877869737049386,365.29939087470575,0
33,104,0.18132216931592646,0.03958234827880659,363.9395326183021,0
33,105,0.18102963354401289,0.040353743183639705,363.4746160376262,0
33,106,0.18068141969662732,0.04109263547164738,363.0491577083945,0
33,107,0.18029055173875289,0.04180191602181974,362.6686916113525,0
33,108,0.1798703758885026,0.042487010129379055,362.31238222840943,0
33,109,0.17943468937800908,0.04315520791992637,361.98712792861363,0
33,110,0.17899763561606485,0.04381513544678858,361.66369943867346,0
33,111,0.17857338431192826,0.044476515541249914,361.3099902430181,0
33,112,0.17817569299323838,0.0451503117660855,360.89075872121356,0
33,113,0.1778175830636864,0.0458492010062354,360.3937605150671,0
33,114,0.1775114902501437,0.04658805808791782,359.81465294134176,0
33,115,0.17727017001406026,0.04738390116338232,359.2769427814866,0
33,116,0.1771081803364663,0.048254734138183875,358.7551633548984,0
33,117,0.17704310782673058,0.04921696362151482,358.24178592823864,0
33,118,0.17709545219908715,0.05028139149429262,357.6754672196242,0
33,119,0.17728653638300107,0.05144816715058286,357.0358745613012,0
33,120,0.17763433322202224,0.052701578227329585,356.3185112219207,0
33,121,0.1781467170353346,0.05400562390255218,355.53331785086044,0
33,122,0.17880943654999976,0.05529992327953947,355.05411297185935,0
34,0,0.009217009704796051,0.007041579511646535,702.5957599315119,0
34,1,0.009995484953728314,0.007172197417195288,700.4529653323116,0
34,2,0.010861882127449717,0.007001079309475882,700.7530755023719,0
34,3,0.011848040398512383,0.006626954223722872,698.950140549108,0
34,4,0.013011593417073804,0.0061338419223817,691.120817254735,0
34,5,0.01437471465084807,0.005662369746954275,681.5700415859391,0
34,6,0.016104451763887397,0.005470323653606121,668.2986856125178,0
34,7,0.01809886489618153,0.0055146614224603685,654.0827381665066,0
34,8,0.02014848782642693,0.00563004215066434,642.4251307210646,0
34,9,0.022173122998277364,0.005697829437155586,634.0431006111331,0
34,10,0.024177602400748125,0.005738915013130526,628.6131796770046,0
34,11,0.026172089562697776,0.0057799720982409895,626.1132818052547,0
34,12,0.02816396087567701,0.005824366728517929,626.6334772188484,0
34,13,0.030157193314491165,0.005868792322739883,630.2128447375427,0
34,14,0.032151635609599084,0.005914200822979756,630.2878981408983,0
34,15,0.03414713183516474,0.005959811738137293,626.0283879947494,0
34,16,0.03614291928528909,0.005987448413632861,621.7153716139405,0
34,17,0.038132438775630606,0.0059893386744354835,617.3404317600503,0
34,18,0.04008353871726873,0.005991944287981244,621.9924476597887,0
34,19,0.04191528468445276,0.006067464215624666,627.408936799534,0
34,20,0.043546928557983575,0.00629123712717218,626.7311722880295,0
34,21,0.04500836667552546,0.006690620546927449,620.0132774477354,0
34,22,0.04643836635664357,0.007243663217818125,607.8285142130695,0
34,23,0.0479604254528797,0.007890756935173606,601.29365758105,0
34,24,0.04962334906747903,0.008536081656000713,596.2164913378505,0
34,25,0.05142108872249834,0.009078551009655518,584.9592685898932,0
34,26,0.05332518443681971,0.009453603672209057,580.5915598734974,0
34,27,0.055297797337803906,0.009660470470140686,575.8219051893169,0
34,28,0.057300818365370064,0.009750690769115833,578.8087614500853,0
34,29,0.05930848455385635,0.009788515047523174,583.8018928710625,0
34,30,0.06131116752752869,0.009814569955352744,578.0431847454365,0
34,31,0.06330888483374812,0.00984298251811543,569.301637057162,0
34,32,0.06530414998347096,0.00987553371645226,563.4608713984788,0
34,33,0.06729917479973282,0.009905478277189583,558.9790867802535,0
34,34,0.06929691264190849,0.009923677863652473,557.0450575966952,0
34,35,0.07129947887570429,0.009938062524094663,557.2954736534695,0
34,36,0.07329990846603075,0.009989440003620828,560.0734058337406,0
34,37,0.0752825086507945,0.010135588440534783,566.9604416014816,0
34,38,0.07722924996947102,0.010423954420739158,575.5406982224979,0
34,39,0.07912413671096993,0.010873808163919316,583.7746117220187,0
34,40,0.08095233909972104,0.011475279950690889,591.3976894304885,0
34,41,0.08270376980419342,0.012191265446648199,597.2150021936482,0
34,42,0.0843818648347117,0.012965203685410594,601.0777045638667,0
34,43,0.08600444655223802,0.013736952054444676,608.2563363897683,0
34,44,0.08759779523313012,0.014459392657144136,615.0868823310843,0
34,45,0.08919334181551246,0.01509798973377002,613.8496315279584,0
34,46,0.09082276922070755,0.015626344869510686,613.2597150937931,0
34,47,0.09251034552568675,0.01602833231505418,614.0034481509673,0
34,48,0.09426547754856654,0.016306351242327318,615.6110972667929,0
34,49,0.0960809285937394,0.016484491274061455,616.0680413502695,0
34,50,0.09793873364008156,0.016597710426509475,616.8975342230349,0
34,51,0.09981911952615698,0.016674774931573186,619.7017354102948,0
34,52,0.10170776943535555,0.016732905389473487,625.144082898343,0
34,53,0.10359949945565632,0.016782675460561603,632.1177054858454,0
34,54,0.10549762008604555,0.016832524135430654,637.5786932368302,0
34,55,0.10740963975192429,0.016888788376645668,638.7254137603688,0
34,56,0.10934198776224169,0.016953555515215858,632.6337791503083,0
34,57,0.11129684209072972,0.017022374240411333,619.2267548113199,0
34,58,0.11327245252916468,0.017083572437334823,604.1681122662742,0
34,59,0.11526492166374253,0.017126465013772435,590.9061067396397,0
34,60,0.11726580197968436,0.017158877956491136,581.9898111588349,0
34,61,0.11925687950587636,0.017218652261341127,577.5591507630706,0
34,62,0.12121236440627055,0.017360423216795668,573.0240776976365,0
34,63,0.12310770019240341,0.01762275518124087,568.3523604235012,0
34,64,0.1249264793527019,0.018003037205885978,563.5851925501664,0
34,65,0.12666381006147875,0.018458235022433055,558.8282621935282,0
34,66,0.12832879298230768,0.018924035378529915,554.2040862957373,0
34,67,0.1299441953221024,0.01934169995698673,549.7933537683798,0
34,68,0.13154059761176587,0.019681409995158487,545.5959587453993,0
34,69,0.13314907115070376,0.01995197848051156,541.525340428347,0
34,70,0.13479514947678267,0.020194579866824606,534.2487321236204,0
34,71,0.13649236305850526,0.02046664958271504,523.587595629831,0
34,72,0.13823822085144313,0.020823253512935232,513.3229491035648,0
34,73,0.14001698803917975,0.021301149241798725,504.639247594969,0
34,74,0.14180764621760938,0.021909428897508014,495.7907729990493,0
34,75,0.14359170144790073,0.02263080500919195,486.87814675068125,0
34,76,0.14535646669265573,0.02343396767177407,477.9867169026098,0
34,77,0.14709403859429712,0.02428941496371718,469.1780395802255,0
34,78,0.14880031278976255,0.025177560352540342,460.4876612775249,0
34,79,0.15047641160052927,0.026084625126012263,451.9219175277403,0
34,80,0.15213047300240928,0.02699287306380334,443.45779665509775,0
34,81,0.1537771100430901,0.02787495116956196,435.05020558010256,0
34,82,0.15543429525963331,0.028696018714960476,428.7985750185801,0
34,83,0.15711924501107183,0.029421193242740108,426.86221786863393,0
34,84,0.15884485397208262,0.030024632242258514,425.9056656318911,0
34,85,0.16061781599705385,0.030496948977895354,422.847080044235,0
34,86,0.1624391791811392,0.030847106821315164,420.12445285901134,0
34,87,0.1643066670956872,0.031095732500375357,415.9156710403405,0
34,88,0.1662181945715446,0.03126232581955535,410.8945417673755,0
34,89,0.16817502341617782,0.03136018590005327,406.08738603227175,0
34,90,0.17017668887631768,0.0314086228650604,401.6427546921232,0
34,91,0.17220285759744935,0.03144959799750653,397.54927935324304,0
34,92,0.1741970340868877,0.03154897023334444,393.72874040765504,0
34,93,0.1760697340006985,0.03177808907680338,389.74517031534265,0
34,94,0.1777213184738448,0.032186854755774374,385.96270373160417,0
34,95,0.1790729826013485,0.032783629987759196,382.39262068003666,0
34,96,0.18009138317096632,0.03353518993976209,379.68314029500226,0
34,97,0.18079311271244453,0.03438779670894192,377.0677244388552,0
34,98,0.18122636111986476,0.03529202135874249,374.4921945878945,0
34,99,0.18144529936572495,0.036213126794926234,371.99859110248804,0
34,100,0.18149497055887942,0.03712819538819057,369.6194408548279,0
34,101,0.1814088605165657,0.03802106586992478,367.33404207511313,0
34,102,0.1812119877419173,0.038880156144825574,365.1542549904307,0
34,103,0.1809243482311872,0.03969845012828253,363.68068256336613,0
34,104,0.18056336150060326,0.04047389121458896,363.23940874445793,0
34,105,0.18014551621336222,0.041209187552815836,362.834508796932,0
34,106,0.17968744565614758,0.04191087887336043,362.4714701312085,0
34,107,0.17920641285949182,0.04258801450084065,362.12548385903733,0
34,108,0.1787201540696218,0.04325089306740828,361.7971717728236,0
34,109,0.17824618492558839,0.043910178073641434,361.44986593092005,0
34,110,0.1778008239730408,0.04457657737001222,361.08294021746485,0
34,111,0.1773982453106515,0.04526123030823133,360.67139676958095,0
34,112,0.17704991044197751,0.0459767579067061,360.2126562870671,0
34,113,0.17676483681944996,0.04673836672979032,359.73251652315867,0
34,114,0.17655105910568192,0.0475638313774526,359.24783042852465,0
34,115,0.1764179061820039,0.048471378240907234,358.7487440473153,0
34,116,0.17637766638738117,0.04947568894539825,358.2112844321764,0
34,117,0.1764452041096024,0.05058331863047793,357.62250231523285,0
34,118,0.1766356042797159,0.05178854375885561,356.96324304624414,0
34,119,0.17696100811927337,0.053070227908131415,356.2387267947937,0
34,120,0.17742739078327743,0.054391031455053605,355.46504446889276,0
34,121,0.1780318471004949,0.055701054197483925,354.6489687713725,0
34,122,0.17876327989999977,0.05694879423960524,354.1297312577253,0
35,0,0.009291667240152601,0.007578394999572768,698.732893683784,0
35,1,0.01008673370214025,0.007485968891528495,698.808051253461,0
35,2,0.010957818480153238,0.007207556776615833,699.6920718312005,0
35,3,0.011946242654885631,0.006758774058400091,697.3786120436935,0
35,4,0.013120389388531934,0.006210499200121497,689.8519014367025,0
35,5,0.014498365383108192,0.0057090379619216935,680.2703627749751,0
35,6,0.016260008541863182,0.00552426394524466,666.926023436378,0
35,7,0.01827389853738337,0.005582611178895338,652.8924748456986,0
35,8,0.020320652701682828,0.005704153793704745,641.6681662247984,0
35,9,0.02233528692324172,0.00577064451694246,633.7735225110025,0
35,10,0.024331690361608465,0.0058122942906812065,628.8500717942213,0
35,11,0.026320245169923276,0.005854325404517234,626.8946716866042,0
35,12,0.028306980224822795,0.005899112715244912,627.9909082431393,0
35,13,0.030294938291166328,0.005943892376785272,632.199172161083,0
35,14,0.0322838952550626,0.005989517122817745,630.2182073812107,0
35,15,0.03427365106984152,0.006034906187773072,625.970683904751,0
35,16,0.03626371454094334,0.006061076310405308,621.6659571512549,0
35,17,0.038248731073267817,0.006063065662831372,617.3012232984219,0
35,18,0.040199189641329756,0.006073083282420663,619.9542940519752,0
35,19,0.04203863526771127,0.0061680777027319725,624.3677243054166,0
35,20,0.04369308592422468,0.006421629361680768,623.3033372308038,0
35,21,0.045198831159239984,0.0068568273286491324,614.8896767161326,0
35,22,0.04669143040450279,0.007443748714657396,602.7729948382,0
35,23,0.04827737129741609,0.008110857547922465,601.2431600998017,0
35,24,0.04998996252629796,0.008752382244922781,591.4436175921714,0
35,25,0.051819168049274486,0.009267240828468045,584.1947129543707,0
35,26,0.05373982842564022,0.009601735621818269,579.7299683442194,0
35,27,0.05571746193036813,0.009771269550863474,574.8971666378758,0
35,28,0.05771723280150784,0.0098385792619058,579.0977198886236,0
35,29,0.05971777558575245,0.009868812618675489,584.1426946139643,0
35,30,0.06171297693784783,0.009895755271514765,579.0506695392986,0
35,31,0.06370407744225863,0.009927257596760138,570.388273216232,0
35,32,0.06569342730823581,0.009962550184516611,564.6445665272058,0
35,33,0.06768294089617924,0.009993308469812681,560.1361610317755,0
35,34,0.06967567736576391,0.010010404429173775,558.2153082004636,0
35,35,0.07167339479392161,0.010026052594378398,558.5367108738099,0
35,36,0.07366700791456014,0.010088430424788115,561.4841551265416,0
35,37,0.07563909995272544,0.01025908742234894,568.7274083971103,0
35,38,0.0775715836850825,0.010583964219969834,576.5407392344163,0
35,39,0.07944979401609126,0.011077783715578743,584.7833811512259,0
35,40,0.08126086827372528,0.011726134002111643,591.8811338604683,0
35,41,0.08299840796298077,0.01248668184375275,596.189998837681,0
35,42,0.0846718925886443,0.01329671628900673,602.0135023549196,0
35,43,0.08630457164909003,0.01409021649969841,610.7416395941667,0
35,44,0.08792436336853662,0.0148168875519686,613.0928629067148,0
35,45,0.08956061338112001,0.015440762185622271,611.630066895191,0
35,46,0.09123984228134029,0.015936597227896865,611.476122185427,0
35,47,0.09297921049893508,0.016293616800684335,612.7772452123928,0
35,48,0.09478065679038858,0.016524098756826377,614.7080069952342,0
35,49,0.09663182721093976,0.01666284572525528,615.3091483251316,0
35,50,0.0985142502940677,0.016750345184800508,616.5580215772652,0
35,51,0.10041141500428326,0.016813694808475457,620.0047864913806,0
35,52,0.1023133609081878,0.016865911289296296,626.0321169964269,0
35,53,0.10421809964331886,0.016914264635594773,633.0279550028447,0
35,54,0.10612990079232455,0.01696476267647533,637.6878387897672,0
35,55,0.10805518717626553,0.01702152624437105,637.3034029715394,0
35,56,0.10999840578019411,0.01708487831981782,629.0101882449453,0
35,57,0.11196015133629172,0.01714919154306306,614.5189361318651,0
35,58,0.11393831936052358,0.017202225888258264,599.8063477370902,0
35,59,0.11592963809699786,0.017236022976548207,587.1914875887563,0
35,60,0.11792524945559572,0.01726698448721193,580.3271633173915,0
35,61,0.11990483703032602,0.017344141025810715,575.8828851359569,0
35,62,0.12184212529894552,0.017526872121002138,571.2965543916501,0
35,63,0.12371590841342416,0.017846408116575983,566.5449176871389,0
35,64,0.1255158678512257,0.0182847173472706,561.6901106036094,0
35,65,0.12724421926283028,0.018783450708430207,556.856330373003,0
35,66,0.1289169430197253,0.01926759952009564,552.1748835867542,0
35,67,0.13056133363448144,0.01967603470769216,547.7219699390623,0
35,68,0.13220725259479915,0.01998772192867363,543.4796179585537,0
35,69,0.13387894353936955,0.020229519395984438,539.3361181180145,0
35,70,0.135590802266846,0.020462106568754055,529.4801326245979,0
35,71,0.1373442026855918,0.02075515577842773,518.5109998314018,0
35,72,0.13912761666252835,0.021164151942107315,508.895496019011,0
35,73,0.14092224431301725,0.021715608462112203,500.0762174349454,0
35,74,0.14271003812566424,0.022402688830468254,491.17495986749196,0
35,75,0.14447929673880533,0.023193571325606867,482.2729110979811,0
35,76,0.14622447991571028,0.02405001903608025,473.42795296520944,0
35,77,0.14794277334569844,0.024944180580322377,464.67655985567455,0
35,78,0.14963361229741923,0.025861386795180893,456.0336701124988,0
35,79,0.1513016879654969,0.02678905086515306,447.4880009547242,0
35,80,0.1529587976787786,0.0277045120889281,439.00363325501723,0
35,81,0.15462197501963737,0.028572679400024947,430.53069580086094,0
35,82,0.15630921355364566,0.02935322501357304,426.2040592126642,0
35,83,0.15803515682981986,0.03001144983726307,424.91762070688674,0
35,84,0.15980805406668533,0.03052849763986769,423.01457733117564,0
35,85,0.1616289742558805,0.03090745579891993,420.5762583320888,0
35,86,0.16349399553539568,0.031170936371603626,417.0466846272488,0
35,87,0.1653977879912904,0.031348130962423254,412.3828025042884,0
35,88,0.16733818998061087,0.031458212864427126,407.47141897948467,0
35,89,0.16931900976422581,0.031511672412866086,402.9654466955851,0
35,90,0.1713387148480786,0.03153388101257059,398.6676960147915,0
35,91,0.17336427906979773,0.03158221110767355,394.95189111015935,0
35,92,0.17531828978367023,0.03173626623060984,391.14862949742314,0
35,93,0.17709442462874675,0.03206869276882114,387.24354585649263,0
35,94,0.17859022334286767,0.032614979374826526,383.43021831712514,0
35,95,0.17974082932279026,0.033358709707107546,380.6709214453639,0
35,96,0.18053760990461265,0.03424375741460366,377.5625363392537,0
35,97,0.1810193582851845,0.035205126623658524,374.8363694926153,0
35,98,0.1812443205881908,0.03619126770550169,372.1722174948184,0
35,99,0.18126701348675373,0.0371669207357772,369.62216582038565,0
35,100,0.18113050055049792,0.03810834775082192,367.21067372794687,0
35,101,0.18086781514560193,0.039000280248305076,364.9758715272555,0
35,102,0.18050523979849553,0.039835173823747856,363.429368852364,0
35,103,0.1800650647452878,0.04061303211848064,363.0033172976397,0
35,104,0.17956787893905835,0.0413405521129631,362.623833513173,0
35,105,0.17903438433643365,0.042029207183904675,362.2743903057314,0
35,106,0.17848624607314853,0.04269275360584208,361.9369735989228,0
35,107,0.17794562791874924,0.04334503146069188,361.61211145905975,0
35,108,0.17743366656235204,0.0439986721202676,361.2633052141136,0
35,109,0.17696861809431114,0.04466487901293948,360.90466516970946,0
35,110,0.17656438779637965,0.04535433847903127,360.5340680450268,0
35,111,0.17622985836703323,0.046079283987136135,360.1297756787379,0
35,112,0.17596937250170774,0.046855870510151915,359.70946941779,0
35,113,0.17578494093312827,0.04770442179599396,359.2602107566032,0
35,114,0.17567986182929132,0.04864548691234072,358.7653906132922,0
35,115,0.17566147964236,0.04969309668488015,358.20777958647204,0
35,116,0.1757406046989001,0.05084951595391478,357.5955176047782,0
35,117,0.1759283350349407,0.05210338737980581,356.9162288871314,0
35,118,0.17623354012498454,0.05342933192879913,356.17851612601487,0
35,119,0.1766622430010701,0.054788684559607934,355.4002685404684,0
35,120,0.17721786626307232,0.056133711719652375,354.59265023110396,0
35,121,0.1779021250289866,0.05741617665615244,353.7622365806464,0
35,122,0.17871712324999978,0.05859766519967103,353.1682017247008,0
36,0,0.009294210072913402,0.008165370130483511,695.7460031988661,0
36,1,0.010166977790410035,0.007823335991868368,697.1867899879151,0
36,2,0.011047656392138285,0.0074210939070449245,698.6100691007448,0
36,3,0.012041411983922628,0.006888686556592333,695.7937729154012,0
36,4,0.013228764363541793,0.006282232881216796,688.5003154013649,0
36,5,0.014622771660194196,0.005752168055387486,679.1004342523967,0
36,6,0.016417845947957144,0.005578273289799416,665.6069752551999,0
36,7,0.018449966357500902,0.00565182191170713,651.7201553246999,0
36,8,0.020491880431720642,0.005779101132339111,640.9726334088551,0
36,9,0.022496117716700795,0.005843564377552639,633.5787213121943,0
36,10,0.024484765897853488,0.005885789576678989,629.1795468781651,0
36,11,0.026467591415054597,0.005928759908335438,627.7804339675379,0
36,12,0.02844923781348339,0.005973911199597081,629.464042679844,0
36,13,0.030431925143235904,0.006019025222874258,634.3276955751768,0
36,14,0.03241539771647413,0.006064833256816618,630.1501832922438,0
36,15,0.03439944008846203,0.006109998748936623,625.9145820411434,0
36,16,0.03638393232912194,0.00613475652544611,621.6179680254363,0
36,17,0.0383649409714896,0.006137233904660472,617.26349405743,0
36,18,0.04031604162812032,0.006155491359066674,617.9604268636758,0
36,19,0.04216625079124779,0.006271260200151688,621.3797637147069,0
36,20,0.043849579237149945,0.006556578915182681,619.1529951435139,0
36,21,0.04540686793956024,0.007029780147984745,610.4577979651319,0
36,22,0.04696512807645835,0.007650738930229327,602.7791609416682,0
36,23,0.048611601272795894,0.008334820560268439,601.1659665479184,0
36,24,0.050367281377582604,0.008967154754088548,587.5061177693668,0
36,25,0.052222146000983766,0.009449305434048321,583.4086945501958,0
36,26,0.054155698751962016,0.00974096596583011,578.8532453050468,0
36,27,0.05613607597347275,0.009874567634183557,574.5517329315923,0
36,28,0.05813126879948817,0.009922477637986208,579.4175665837076,0
36,29,0.06012428272755677,0.009948369280161502,584.4829949931325,0
36,30,0.062112159050637474,0.009977726341976582,580.1158221788949,0
36,31,0.06409689306778542,0.01001253882111524,571.5187271596266,0
36,32,0.06608048461222606,0.010050385572126452,565.8589022304271,0
36,33,0.06806457207919193,0.01008154759668409,561.3065714697343,0
36,34,0.07005239060341525,0.010097259323693613,559.3899714387086,0
36,35,0.07204522504409328,0.010114909005304425,559.7890117815542,0
36,36,0.07403154268523685,0.010190614700843186,562.9230548616351,0
36,37,0.07599239391289304,0.010388915881814622,570.1816863802534,0
36,38,0.07791009107982247,0.010753292294687064,578.1873386592592,0
36,39,0.07977175241331905,0.011293467888422658,585.7597854554776,0
36,40,0.08156683908786941,0.011990540035401434,591.5703859866061,0
36,41,0.08329318258882054,0.012796511919025151,597.588463146817,0
36,42,0.08496678524340924,0.013641606455496294,605.5100045980009,0
36,43,0.08661576146835709,0.014453117129405958,613.0017504257626,0
36,44,0.08826798922114316,0.015178015281127895,610.6391090862135,0
36,45,0.08994919702763879,0.015779824191986397,609.5018642557825,0
36,46,0.09167985910323033,0.01623601108849433,609.8547295919926,0
36,47,0.09346988719581172,0.016543139625361407,611.7561535909912,0
36,48,0.09531424191884208,0.016725157607576858,613.9292396795086,0
36,49,0.09719678528557847,0.016827711519783666,614.6501156365342,0
36,50,0.09910027392971267,0.016894661292123813,616.3820993699092,0
36,51,0.10101232699722643,0.01694866591736525,620.4898521698005,0
36,52,0.10292698824884844,0.01699755144438955,627.0347197565789,0
36,53,0.10484449780898734,0.01704550439395638,633.8159184255252,0
36,54,0.1067692069082999,0.017096491798609736,637.5122721762361,0
36,55,0.10870609470118052,0.017152864931326593,635.3266721466301,0
36,56,0.11065783148249286,0.01721378793863321,624.8935709955131,0
36,57,0.1126239436720029,0.01727287337393856,609.8297700523303,0
36,58,0.11460254449881194,0.01731745030337995,595.6194671470324,0
36,59,0.11659130790907585,0.017343326112849035,583.6764720765041,0
36,60,0.1185805468614254,0.01737730078112096,578.6685903682884,0
36,61,0.12054742128842563,0.01748008469510532,574.1951092839993,0
36,62,0.12246615091381687,0.017713206939476454,569.5374551764872,0
36,63,0.12432055785963707,0.018096448710007262,564.6868281048329,0
36,64,0.12610747392346003,0.018593701107727897,559.7298865450289,0
36,65,0.12783628774485042,0.019130739731199598,554.8104343062455,0
36,66,0.1295289327288111,0.019622260096867284,550.0696848547385,0
36,67,0.131215141057612,0.02000767703244494,545.5773729141955,0
36,68,0.1329205750359951,0.020281066571356216,541.2911911538037,0
36,69,0.13465882487470454,0.020493754054364082,535.8521930167167,0
36,70,0.13643126113476464,0.020727501831311126,524.5074145738254,0
36,71,0.13822848578185903,0.021059801696086143,513.3539123193258,0
36,72,0.14003381702680953,0.021539228989602383,504.3611148555997,0
36,73,0.14182974968136378,0.022175906279885187,495.4642519305429,0
36,74,0.14360446383636258,0.022944256313993737,486.55570651712316,0
36,75,0.14535449705795303,0.02379922590728918,477.6894047595823,0
36,76,0.14708076917827434,0.024700164582105083,468.89517283034195,0
36,77,0.14878365349609005,0.02562539975140575,460.1894576860468,0
36,78,0.1504648508254277,0.026566289747871452,451.5715907197392,0
36,79,0.15213236100996763,0.027508594140018217,443.01627018564477,0
36,80,0.15380133177401664,0.02842103295155693,434.47920839959846,0
36,81,0.15549017302140827,0.029259600627076474,426.0204080477944,0
36,82,0.15721536724056795,0.029980626333565668,423.9120778653709,0
36,83,0.15898751587300372,0.030553854139210145,423.225075207811,0
36,84,0.16080911257298966,0.030972231053964933,420.2188417804081,0
36,85,0.16267519680485784,0.031254886593502035,417.82486939552496,0
36,86,0.16457762352771527,0.031438306127012906,413.7530419279626,0
36,87,0.16650964609228588,0.03155615404182735,408.9011194670285,0
36,88,0.16847141521150952,0.03162113990977475,404.28288394489226,0
36,89,0.1704711386005287,0.031640164428415066,399.99765967690473,0
36,90,0.17250342362069224,0.03165114332713871,396.09096228854975,0
36,91,0.1745150880639683,0.031732135603448806,392.40067229389746,0
36,92,0.17640350111807263,0.03197478706093353,388.5667332801048,0
36,93,0.17804815077640632,0.03244595160383129,384.60849506865,0
36,94,0.1793507907210209,0.033158574756014275,381.2810609911605,0
36,95,0.18026749463526529,0.03406651430400374,378.12306552954493,0
36,96,0.1808162991866095,0.03509103417222178,375.23078523777986,0
36,97,0.18105426777671282,0.03615731043813092,372.3470217774116,0
36,98,0.181046320546355,0.037210373223615215,369.59976153416574,0
36,99,0.1808484852465221,0.03821373995927806,367.09604796835265,0
36,100,0.1805053661275055,0.03914590638114498,364.6711367822962,0
36,101,0.18005248270480556,0.03999829586893559,363.18084120271584,0
36,102,0.1795188281778797,0.04077375286786614,362.7738955936742,0
36,103,0.1789297204662605,0.041484716485736095,362.410478784482,0
36,104,0.17831000398654934,0.04214997184423817,362.0757364704681,0
36,105,0.1776861024675147,0.04279012251248539,361.75178827926993,0
36,106,0.17708550388181268,0.043423619096182794,361.4345435439488,0
36,107,0.1765339112611377,0.04406493154008633,361.12279057704313,0
36,108,0.17605180635007753,0.044724948680828644,360.8069648595796,0
36,109,0.17565222461540186,0.04541292451105474,360.46310463698956,0
36,110,0.17534023916039376,0.04613996334431855,360.1214490244899,0
36,111,0.1751138630062255,0.04692362121353419,359.73360884880964,0
36,112,0.1749668154593934,0.04778954119826809,359.305097585751,0
36,113,0.17489428094915274,0.04876413899084912,358.8096005398513,0
36,114,0.1748982950311288,0.04986195498566358,358.23807685476754,0
36,115,0.17498743482957202,0.051079001482299914,357.5945046503471,0
36,116,0.17517117474249957,0.05239592702647451,356.8824610090494,0
36,117,0.17545601556439006,0.053782849542891954,356.1350648814198,0
36,118,0.17584753531396152,0.05520009130410495,355.35109510801163,0
36,119,0.17635363594693754,0.056599908096735325,354.5502529452826,0
36,120,0.17698500902068504,0.05793324601288066,353.7330413531796,0
36,121,0.17775380652210043,0.05915827486738633,352.8912929413646,0
36,122,0.17867096659999976,0.06024653615973681,352.22611689468823,0
37,0,0.009286545011945013,0.008731302355155944,693.3926474143938,0
37,1,0.010239682457467442,0.008195000711331168,695.5918085289584,0
37,2,0.011131442887896253,0.007645527475754346,697.4925516142849,0
37,3,0.012133732616458065,0.007017003157763967,694.4075179894942,0
37,4,0.013336994640878223,0.006348904173818216,687.2584115522327,0
37,5,0.014748086022160857,0.005791949918471593,677.8762707261278,0
37,6,0.016578110644332664,0.005632717941285953,664.2553546293352,0
37,7,0.018626974670674278,0.005722428227399379,650.611366684338,0
37,8,0.020662020145255654,0.005854841497892715,640.366621009709,0
37,9,0.022655601022155202,0.005916511548242144,633.4889688696641,0
37,10,0.024636858921359292,0.005959399030948201,629.6045903521531,0
37,11,0.02661414375543495,0.006003274565511146,628.7713726247952,0
37,12,0.028590740038269596,0.006048758677852878,631.0671823348704,0
37,13,0.030568157477254373,0.006094188175905574,634.3037513596931,0
37,14,0.032546148654853765,0.006140149704387095,630.0838148196549,0
37,15,0.03452451275057242,0.006185099822787506,625.8600824795691,0
37,16,0.03650360778711244,0.006208507177683634,621.5713801622118,0
37,17,0.03848115799313572,0.006211880069468337,617.2271547776008,0
37,18,0.04043435339254892,0.006239252278853662,616.0353861400686,0
37,19,0.04229890330523469,0.006377267294433869,618.6794719680486,0
37,20,0.044018116719415946,0.006696663170938111,615.3556402990006,0
37,21,0.04563432867071314,0.007210143054416846,606.0636715127036,0
37,22,0.04725977985971807,0.007864780791399588,602.7599305228874,0
37,23,0.04896174306504626,0.008562037701200642,597.9168031280146,0
37,24,0.05075345204514041,0.009179254897503002,586.8035795642476,0
37,25,0.0526286970551831,0.009623711495194698,582.6032134944659,0
37,26,0.05457211721590545,0.009870924182217522,577.9626272231642,0
37,27,0.05655328039668564,0.009970766893327652,574.7652685531393,0
37,28,0.05854274202617637,0.010003151850648984,579.7606655573621,0
37,29,0.0605279793517176,0.010027818129141818,584.8168173045319,0
37,30,0.06250877107411208,0.010060732001709505,581.2385024176035,0
37,31,0.06448739144575384,0.010098832655035375,572.692954315231,0
37,32,0.06646535767819238,0.010138999592801692,567.10261453669,0
37,33,0.06844408534051377,0.01017013234376058,562.4888888256461,0
37,34,0.07042706386949409,0.010184227532905123,560.5687655889676,0
37,35,0.0724149559288973,0.010204844132842967,561.0551884034545,0
37,36,0.07439342288741548,0.010296539247965694,564.395341611671,0
37,37,0.07634229358495115,0.010525800903104269,571.3594214938822,0
37,38,0.07824479564939593,0.010932699225305317,579.6525219535063,0
37,39,0.08009029652946774,0.011521619300346586,586.7239122716342,0
37,40,0.0818709193650741,0.01226929214106901,592.7359882729529,0
37,41,0.08358927275905859,0.013121409794250125,599.8584560453108,0
37,42,0.08526829058968172,0.013999954669617079,612.5780169143085,0
37,43,0.0869400628600223,0.014824703783114705,610.3989745104601,0
37,44,0.08863042480174581,0.015540867699727557,608.2193527847559,0
37,45,0.09036010263396285,0.01611268104539214,607.490984391459,0
37,46,0.09214294110846644,0.01652214887655396,608.4185993721883,0
37,47,0.09398171175940732,0.016775283697849707,610.9534904999382,0
37,48,0.09586503525021942,0.016909359172732636,613.2221958429989,0
37,49,0.09777452813587621,0.01698033859271681,614.1347441317192,0
37,50,0.09969592542651758,0.017032475258304727,616.3727243209188,0
37,51,0.10162145117354436,0.017081059707152846,621.1557011600361,0
37,52,0.1035484279930358,0.017128449086664315,628.1017266382045,0
37,53,0.10547829685141813,0.017176418559898217,634.4331081839626,0
37,54,0.10741478702482668,0.017227389940785855,636.983163580494,0
37,55,0.10936130737201265,0.017282422371760215,632.7406394871928,0
37,56,0.11131910732931644,0.017340112500980706,620.4130313878112,0
37,57,0.11328718862964965,0.01739354893766424,605.2380821646655,0
37,58,0.11526442567254967,0.017429617200971425,591.6237274254244,0
37,59,0.11724966070227515,0.017449305211867414,581.3826695726418,0
37,60,0.11923173045911914,0.01749191499425806,577.00939816058,0
37,61,0.1211849442326311,0.01762984685101304,572.4877145427737,0
37,62,0.12308556429658286,0.017923169225463026,567.7360848165042,0
37,63,0.1249243092952041,0.018375647618801734,562.7662228304399,0
37,64,0.1267058522464659,0.01893075427287698,557.6929945323835,0
37,65,0.1284462001800722,0.019498153511376133,552.6815292593523,0
37,66,0.13017171571975333,0.019982892831860614,547.8848051832031,0
37,67,0.13191199417627295,0.020329686042094192,543.3611391330987,0
37,68,0.13368436398473665,0.020556462855490745,539.0334872196864,0
37,69,0.13548789151525922,0.020745502617369762,530.459936296756,0
37,70,0.13731068429705434,0.020998102243200648,519.0530397872828,0
37,71,0.139136124421809,0.02139152898906112,508.6650910005367,0
37,72,0.14094727391358122,0.021958700539454576,499.7556933312159,0
37,73,0.1427319340767151,0.022688280876688175,490.83336619243556,0
37,74,0.14448679787781177,0.02353512495047849,481.9513892003879,0
37,75,0.14621698126196955,0.024444472260276462,473.13188916396564,0
37,76,0.14792796090173277,0.0253794302444538,464.3803204262026,0
37,77,0.14962083424631448,0.026328826457072546,455.7009474508968,0
37,78,0.15129887381134052,0.027289012212402108,447.0815935640582,0
37,79,0.15297375899655624,0.028238990530869285,438.48549275891304,0
37,80,0.1546635940948363,0.029135008186646744,429.8650564436549,0
37,81,0.15638672386869648,0.029924829534626902,423.30377612847303,0
37,82,0.15815640811731507,0.030565722619092735,422.0054528706619,0
37,83,0.1599778489717428,0.031037328897476346,420.68718360883173,0
37,84,0.1618468856216774,0.031349335788534695,418.14835229344044,0
37,85,0.16375259686185423,0.03153935288381015,414.8495719918748,0
37,86,0.16568418821016956,0.03165551646657243,410.3169164470147,0
37,87,0.16763569632854788,0.03172909977309951,405.6033319662185,0
37,88,0.169612390181766,0.031759401414933906,401.2272718669317,0
37,89,0.1716280708502442,0.03175336637234503,397.19991727799174,0
37,90,0.17366735212133974,0.031772401272367676,393.75043309008254,0
37,91,0.17564669344563782,0.03191904633472622,390.03101396457026,0
37,92,0.1774360284655677,0.03229151289839067,385.95234524418044,0
37,93,0.1789064771551389,0.03294150527650805,382.2765739757161,0
37,94,0.17997185489612275,0.033851170193816435,379.1624549206396,0
37,95,0.18061396767469795,0.03494025975990415,375.71156047042786,0
37,96,0.18087649216574903,0.036105687518387296,372.5605728567435,0
37,97,0.1808329127148564,0.03726020922909955,369.5387858250493,0
37,98,0.18055747696913416,0.03834474859663172,366.84725909155577,0
37,99,0.18011228172777458,0.03932635645637458,364.24247158347305,0
37,100,0.1795468511432455,0.040194719209239865,362.93840123476963,0
37,101,0.17890004904860493,0.04095731389361232,362.54970933134877,0
37,102,0.17820247129515257,0.041635284133257316,362.2046106812306,0
37,103,0.1774819738241579,0.04225898175899661,361.8931002010289,0
37,104,0.17676941015195402,0.04286014282700736,361.5972942708501,0
37,105,0.17609936045910493,0.04346387909367799,361.3128775383718,0
37,106,0.17550491458569611,0.04408577112801092,361.05071934581446,0
37,107,0.17501046817052898,0.0447343167946779,360.7817128592384,0
37,108,0.17462754414293166,0.04541553309159347,360.4944312730131,0
37,109,0.17435529342384387,0.046137959659146265,360.1776515343841,0
37,110,0.174182779872624,0.04692019651768873,359.824723933324,0
37,111,0.17409190940728406,0.04779695889528099,359.40862838618375,0
37,112,0.174064476119471,0.048808131978026005,358.90387533784275,0
37,113,0.1740950559378142,0.049970685875728345,358.3043522985279,0
37,114,0.17419258574157315,0.051269353795028706,357.62087501669816,0
37,115,0.17436972066530965,0.052670145437075246,356.87404011304545,0
37,116,0.17463216937340226,0.05413668730472189,356.0961213910961,0
37,117,0.17498209753214894,0.05563151195613486,355.30624059872315,0
37,118,0.17542988187762534,0.05710823468187128,354.51081015618485,0
37,119,0.1759956318355665,0.058514657801986496,353.72402844153765,0
37,120,0.17670319163575246,0.059803032306805136,352.92487859541757,0
37,121,0.17757479150755356,0.060936905413500095,352.08717170377355,0
37,122,0.17862480994999994,0.06189540711980264,351.33039780757116,0
38,0,0.009280911341627087,0.009295568038220566,691.5033228962667,0
38,1,0.010309698751747672,0.008611457947182872,694.0123704557489,0
38,2,0.011208874189411638,0.00788684632040363,696.3554384387279,0
38,3,0.012223330392328103,0.007144107681483305,693.0540318235373,0
38,4,0.013445358835165042,0.0064103364496244705,686.1190706115719,0
38,5,0.014874448092277592,0.005828599078652053,676.6566732878904,0
38,6,0.01674095168295701,0.0056879799874543354,662.9413791195211,0
38,7,0.018804808940546074,0.005794542683665598,649.5474225280407,0
38,8,0.020830915305085088,0.005931316372348792,639.8393491256434,0
38,9,0.0228137330313071,0.005989406759774342,633.4780047258271,0
38,10,0.02478800229309003,0.006033127674110775,630.1273612022691,0
38,11,0.02675991670889371,0.006077867928923189,629.8715456211237,0
38,12,0.028731492684810043,0.006123651493823091,632.7984835373317,0
38,13,0.03070363886111299,0.006169378936625203,634.2265977862882,0
38,14,0.03267615423389556,0.006215467607477167,630.0190917509442,0
38,15,0.03464888400165251,0.00626022056736866,625.8071851307861,0
38,16,0.03662277876312015,0.00628234620095269,621.5261629740538,0
38,17,0.03859748195029557,0.006287043063000335,617.192100121728,0
38,18,0.04055442714947885,0.006324464844203484,614.1866690924128,0
38,19,0.042437511986378164,0.006486406265916316,615.8055601840825,0
38,20,0.04420065756392358,0.006842541813265286,611.6120085277091,0
38,21,0.045883049252975254,0.007398599275837393,604.420086972309,0
38,22,0.04757528404266806,0.008085907987756743,602.7156266155238,0
38,23,0.04932604858384883,0.008791729366643799,592.8943763560462,0
38,24,0.051146586100299804,0.009387413616399509,586.0779102329068,0
38,25,0.053037668424297864,0.009789457160133982,581.7798702484376,0
38,26,0.05498855257606418,0.009991386470755929,577.059172142326,0
38,27,0.05696876955652056,0.010060425492052537,575.0352508806277,0
38,28,0.05895149394921073,0.01008142857931464,580.1188830541158,0
38,29,0.0609288657760311,0.010107754904063205,585.1386050916888,0
38,30,0.06290288384660014,0.010144942461136603,582.4235385606,0
38,31,0.06487563074572172,0.010186104497871174,573.9215007732521,0
38,32,0.06684807623804861,0.010228350042714891,568.3744050182894,0
38,33,0.06882149322619299,0.010258997976274699,563.683694803634,0
38,34,0.0707997080979423,0.010271306767843843,561.7516382807793,0
38,35,0.07278257142747724,0.01029611948974681,562.3387035460378,0
38,36,0.07475255064704243,0.01040682227575047,565.9069445934582,0
38,37,0.07668871593360065,0.010670517470079235,573.2534213208069,0
38,38,0.07857577010891617,0.011122981957773042,580.5491349595435,0
38,39,0.0804058014567401,0.011763046242754018,587.2263270263364,0
38,40,0.08217390121758969,0.012563252089424232,594.2713983123966,0
38,41,0.08388800453419967,0.013462028635387107,603.8716995371154,0
38,42,0.08557829924455547,0.014371662464386228,610.9990611524113,0
38,43,0.08727957049796628,0.015203655026352202,607.7679894397681,0
38,44,0.0890132915542277,0.015903184742833483,605.8589944010051,0
38,45,0.09079410668342398,0.016436624008521184,605.6247631648632,0
38,46,0.0926289713171548,0.016792594643616935,607.1899570335178,0
38,47,0.0945138329388321,0.016988719177326715,610.3793945690034,0
38,48,0.09643172060864046,0.01707702694412434,612.6050982401564,0
38,49,0.09836377880352862,0.017122430685050434,613.7496253791156,0
38,50,0.1003004283750466,0.017165736344658098,616.5406758790416,0
38,51,0.10223846109940736,0.017212033771271253,621.9898104527534,0
38,52,0.10417742450112431,0.01725895537482559,629.1674424822558,0
38,53,0.10611898380662194,0.01730685957459595,634.8445970678339,0
38,54,0.1080657683940861,0.01735708960940396,636.0176808575915,0
38,55,0.110019710819022,0.0174098816426157,629.5444421994729,0
38,56,0.11198110567163722,0.017463819548890386,615.7400062698107,0
38,57,0.11394896753255349,0.01751147497191522,600.7878222964525,0
38,58,0.11592344262759988,0.017539171055878162,587.8190826102821,0
38,59,0.11790465407102461,0.017555082158376895,579.7347872272603,0
38,60,0.11987905042479606,0.01761333437421853,575.343504323727,0
38,61,0.12181798429800857,0.017797280441113752,570.7509351973996,0
38,62,0.12370202834489152,0.018160722470042627,565.8800919986274,0
38,63,0.1255306666331672,0.018686538019486148,560.76993769778,0
38,64,0.12731646644423827,0.019295887705157062,555.5676151580213,0
38,65,0.12908074447208123,0.019882421582723266,550.462190213839,0
38,66,0.1308522667357743,0.020342627278921027,545.6203739354514,0
38,67,0.13265757143694276,0.020634173707440435,541.0784458944845,0
38,68,0.13450066363513224,0.02081022139979986,536.7102483243056,0
38,69,0.13636258946695468,0.02098901040918697,525.2639849254039,0
38,70,0.13822069686283614,0.02128483098192306,513.6505989103408,0
38,71,0.14005686647336427,0.021762967929175262,504.0660501761767,0
38,72,0.1418588977473523,0.022432020845735416,495.11362347321545,0
38,73,0.14362286477792177,0.02325657485901532,486.2079612393758,0
38,74,0.14535512393532446,0.02417331022547948,477.3725962840091,0
38,75,0.1470686103619231,0.02512363486128301,468.59646090354187,0
38,76,0.1487701490177967,0.026081993215374296,459.86921849071484,0
38,77,0.15045898689546658,0.027050697959956547,451.19243483799374,0
38,78,0.15214056573665397,0.02802675271351647,442.5432850812665,0
38,79,0.1538311500509237,0.028975089019474407,433.87546017015455,0
38,80,0.15555085737561825,0.029836907557223763,425.1446219702142,0
38,81,0.15731600874552343,0.030555498459308116,420.9256111022343,0
38,82,0.1591349083957795,0.031095470197248443,420.4580744127941,0
38,83,0.16100624975861402,0.03145227545473055,417.5610546982308,0
38,84,0.16291855225750046,0.03165670441540275,415.54569892677574,0
38,85,0.16485570243849543,0.03176535774229382,411.6313584911117,0
38,86,0.16680689904440663,0.03183259365440674,406.9500558191544,0
38,87,0.16876943325860727,0.03187769131117259,402.4849571297134,0
38,88,0.17075678584751547,0.03188040058050918,398.3355777658703,0
38,89,0.17278804728189343,0.031859321950657285,394.81068154557363,0
38,90,0.17482664932584113,0.031913943168270724,391.2781904391133,0
38,91,0.17674615650695405,0.032169999851217164,387.4542972724063,0
38,92,0.1783915063830888,0.032722612337590606,383.29361013311166,0
38,93,0.17963383916793896,0.03359794286468069,380.04299075906147,0
38,94,0.18040482299142294,0.0347395189375439,376.30813801387825,0
38,95,0.18071278897867635,0.036025233074434414,372.82590549058165,0
38,96,0.1806280978576545,0.03731716695498691,369.63270350592336,0
38,97,0.18024902208383398,0.038512004827795494,366.45402711422656,0
38,98,0.17966795689286544,0.039555232536655355,363.6135556043879,0
38,99,0.17895574075584011,0.040432402637676064,362.6975794387604,0
38,100,0.17816628456892947,0.041160937553462666,362.3213040510966,0
38,101,0.17733696654491984,0.04177617649956866,362.0070498349635,0
38,102,0.1764941862654751,0.042326545884965955,361.7408936876887,0
38,103,0.1756699763163268,0.04286380511095676,361.4957290474382,0
38,104,0.174909569377369,0.04342463997078264,361.28036707148306,0
38,105,0.17426183560595832,0.044022995404190926,361.0765760143131,0
38,106,0.17376166903270324,0.04465890062232035,360.86497235636483,0
38,107,0.17341877495801972,0.04533091563741204,360.6145558724097,0
38,108,0.17322054119448238,0.046043853492159253,360.32880310756906,0
38,109,0.17314206427179926,0.04681523491613483,359.99502788616894,0
38,110,0.1731478370192726,0.04769249926337679,359.5901652707354,0
38,111,0.17319671672372475,0.048744448885188155,359.0689389947742,0
38,112,0.17326402474995004,0.04999974672303078,358.41855039426554,0
38,113,0.17336597779689836,0.05141679387836994,357.67082109209383,0
38,114,0.17352822228067846,0.05293456630597636,356.8740545741334,0
38,115,0.17376359529344598,0.054503055448886145,356.0630144370092,0
38,116,0.17406522708758493,0.056094355126851195,355.25432694627784,0
38,117,0.17443618281806356,0.0576750252843898,354.4761629786633,0
38,118,0.17490948746606186,0.05918710838274002,353.7222544685059,0
38,119,0.17552716465683307,0.060570840457301545,353.00114481973463,0
38,120,0.17632714826172036,0.06177813214984664,352.2462810203321,0
38,121,0.17734022227560126,0.06277380912224681,351.41583587495074,0
38,122,0.17857865329999995,0.06354427807986843,350.5030991069089,0
39,0,0.009303197191721393,0.009845836256282268,690.0479606538263,0
39,1,0.010387040191522937,0.0090852177274085,692.4901500949645,0
39,2,0.011279574819339907,0.008154399533972116,695.1839446380309,0
39,3,0.012310268066041038,0.007270534967525524,691.7434456958866,0
39,4,0.013554142756434922,0.00646630769487644,684.9048081513185,0
39,5,0.015001983365109288,0.005862362394070384,675.5722269416668,0
39,6,0.016906523129896874,0.0057444576769968385,661.6175698482372,0
39,7,0.018983331153864427,0.005868252246204392,648.5269602268179,0
39,8,0.020998405151106653,0.006008452101673956,639.3894259311078,0
39,9,0.022970521873970674,0.006062170077562524,633.5437213693639,0
39,10,0.024938231223687428,0.006106988030443154,630.7484413432137,0
39,11,0.026904923553127753,0.006152537577580661,631.0926707567926,0
39,12,0.02887150096819688,0.00619858589555,634.6751822485875,0
39,13,0.030838372871553422,0.0062445956297092296,634.1511660415266,0
39,14,0.03280542115319929,0.006290788749542668,629.9560045804353,0
39,15,0.03477256993637235,0.006335372859469359,625.7558894892242,0
39,16,0.03674148623137557,0.00635629139470419,621.4822785953482,0
39,17,0.038714025165570626,0.006362764935614067,617.1582064559046,0
39,18,0.040676618592431296,0.006411246480560283,612.9795842513211,0
39,19,0.0425831721993332,0.0065990451758024295,613.0515122501661,0
39,20,0.0443994309041054,0.006994963891436462,608.0344525553171,0
39,21,0.0461547818927327,0.007595842730828601,604.4019129283636,0
39,22,0.04791102519216157,0.008314011518989469,602.6472836858853,0
39,23,0.0497024174330285,0.009022928215829383,589.2827984292255,0
39,24,0.051544844684820755,0.009590248282305779,585.3319530309074,0
39,25,0.05344811630537224,0.009945610099815908,580.9398241014975,0
39,26,0.05540460547712773,0.010102298915940822,576.1438294636308,0
39,27,0.05738227022961704,0.010144257272487417,575.3542933561919,0
39,28,0.05935738842391851,0.010158174251727143,580.4837741426384,0
39,29,0.06132697054447523,0.010188719140170673,585.4434013457011,0
39,30,0.0632945790682914,0.010230442566185848,583.6738841539502,0
39,31,0.065261664549343,0.010274287477986742,575.2020217452315,0
39,32,0.06722866337719836,0.010318400139103701,569.6800294036445,0
39,33,0.0691968045157742,0.010348077531126218,564.8984779865552,0
39,34,0.07117033486925693,0.01035851054687671,562.9388206390732,0
39,35,0.0731480535769976,0.010389053695230327,563.6437765002236,0
39,36,0.07510882020492277,0.010522159992153732,567.4645464817179,0
39,37,0.07703159827058448,0.010823887530177446,574.0185813822595,0
39,38,0.078903146168411,0.011324978384067989,581.4468014820156,0
39,39,0.08071874460650331,0.01201861634512708,588.4376665244677,0
39,40,0.08247670939673309,0.012873356008096536,596.5413261569233,0
39,41,0.08419085286943005,0.01381899449351377,611.330999507882,0
39,42,0.08589883993400026,0.014756386506234469,608.2637201481208,0
39,43,0.08763639965531085,0.015588208484228072,605.1308679054309,0
39,44,0.08941803131764361,0.016262364886406176,603.5861413619488,0
39,45,0.09125173117884403,0.0167487788248997,603.931402846525,0
39,46,0.09313759729420436,0.017045034663758944,606.1894475427385,0
39,47,0.09506522258041732,0.017182491153807714,610.0400358598523,0
39,48,0.09701287172974908,0.017229042571646022,612.059389750088,0
39,49,0.09896328198457971,0.017256125699540367,613.5018142191099,0
39,50,0.10091313341874293,0.017296412418172473,616.8876154083163,0
39,51,0.10286309625592045,0.01734242091785682,622.9512610480452,0
39,52,0.10481366199022595,0.017389152742971075,630.1766663383646,0
39,53,0.10676591830437557,0.017436557802700085,635.0100415377233,0
39,54,0.10872116965521687,0.017485222532246388,634.5449547676382,0
39,55,0.11068016028005982,0.01753502101436714,625.7721960937444,0
39,56,0.11264276171904296,0.01758502819666421,611.0187851595257,0
39,57,0.11460850243511342,0.017627018529240836,596.5124942185284,0
39,58,0.11657928559718496,0.017646608203488356,584.2107606934186,0
39,59,0.11855650119536251,0.01766202703256055,578.0911155944794,0
39,60,0.12052298686587193,0.017744588175425447,573.6631761942671,0
39,61,0.12244743598886995,0.01798678452587188,568.9731159908004,0
39,62,0.12431787790335602,0.018429987793567346,563.9553263069157,0
39,63,0.12614409132623447,0.01903123336067699,558.6836691198647,0
39,64,0.12794565126527882,0.019688060446714374,553.3423733939032,0
39,65,0.12974707488195283,0.02027858957067176,548.1479234998285,0
39,66,0.13157726043238346,0.020692598053801033,543.281578140034,0
39,67,0.1334565182223776,0.020912824437591616,538.7376458986062,0
39,68,0.1353692229277943,0.021041254053172743,531.7518853775045,0
39,69,0.13727619199474625,0.021233107684078968,519.6951527792003,0
39,70,0.1391506954007156,0.021602122748623585,508.4205356694882,0
39,71,0.14098015967522248,0.02218724053204397,499.4107980340725,0
39,72,0.14276089343974738,0.02296654873941521,490.46502786337277,0
39,73,0.14449876087576807,0.02388142662855699,481.6051069362259,0
39,74,0.14620992878740074,0.024853534611237266,472.82148942532143,0
39,75,0.14791331318153045,0.025829021144037196,464.0712804210291,0
39,76,0.1496123767248526,0.026802131060796482,455.3431853455211,0
39,77,0.1513026991108473,0.027788520493976416,446.6446501828073,0
39,78,0.1529946166088005,0.028777063363441966,437.93688057124405,0
39,79,0.1547097246809278,0.029709966334940406,429.16781241188033,0
39,80,0.15646805560124089,0.030514438878378004,420.40836070851236,0
39,81,0.15828157438380225,0.031137031728893347,419.0112238394692,0
39,82,0.1601521602200678,0.031557317218273366,417.97769284464994,0
39,83,0.16207122476946834,0.03179183434674284,415.7127576789198,0
39,84,0.16401951461062153,0.031895706404512586,412.6838482576276,0
39,85,0.16597760088197158,0.031942235758561976,408.3103782364983,0
39,86,0.16793856800411594,0.03198267213137908,403.77003042344904,0
39,87,0.16990498146771954,0.03201261887714484,399.4966015105214,0
39,88,0.17190198533450857,0.03198966387242107,395.6821228295925,0
39,89,0.173950742137695,0.031968276001905244,392.42115744078296,0
39,90,0.17597491107799473,0.03210024164845752,388.7593796010842,0
39,91,0.17779158971091863,0.03252370838277053,384.78228552558795,0
39,92,0.17923137648560292,0.033318973546653155,380.82620754214065,0
39,93,0.18017210864015165,0.0344770590763549,377.28753555884884,0
39,94,0.18056188865402925,0.03589284652239847,373.2236020476802,0
39,95,0.18043548913838142,0.03737728228632428,369.51984142959975,0
39,96,0.17990857033980281,0.03873211061731017,365.8874391110747,0
39,97,0.17912974249605568,0.03985231212186611,362.865244438073,0
39,98,0.17821301257750513,0.040720112361467574,362.43802437327633,0
39,99,0.17722606904773391,0.041366908529537595,362.0957841394347,0
39,100,0.17622082782541995,0.04186418815298543,361.8408319847289,0
39,101,0.17521347600246392,0.042281236203244234,361.651668564343,0
39,102,0.17421869647656935,0.042708179009306374,361.5213153323961,0
39,103,0.17330075558027563,0.043211522850574086,361.4186524245339,0
39,104,0.17255158614374294,0.043796935464599916,361.323654675355,0
39,105,0.17204517835683425,0.04443379907760097,361.1445326603627,0
39,106,0.1717954377189639,0.045101573589349825,360.8849450068651,0
39,107,0.1717581200613117,0.04580219694144982,360.6164915540422,0
39,108,0.17187066291444966,0.04655636143088147,360.29027613725646,0
39,109,0.17207704091998716,0.04741447959030541,359.89415901776937,0
39,110,0.17228767564725558,0.04850998974564542,359.3348179810682,0
39,111,0.17243103995835987,0.04990843853991552,358.6034406072779,0
39,112,0.17252169220801727,0.05151915397243841,357.74429469025347,0
39,113,0.17265006387237752,0.05320595840621,356.8723823707981,0
39,114,0.17284101128525112,0.05491163229713534,356.0084754763003,0
39,115,0.17308962424763735,0.05661268862931091,355.1948206974721,0
39,116,0.17335561900268873,0.058328594280628046,354.43003021190003,0
39,117,0.17367485530155966,0.060008803442839924,353.7329431890038,0
39,118,0.17414078329824234,0.06154976394706456,353.10923981913834,0
39,119,0.17481237709546585,0.06288709515814385,352.51763282715694,0
39,120,0.175743969612691,0.06396448363708228,351.86853990127963,0
39,121,0.1769839005663556,0.06473324663962464,351.03713063643835,0
39,122,0.17853249664999998,0.0651931490399342,349.8827762731686,0
40,0,0.0093550600000007,0.010382012,689.019922,0
40,1,0.010488895827525189,0.009638442035071101,689.0832017419127,0
40,2,0.011343803383493821,0.008463116333012636,693.939741367719,0
40,3,0.012394529755601553,0.007397141373257967,702.7741529971236,0
40,4,0.013663645164279646,0.0065165357961640726,695.4514278276672,0
40,5,0.015130801575787329,0.005893525003021216,676.8739510261479,0
40,6,0.017074987344347238,0.005802565485503517,660.9301402916836,0
40,7,0.019162376528324632,0.0059436142148703375,647.5634237811533,0
40,8,0.02116432659678303,0.006086161027919961,636.7208055464877,0
40,9,0.02312598897009914,0.006134722055737699,628.3516972584754,0
40,10,0.025087582512570754,0.006181000750819666,622.4130744427649,0
40,11,0.027049176055042368,0.006227279445901634,618.8762559785739,0
40,12,0.029010769597513978,0.006273558140983601,617.7221567015127,0
40,13,0.030972363139985595,0.006319836836065568,618.9447375760591,0
40,14,0.0329339566824572,0.006366115531147535,622.5504308508939,0
40,15,0.03489558788123995,0.006410569268091813,628.5587252465098,0
40,16,0.03685977481803396,0.006430360517797293,636.9971664174769,0
40,17,0.038830915253997844,0.006439091994084813,647.9038181738832,0
40,18,0.04080134921700582,0.006499737546895409,661.1565774441312,0
40,19,0.04273718896709269,0.0067156232988519575,673.8033759709735,0
40,20,0.04461695198214384,0.007154775566621225,667.6475821329133,0
40,21,0.04645111104848145,0.0078025679594530386,639.2094089754762,0
40,22,0.04826577351496022,0.008548802346070005,614.1325022422941,0
40,23,0.05008845051833574,0.009254466012186418,597.1953138578709,0
40,24,0.051946534846957174,0.009786281826235014,583.356669197826,0
40,25,0.053859327795506534,0.010091351122186837,571.3443136493787,0
40,26,0.05581998354704126,0.010203796023949916,561.0137350847217,0
40,27,0.05779352088503517,0.010223126539947475,552.8257449944788,0
40,28,0.059760312248818684,0.010234269994227269,546.7765077215141,0
40,29,0.06172235224665651,0.010271176283102704,542.8199337860951,0
40,30,0.06368394556134019,0.010317227514140518,540.9211298580085,0
40,31,0.06564553889159488,0.010363294294045861,541.0615685324624,0
40,32,0.06760713548801876,0.010409125255751783,543.2486650767629,0
40,33,0.06957002514943238,0.010437299418170225,547.4990112864272,0
40,34,0.07153895777299779,0.010445872378163468,553.8479085810536,0
40,35,0.07351138277439043,0.010484031656801434,562.3524847072573,0
40,36,0.0754621180558228,0.01064333298339392,573.2206579478728,0
40,37,0.07737090621107699,0.010986778369201982,586.3966115086052,0
40,38,0.07922712527252071,0.011539573798370506,599.2418037779795,0
40,39,0.08102971821227409,0.012289267120694076,609.2632009360563,0
40,40,0.08278040793838773,0.01320061941466644,616.3364543753629,0
40,41,0.0844994407660717,0.014192869121586259,620.6083931669527,0
40,42,0.08623207404832338,0.015153459843409585,621.8901534666479,0
40,43,0.08801265361699609,0.015976090422483834,621.1221213624178,0
40,44,0.08984585033278435,0.016615504325488695,620.2553572891766,0
40,45,0.09173323120652475,0.017046164633059354,620.1981564128431,0
40,46,0.09366823863745977,0.017277348624625054,621.3454278294477,0
40,47,0.09563468602602065,0.01735610961706017,624.4465128351121,0
40,48,0.09760695893438315,0.017366905900549637,630.5655566290087,0
40,49,0.09957183580963637,0.01738394623843026,638.5920847595487,0
40,50,0.10153354603851382,0.017426344054098344,644.715740609554,0
40,51,0.10349513958098545,0.01747262274918031,645.4831137167553,0
40,52,0.10545673312345707,0.01751890144426228,637.3963680601323,0
40,53,0.10741832666592868,0.017565180139344248,622.2299974708828,0
40,54,0.10937992020840029,0.017611458834426212,607.0077159640521,0
40,55,0.11134151375087188,0.01765773752950818,594.1999104550375,0
40,56,0.11330310729334349,0.017704016224590148,583.9380078809063,0
40,57,0.11526518443881131,0.01774063206025198,576.1537206543122,0
40,58,0.11723188635171775,0.017752459757660398,570.7927236852788,0
40,59,0.1192057026803088,0.017771849845531696,567.8045007178102,0
40,60,0.12116426535776449,0.017889352225018317,567.0687603826334,0
40,61,0.1230745730151615,0.01820335047659189,567.8152945963138,0
40,62,0.1249362797070686,0.01873512871930649,567.5122296445365,0
40,63,0.1267700900406329,0.0194111675263754,562.2093766679108,0
40,64,0.1286004840924064,0.020104803157857475,551.3504571574733,0
40,65,0.1304523847825103,0.020679627859671493,538.2701711191629,0
40,66,0.1323527496084675,0.021021781930556628,525.7111870254613,0
40,67,0.13431211616419028,0.02115787575213642,513.2680300777605,0
40,68,0.1362868115051284,0.021252816293484432,501.3071900511459,0
40,69,0.1382184305858869,0.02149223604461594,489.07993398255707,0
40,70,0.14008861189567495,0.021967067739873083,476.9883871009837,0
40,71,0.14189625447657409,0.022676185074136317,467.6040086818935,0
40,72,0.14364750493514344,0.023566231568482997,461.21250055314215,0
40,73,0.14535832023600442,0.024559756381102835,456.2487658080476,0
40,74,0.14705414461875124,0.02556712524861235,451.9256390499758,0
40,75,0.14875681009376676,0.026551734779253995,448.0611572661988,0
40,76,0.15045986582826557,0.027535564455154166,444.6581952060378,0
40,77,0.15215586685564425,0.02854171322045678,441.46723853686564,0
40,78,0.15386556293453485,0.029537156707668554,437.89846858216396,0
40,79,0.1556146904944826,0.030433568014900915,433.2275364589267,0
40,80,0.1574196289377021,0.03115214368502065,427.9396826591804,0
40,81,0.1592858858553074,0.03165405225917906,422.72188112732886,0
40,82,0.16120797532972414,0.0319406404128658,417.906467522313,0
40,83,0.16316955550614837,0.032053198992270965,413.21969570141977,0
40,84,0.16514332413611071,0.0320731407370478,408.77531267015775,0
40,85,0.16711025168287102,0.03208418163689525,404.54118094898956,0
40,86,0.16907232394780505,0.032120777977049146,400.464383663677,0
40,87,0.1710375747485396,0.032142815121778565,396.49342718297976,0
40,88,0.17304736869876472,0.03209069025765103,392.58020481781796,0
40,89,0.17511599423543742,0.03209710724476716,388.67234151977414,0
40,90,0.17709784026161365,0.032370287586155934,384.68352101987523,0
40,91,0.17874101401980352,0.0330373316234223,380.23636986877705,0
40,92,0.17988314130870997,0.03415670944603168,376.41427281990434,0
40,93,0.18039432730910196,0.03567502957697672,373.04967335506007,0
40,94,0.1802138903270496,0.03741226081328582,370.1237123269608,0
40,95,0.17939843502413996,0.039036596401889306,367.2332258279614,0
40,96,0.1781471853007338,0.040246886604934126,364.876949772962,0
40,97,0.17667145733266956,0.04101315614867169,363.4018957281309,0
40,98,0.17505461287068796,0.04139154715228571,362.6388086169494,0
40,99,0.1733351881903204,0.041486069308026695,362.29206771642833,0
40,100,0.17161713161950246,0.04151491312137941,362.182126904448,0
40,101,0.16977922038135626,0.041557002795820294,362.2535158492044,0
40,102,0.16794981303888107,0.04197967404873347,362.38406263117366,0
40,103,0.16655834061599395,0.04271513699987455,362.60152574725544,0
40,104,0.1659229999058241,0.043539398626774625,362.89170246765445,0
40,105,0.16628743262652484,0.04426333279295436,362.8314443732794,0
40,106,0.16738717477844756,0.0449772502795705,362.06752282145743,0
40,107,0.16886898474476789,0.04577402246063179,361.5334603091163,0
40,108,0.1703167110776922,0.04675224007828532,361.091309512581,0
40,109,0.17125018285685426,0.04793842317085058,360.2208197739383,0
40,110,0.17162589304434142,0.0496086466780465,359.28762613582535,0
40,111,0.1717085740950634,0.051564805404123004,358.2498490985203,0
40,112,0.17170709131164605,0.05354859643181616,357.2047712305792,0
40,113,0.171838614229508,0.05541889563250946,356.2061746758283,0
40,114,0.1719772464262293,0.05728813567334174,355.2798516211065,0
40,115,0.17211587862295064,0.05915737571417404,354.4712800828373,0
40,116,0.17209504597344472,0.061186080601233525,353.7902980869189,0
40,117,0.17217426430894625,0.06311473450328556,353.284312479782,0
40,118,0.17255380425290232,0.06474306679688309,352.99214254854405,0
40,119,0.173212971417154,0.06609177187018525,352.95195612315496,0
40,120,0.1743634267713071,0.06694918875358576,352.26203566900915,1
40,121,0.17614535975177462,0.06717512801067177,351.2129816062521,1
40,122,0.17848634,0.06684202,349.676172,0
