edge_name,edge_point_id,X_m,Y_m,Z_m,Temperature_C,node_id,chainage,distance_to_ref,is_corner
Bottom,0,0.0,0.0020230119999999,0,754.0751,2790,0.0,0.0,True
Bottom,1,0.0004143700000005,0.0020230119999999,0,752.01882,1022,0.0004143700000005,0.0,False
Bottom,2,0.00082731,0.0020230119999999,0,750.42672,1034,0.00082731,0.0,False
Bottom,3,0.0012402500000003,0.0020230119999999,0,749.16525,2789,0.0012402500000003,0.0,False
Bottom,4,0.0016531900000007,0.0020230119999999,0,748.16189,1036,0.0016531900000007,0.0,False
Bottom,5,0.0020661300000002,0.0020150099999999,0,747.42629,1029,0.0020662075245727056,0.0,False
Bottom,6,0.0024561800000002,0.001888007,0,747.251,1051,0.0024764132833194285,0.0,False
Bottom,7,0.0027623100000004,0.001613006,0,748.09536,2788,0.0028879240692061686,0.0,False
Bottom,8,0.0029320699999999,0.0012380039999999,0,750.10269,2781,0.0032995609936965565,0.0,False
Bottom,9,0.0029539999999999,0.0008269999999999,0,752.89016,2787,0.0037111496389675355,0.0,False
Bottom,10,0.0029539999999999,0.0004140139999999,0,756.15688,2760,0.004124135638967535,0.0,False
Bottom,11,0.0029539999999999,0.0,0,760.00991,2759,0.004538149638967435,0.0,False
Bottom,12,0.0033540700000003,0.0,0,759.56289,2758,0.004938219638967836,0.0,False
Bottom,13,0.0037531800000003,0.0,0,758.54849,2762,0.005337329638967836,0.0,False
Bottom,14,0.0041532499999998,0.0,0,757.20632,2755,0.005737399638967336,0.0,False
Bottom,15,0.0045523599999999,0.0,0,755.45876,2766,0.006136509638967436,0.0,False
Bottom,16,0.0049519500000005,0.0,0,751.81594,1008,0.006536099638968036,0.0,False
Bottom,17,0.0053763300000007,0.0,0,747.4938,998,0.006960479638968236,0.0,False
Bottom,18,0.0058012000000005,0.0,0,744.80056,2768,0.007385349638968036,0.0,False
Bottom,19,0.0062250999999999,0.0,0,742.803,2775,0.007809249638967436,0.0,False
Bottom,20,0.0066499700000006,0.0,0,741.2593,2776,0.008234119638968137,0.0,False
Bottom,21,0.0070743499999999,0.0,0,740.10916,2770,0.008658499638967438,0.0,False
Bottom,22,0.0074992100000006,0.0,0,739.33608,2773,0.009083359638968138,0.0,False
Bottom,23,0.00792312,0.0,0,739.00472,67,0.009507269638967537,0.0,False
Bottom,24,0.0083479799999999,0.0,0,739.24154,2774,0.009932129638967438,0.0,False
Bottom,25,0.0087723699999999,0.0,0,740.37332,2849,0.010356519638967436,0.0,False
Bottom,26,0.0091972300000007,0.0,0,743.5527,2848,0.010781379638968237,0.0,False
Bottom,27,0.0095462800000003,0.0,0,746.33285,2851,0.011130429638967838,0.0,False
Bottom,28,0.0098962700000004,0.0,0,746.80044,2850,0.011480419638967936,0.0,False
Bottom,29,0.0102453200000001,0.0,0,746.70248,2852,0.011829469638967636,0.0,False
Bottom,30,0.0105953200000002,0.0,0,746.26541,1209,0.012179469638967736,0.0,False
Bottom,31,0.0109443599999999,0.0,0,744.35513,1073,0.012528509638967436,0.0,False
Bottom,32,0.01124334,0.0,0,742.94235,2853,0.012759381184012134,0.0001899648887529905,False
Bottom,33,0.01124334,0.0002460039999999,0,742.05355,1072,0.012915687903357382,0.0,False
Bottom,34,0.01124334,0.0004920069999999,0,740.47787,1103,0.013161690903357382,0.0,False
Bottom,35,0.01124334,0.0009829999999999,0,736.28695,2844,0.013652683903357382,0.0,False
Bottom,36,0.0112643200000004,0.001475007,0,731.31588,1102,0.014145138011319856,0.0,False
Bottom,37,0.0113883000000001,0.001949013,0,725.673853,1101,0.014635089772655527,0.0,False
Bottom,38,0.0116271900000005,0.0023780019999999,0,719.642908,2846,0.015126109114658575,0.0,False
Bottom,39,0.01196193,0.0027360029999999,0,713.45553,2843,0.015616227042917341,0.0,False
Bottom,40,0.0123753500000001,0.003002003,0,707.175867,2807,0.01610782860556756,0.0,False
Bottom,41,0.0128402699999999,0.0031610129999999,0,701.105615,1083,0.016599188744874545,0.0,False
Bottom,42,0.0133290200000005,0.00320001,0,695.384546,1060,0.01708949204744306,0.0,False
Bottom,43,0.0138211200000002,0.00320001,0,690.329309,300,0.01758159204744276,0.0,False
Bottom,44,0.0143122600000005,0.00320001,0,685.660974,301,0.01807273204744306,0.0,False
Bottom,45,0.0148043600000003,0.00320001,0,681.211755,429,0.01856483204744286,0.0,False
Bottom,46,0.0152950199999999,0.00320001,0,676.955103,1075,0.01905549204744246,0.0,False
Bottom,47,0.0157871200000006,0.00320001,0,672.856348,2812,0.019547592047443156,0.0,False
Bottom,48,0.01627826,0.00320001,0,668.925562,2809,0.020038732047442557,0.0,False
Bottom,49,0.0167703600000007,0.00320001,0,665.143457,2810,0.020530832047443257,0.0,False
Bottom,50,0.0172619800000007,0.00320001,0,661.516199,2811,0.021022452047443258,0.0,False
Bottom,51,0.0177531200000001,0.00320001,0,658.04928,1069,0.02151359204744266,0.0,False
Bottom,52,0.0182452200000007,0.00320001,0,654.72738,1076,0.022005692047443258,0.0,False
Bottom,53,0.0187363600000001,0.00320001,0,651.563135,2825,0.02249683204744266,0.0,False
Bottom,54,0.0192279800000001,0.00320001,0,648.542688,1079,0.022988452047442657,0.0,False
Bottom,55,0.0197191200000004,0.00320001,0,645.677332,328,0.023479592047442956,0.0,False
Bottom,56,0.0202112200000002,0.00320001,0,642.954736,327,0.023971692047442757,0.0,False
Bottom,57,0.0207023600000005,0.00320001,0,640.385095,2838,0.024462832047443057,0.0,False
Bottom,58,0.0211939800000005,0.00320001,0,637.957178,2839,0.02495445204744306,0.0,False
Bottom,59,0.0216851199999999,0.00320001,0,635.680261,302,0.02544559204744246,0.0,False
Bottom,60,0.0221772100000006,0.00320001,0,633.544336,58,0.025937682047443157,0.0,False
Bottom,61,0.0226683599999999,0.00320001,0,631.557458,57,0.02642883204744246,0.0,False
Bottom,62,0.02315998,0.00320001,0,629.710962,2840,0.026920452047442558,0.0,False
Bottom,63,0.0236520700000007,0.00320001,0,628.008508,2842,0.02741254204744326,0.0,False
Bottom,64,0.0241432100000001,0.00320001,0,626.4526,2841,0.027903682047442657,0.0,False
Bottom,65,0.0246353100000007,0.00320001,0,625.036462,1208,0.02839578204744326,0.0,False
Bottom,66,0.0251259800000003,0.00320001,0,623.765405,1207,0.02888645204744286,0.0,False
Bottom,67,0.0256180700000002,0.00320001,0,622.633875,2928,0.02937854204744276,0.0,False
Bottom,68,0.0261092100000004,0.00320001,0,621.646082,2859,0.029869682047442957,0.0,False
Bottom,69,0.0266013100000002,0.00320001,0,620.797815,1212,0.03036178204744276,0.0,False
Bottom,70,0.0270919800000007,0.00320001,0,620.092188,97,0.030852452047443257,0.0,False
Bottom,71,0.0275840700000005,0.00320001,0,619.526086,309,0.03134454204744305,0.0,False
Bottom,72,0.0280752099999999,0.00320001,0,619.101709,308,0.03183568204744246,0.0,False
Bottom,73,0.0285673100000006,0.00320001,0,618.817102,1194,0.03232778204744316,0.0,False
Bottom,74,0.0290579800000001,0.00320001,0,618.673486,1108,0.03281845204744266,0.0,False
Bottom,75,0.02955007,0.00320001,0,618.670068,1107,0.03331054204744256,0.0,False
Bottom,76,0.0300421700000006,0.00320001,0,618.807397,2926,0.03380264204744316,0.0,False
Bottom,77,0.03053331,0.00320001,0,619.084802,1190,0.03429378204744256,0.0,False
Bottom,78,0.0310254100000007,0.00320001,0,619.503442,2922,0.03478588204744326,0.0,False
Bottom,79,0.0315160700000003,0.00320001,0,620.061731,2923,0.03527654204744286,0.0,False
Bottom,80,0.0320081700000001,0.00320001,0,620.76217,339,0.035768642047442664,0.0,False
Bottom,81,0.0324993100000004,0.00320001,0,621.602075,338,0.036259782047442964,0.0,False
Bottom,82,0.0329914000000002,0.00320001,0,622.585168,1160,0.03675187204744276,0.0,False
Bottom,83,0.0334820700000007,0.00320001,0,623.707727,1162,0.03724254204744326,0.0,False
Bottom,84,0.0339741700000005,0.00320001,0,624.974695,2921,0.03773464204744306,0.0,False
Bottom,85,0.0344653100000007,0.00320001,0,626.38125,2919,0.038225782047443264,0.0,False
Bottom,86,0.0349574000000006,0.00320001,0,627.933557,2920,0.03871787204744317,0.0,False
Bottom,87,0.0354480700000002,0.00320001,0,629.625818,2895,0.039208542047442764,0.0,False
Bottom,88,0.0359401699999999,0.00320001,0,631.465356,1180,0.03970064204744247,0.0,False
Bottom,89,0.0364322600000007,0.00320001,0,633.449548,1179,0.040192732047443266,0.0,False
Bottom,90,0.0369234000000001,0.00320001,0,635.574365,2860,0.040683872047442664,0.0,False
Bottom,91,0.0374150200000001,0.00320001,0,637.849268,1112,0.04117549204744266,0.0,False
Bottom,92,0.0379061700000003,0.00320001,0,640.265771,1105,0.041666642047442866,0.0,False
Bottom,93,0.0383982600000001,0.00320001,0,642.83468,1104,0.042158732047442665,0.0,False
Bottom,94,0.0388894000000004,0.00320001,0,645.546777,2896,0.042649872047442965,0.0,False
Bottom,95,0.0393810200000004,0.00320001,0,648.415186,2898,0.04314149204744296,0.0,False
Bottom,96,0.0398721700000007,0.00320001,0,651.431604,2899,0.043632642047443264,0.0,False
Bottom,97,0.0403642600000005,0.00320001,0,654.614954,1166,0.04412473204744306,0.0,False
Bottom,98,0.0408553999999999,0.00320001,0,657.965479,1165,0.04461587204744247,0.0,False
Bottom,99,0.0413470199999999,0.00320001,0,661.52572,1106,0.045107492047442466,0.0,False
Bottom,100,0.0418381600000002,0.00320001,0,665.34939,317,0.045598632047442765,0.0,False
Bottom,101,0.04233026,0.00320001,0,669.639734,316,0.046090732047442566,0.0,False
Bottom,102,0.0428214000000002,0.0031800119999999,0,674.812158,2858,0.04658227901325987,0.0,False
Bottom,103,0.04329538,0.003056005,0,681.263696,1390,0.04707221245409524,0.0,False
Bottom,104,0.0437250100000002,0.0028180039999999,0,689.051782,2866,0.04756336051008368,0.0,False
Bottom,105,0.0440840700000003,0.0024830109999999,0,698.773767,2864,0.048054425061491206,0.0,False
Bottom,106,0.0443501400000006,0.0020700099999999,0,710.014612,319,0.04854571221876398,0.0,False
Bottom,107,0.0445094100000007,0.0016050039999999,0,721.253748,318,0.0490372379179253,0.0,False
Bottom,108,0.0445489800000001,0.001116008,0,730.44357,1116,0.04952783232567559,0.0,False
Bottom,109,0.0445489800000001,0.0006240009999999,0,736.79806,1122,0.05001983932567569,0.0,False
Bottom,110,0.0446782100000007,0.0001650009999999,0,740.54391,2854,0.05049668457615026,0.0,False
Bottom,111,0.0451231000000005,0.0,0,745.91714,70,0.05097118688605064,0.0,False
Bottom,112,0.0454993200000002,0.0,0,749.79995,69,0.051347406886050335,0.0,False
Bottom,113,0.0458741100000006,0.0,0,751.80374,1124,0.05172219688605074,0.0,False
Bottom,114,0.0462493900000007,0.0,0,753.45742,1148,0.05209747688605084,0.0,False
Bottom,115,0.0466251300000007,0.0,0,755.02261,1127,0.05247321688605084,0.0,False
Bottom,116,0.0470003999999999,0.0,0,756.45217,2875,0.05284848688605004,0.0,False
Bottom,117,0.0473752000000003,0.0,0,757.42739,1150,0.053223286886050436,0.0,False
Bottom,118,0.0477499900000007,0.0,0,757.75283,2872,0.05359807688605084,0.0,False
Bottom,119,0.0481262200000003,0.0,0,756.62991,1129,0.05397430688605044,0.0,False
Bottom,120,0.0485443999999999,0.0,0,755.24075,2876,0.054392486886050036,0.0,False
Bottom,121,0.0489621100000006,0.0,0,754.91763,2879,0.05481019688605074,0.0,False
Bottom,122,0.0493803000000002,0.0,0,754.87441,2880,0.05522838688605034,0.0,False
Bottom,123,0.0497980099999999,0.0,0,754.8926,395,0.05564609688605004,0.0,False
Bottom,124,0.0502161900000004,0.0,0,754.8948,73,0.05606427688605054,0.0,False
Bottom,125,0.05063438,0.0,0,754.86599,2881,0.05648246688605014,0.0,False
Bottom,126,0.0510520900000007,0.0,0,754.81436,2882,0.05690017688605084,0.0,False
Bottom,127,0.0514712300000006,0.0,0,754.75149,2886,0.05731931688605074,0.0,False
Bottom,128,0.0514712300000006,0.0003260079999999,0,754.80398,2883,0.05764532488605064,0.0,False
Bottom,129,0.0514712300000006,0.0006530139999999,0,754.85598,1139,0.05797233088605064,0.0,False
Bottom,130,0.0514712300000006,0.0009790069999999,0,754.90139,399,0.058298323886050635,0.0,False
Bottom,131,0.0514712300000006,0.0013050139999999,0,754.91763,398,0.05862433088605064,0.0,False
Bottom,132,0.0511240900000001,0.0015050029999999,0,755.02627,2887,0.059024957619708475,0.0,False
Bottom,133,0.0507783800000006,0.0017050059999999,0,755.2145,2885,0.05942435291776374,0.0,False
Bottom,134,0.0504312499999999,0.0019050089999999,0,755.52432,1142,0.05982497797552909,0.0,False
Bottom,135,0.0500850600000007,0.0021050129999999,0,756.07021,2888,0.060224789326187675,0.0,False
Bottom,136,0.0497393600000002,0.002305001,0,757.30227,2889,0.060624168457020004,0.0,False
Bottom,137,0.0493311800000003,0.002305001,0,757.44302,2891,0.0610323484570199,0.0,False
Bottom,138,0.0489239600000007,0.002305001,0,756.34072,2892,0.0614395684570195,0.0,False
Bottom,139,0.0485172199999999,0.002305001,0,754.88357,2893,0.0618463084570203,0.0,False
Bottom,140,0.0481100000000003,0.002305001,0,753.16995,324,0.062253528457019904,0.0,False
Bottom,141,0.0477032600000005,0.002305001,0,751.03787,1171,0.0626602684570197,0.0,False
Bottom,142,0.04729604,0.002305001,0,747.90524,2870,0.0630674884570202,0.0,False
Bottom,143,0.0468883500000006,0.002305001,0,741.55734,2869,0.06347517845701961,0.0,False
Bottom,144,0.0464630100000001,0.0023260119999999,0,730.78555,2867,0.06390103709286185,0.0,False
Bottom,145,0.04614925,0.0025980029999999,0,717.101465,2868,0.06431627731451801,0.0,False
Bottom,146,0.0461053800000002,0.0030190049999999,0,703.841943,2865,0.06473955885309958,0.0,False
Bottom,147,0.0461053800000002,0.003447011,0,693.337183,315,0.06516756485309969,0.0,False
Bottom,148,0.0461053800000002,0.0038750029999999,0,683.308801,2904,0.06559555685309959,0.0,False
Bottom,149,0.0462141000000003,0.004277006,0,672.261255,2906,0.06601200186796842,0.0,False
Bottom,150,0.0465850800000007,0.004464001,0,661.249475,1186,0.06642744535440827,0.0,False
Bottom,151,0.0470123200000003,0.0044650139999999,0,652.939783,1185,0.06685468655533423,0.0,False
Bottom,152,0.0474400500000005,0.0044650139999999,0,646.935083,2901,0.06728241655533443,0.0,False
Bottom,153,0.0478672900000001,0.0044650139999999,0,642.368616,1384,0.06770965655533404,0.0,False
Bottom,154,0.0482950200000003,0.0044650139999999,0,639.260583,331,0.06813738655533425,0.0,False
Bottom,155,0.0487222599999999,0.0044650139999999,0,637.894006,330,0.06856462655533385,0.0,False
Bottom,156,0.0487222599999999,0.0049080109999999,0,636.779749,329,0.06900762355533385,0.0,False
Bottom,157,0.0487561200000002,0.0053459999999999,0,632.263879,1174,0.06944691942797668,0.0,False
Bottom,158,0.0490679700000003,0.005641014,0,624.350183,1358,0.06987620218176038,0.0,False
Bottom,159,0.0495090400000002,0.005665005,0,617.222375,2935,0.0703179241678341,0.0,False
Bottom,160,0.04995203,0.005665005,0,611.996118,2939,0.0707609141678339,0.0,False
Bottom,161,0.0503940500000004,0.005665005,0,607.928613,2953,0.0712029341678343,0.0,False
Bottom,162,0.0508370400000002,0.005665005,0,604.642969,1223,0.07164592416783411,0.0,False
Bottom,163,0.0512800200000001,0.005665005,0,602.142603,2950,0.072088904167834,0.0,False
Bottom,164,0.0517220500000004,0.005665005,0,600.941919,2954,0.07253093416783431,0.0,False
Bottom,165,0.0517973899999999,0.0061480109999999,0,599.473779,2955,0.07301978067916054,0.0,False
Bottom,166,0.0520873000000002,0.0065400009999999,0,595.331079,1350,0.07350732961844784,0.0,False
Bottom,167,0.05252838,0.0067500029999999,0,590.059351,1349,0.07399585024892708,0.0,False
Bottom,168,0.0530190400000006,0.0067680029999999,0,585.31283,2951,0.07448684030544614,0.0,False
Bottom,169,0.0535111400000003,0.0067680029999999,0,581.443811,488,0.07497894030544583,0.0,False
Bottom,170,0.0540032300000002,0.0067680029999999,0,578.024194,3020,0.07547103030544573,0.0,False
Bottom,171,0.05449533,0.0067680029999999,0,574.886804,100,0.07596313030544553,0.0,False
Bottom,172,0.05498695,0.0067680029999999,0,571.947473,99,0.07645475030544553,0.0,False
Bottom,173,0.0554790500000006,0.0067680029999999,0,569.175806,459,0.07694685030544612,0.0,False
Bottom,174,0.0559711400000005,0.0067680029999999,0,566.555078,458,0.07743894030544603,0.0,False
Bottom,175,0.0564632400000002,0.0067680029999999,0,564.076501,3018,0.07793104030544573,0.0,False
Bottom,176,0.0569553300000001,0.0067680029999999,0,561.73446,501,0.07842313030544563,0.0,False
Bottom,177,0.0574469500000001,0.0067680029999999,0,559.525293,109,0.07891475030544563,0.0,False
Bottom,178,0.0579390499999999,0.0067680029999999,0,557.446313,108,0.07940685030544543,0.0,False
Bottom,179,0.0584311400000006,0.0067680029999999,0,555.497034,3023,0.07989894030544614,0.0,False
Bottom,180,0.0589232400000004,0.0067680029999999,0,553.676233,3012,0.08039104030544594,0.0,False
Bottom,181,0.0594153400000001,0.0067680029999999,0,551.982996,1340,0.08088314030544565,0.0,False
Bottom,182,0.0599083900000004,0.0067680029999999,0,550.412744,1339,0.08137619030544595,0.0,False
Bottom,183,0.0604000000000005,0.0067680029999999,0,548.97085,3010,0.08186780030544605,0.0,False
Bottom,184,0.0608921000000002,0.0067680029999999,0,547.653345,3011,0.08235990030544574,0.0,False
Bottom,185,0.0613842,0.0067680029999999,0,546.459863,3005,0.08285200030544554,0.0,False
Bottom,186,0.0618762900000007,0.0067680029999999,0,545.389795,3004,0.08334409030544623,0.0,False
Bottom,187,0.0623683900000005,0.0067680029999999,0,544.442407,361,0.08383619030544603,0.0,False
Bottom,188,0.0628600100000005,0.0067680029999999,0,543.61709,363,0.08432781030544603,0.0,False
Bottom,189,0.0633521000000004,0.0067680029999999,0,542.913721,405,0.08481990030544594,0.0,False
Bottom,190,0.0638442000000001,0.0067680029999999,0,542.331812,404,0.08531200030544564,0.0,False
Bottom,191,0.0643362999999999,0.0067680029999999,0,541.871057,3,0.08580410030544544,0.0,False
Bottom,192,0.0648283900000006,0.0067680029999999,0,541.531091,3014,0.08629619030544614,0.0,False
Bottom,193,0.0653200100000007,0.0067680029999999,0,541.311914,3016,0.08678781030544624,0.0,False
Bottom,194,0.0658121100000004,0.0067680029999999,0,541.213281,1240,0.08727991030544593,0.0,False
Bottom,195,0.0663042000000003,0.0067680029999999,0,541.235254,1242,0.08777200030544584,0.0,False
Bottom,196,0.0667963,0.0067680029999999,0,541.377832,1241,0.08826410030544554,0.0,False
Bottom,197,0.0672893500000002,0.0067680029999999,0,541.641687,408,0.08875715030544575,0.0,False
Bottom,198,0.0677809700000003,0.0067680029999999,0,542.025903,495,0.08924877030544584,0.0,False
Bottom,199,0.0682730600000001,0.0067680029999999,0,542.530969,3000,0.08974086030544563,0.0,False
Bottom,200,0.0687651599999999,0.0067680029999999,0,543.157312,2982,0.09023296030544543,0.0,False
Bottom,201,0.0692572500000006,0.0067680029999999,0,543.905298,384,0.09072505030544614,0.0,False
Bottom,202,0.0697493500000004,0.0067680029999999,0,544.775354,383,0.09121715030544594,0.0,False
Bottom,203,0.0702409700000004,0.0067670049999999,0,545.767664,1289,0.09170877131842647,0.0,False
Bottom,204,0.0707330700000002,0.0067670049999999,0,546.882471,2980,0.09220087131842628,0.0,False
Bottom,205,0.07122516,0.0067670049999999,0,548.121057,1318,0.09269296131842607,0.0,False
Bottom,206,0.0717172600000007,0.0067670049999999,0,549.483728,1245,0.09318506131842677,0.0,False
Bottom,207,0.0722093500000005,0.0067670049999999,0,550.971216,480,0.09367715131842658,0.0,False
Bottom,208,0.0727009700000005,0.0067670049999999,0,552.584253,479,0.09416877131842658,0.0,False
Bottom,209,0.0731930700000003,0.0067670049999999,0,554.323572,1251,0.09466087131842638,0.0,False
Bottom,210,0.0736851600000001,0.0067670049999999,0,556.190088,1134,0.09515296131842617,0.0,False
Bottom,211,0.0741782100000004,0.0067670049999999,0,558.188623,375,0.09564601131842647,0.0,False
Bottom,212,0.0746703100000001,0.0067670049999999,0,560.311853,374,0.09613811131842617,0.0,False
Bottom,213,0.0751624099999999,0.0067670049999999,0,562.564111,2986,0.09663021131842597,0.0,False
Bottom,214,0.0756540299999999,0.0067670049999999,0,564.945032,2987,0.09712183131842597,0.0,False
Bottom,215,0.0761461200000006,0.0067670049999999,0,567.453149,2985,0.09761392131842667,0.0,False
Bottom,216,0.0766382200000004,0.0067670049999999,0,570.084314,1297,0.09810602131842647,0.0,False
Bottom,217,0.0771303100000003,0.0067670049999999,0,572.830103,1296,0.09859811131842637,0.0,False
Bottom,218,0.0776219300000003,0.0067670049999999,0,575.676416,2941,0.09908973131842637,0.0,False
Bottom,219,0.0781140300000001,0.0067670049999999,0,578.602869,1299,0.09958183131842617,0.0,False
Bottom,220,0.0786061199999999,0.0067670049999999,0,581.584436,2943,0.10007392131842598,0.0,False
Bottom,221,0.0790982200000006,0.0067670049999999,0,584.594446,2940,0.10056602131842667,0.0,False
Bottom,222,0.0795903200000003,0.0067670049999999,0,587.605005,1282,0.10105812131842637,0.0,False
Bottom,223,0.0800819400000004,0.0067670049999999,0,590.595605,1284,0.10154974131842648,0.0,False
Bottom,224,0.0805740300000002,0.0067670049999999,0,593.547205,472,0.10204183131842627,0.0,False
Bottom,225,0.08106613,0.0067670049999999,0,596.450464,1254,0.10253393131842607,0.0,False
Bottom,226,0.0815591800000002,0.0067670049999999,0,599.311365,1253,0.10302698131842628,0.0,False
Bottom,227,0.08205127,0.0067670049999999,0,602.12948,2944,0.10351907131842607,0.0,False
Bottom,228,0.0825433700000007,0.0067670049999999,0,604.94845,2947,0.10401117131842677,0.0,False
Bottom,229,0.0830349900000007,0.006753013,0,607.782007,2949,0.10450299039132248,0.0,False
Bottom,230,0.0835251800000005,0.006715,0,610.593469,1271,0.1049946520882939,0.0,False
Bottom,231,0.0840129800000007,0.0066530109999999,0,613.372949,470,0.10548637505513722,0.0,False
Bottom,232,0.0844984000000002,0.0065670019999999,0,616.109399,1270,0.10597935591123664,0.0,False
Bottom,233,0.0849771500000003,0.0064570009999999,0,618.777979,1269,0.10647058068921623,0.0,False
Bottom,234,0.0854520800000005,0.006328002,0,621.372278,255,0.10696271811606077,0.0,False
Bottom,235,0.0859260500000003,0.0061970059999999,0,623.896387,257,0.10745445738937116,0.0,False
Bottom,236,0.0864009800000005,0.0060680059999999,0,626.383875,2958,0.10794659507833655,0.0,False
Bottom,237,0.0868811599999999,0.0059600029999999,0,628.868005,2957,0.10843877134798842,0.0,False
Bottom,238,0.0873661000000006,0.0058750069999999,0,631.435449,2956,0.10893110367844892,0.0,False
Bottom,239,0.0878543800000005,0.0058140009999999,0,634.156335,1313,0.10942317998395032,0.0,False
Bottom,240,0.08834505,0.005777002,0,637.073999,390,0.10991524296254199,0.0,False
Bottom,241,0.0888371399999999,0.0057650059999999,0,640.318018,1261,0.11040747915799688,0.0,False
Bottom,242,0.0893292400000005,0.0057650059999999,0,643.962183,1262,0.11089957915799749,0.0,False
Bottom,243,0.0898213300000004,0.0057650059999999,0,648.053003,1264,0.11139166915799738,0.0,False
Bottom,244,0.0903129500000004,0.0057650059999999,0,652.579736,1276,0.11188328915799739,0.0,False
Bottom,245,0.0908050500000002,0.0057650059999999,0,657.496667,2961,0.11237538915799719,0.0,False
Bottom,246,0.0912971499999999,0.0057650059999999,0,662.718103,1503,0.11286748915799688,0.0,False
Bottom,247,0.0917892400000007,0.0057650059999999,0,668.119287,2971,0.11335957915799769,0.0,False
Bottom,248,0.0922813400000004,0.0057650059999999,0,673.570215,2964,0.11385167915799739,0.0,False
Bottom,249,0.0927729600000005,0.0057650059999999,0,678.970117,2963,0.11434329915799749,0.0,False
Bottom,250,0.0932650500000003,0.0057650059999999,0,684.290002,1267,0.11483538915799728,0.0,False
Bottom,251,0.0937571500000001,0.0057650059999999,0,689.566309,16,0.11532748915799708,0.0,False
Bottom,252,0.0942492399999999,0.0057650059999999,0,694.912622,18,0.11581957915799689,0.0,False
Bottom,253,0.0947422900000001,0.0057650059999999,0,700.526758,1279,0.11631262915799709,0.0,False
Bottom,254,0.0952343899999999,0.0057650059999999,0,706.841821,1841,0.11680472915799689,0.0,False
Bottom,255,0.0957260099999999,0.0057650059999999,0,714.383813,2967,0.11729634915799689,0.0,False
Bottom,256,0.0957260099999999,0.0062099999999999,0,713.413721,1306,0.11774134315799689,0.0,False
Bottom,257,0.0957260099999999,0.0066550079999999,0,711.00155,1305,0.11818635115799689,0.0,False
Bottom,258,0.0957260099999999,0.0071000009999999,0,708.670374,1510,0.11863134415799689,0.0,False
Bottom,259,0.0957260099999999,0.0075450099999999,0,706.729578,2975,0.11907635315799689,0.0,False
Bottom,260,0.0957260099999999,0.007991001,0,705.305078,3332,0.119522344157997,0.0,False
Bottom,261,0.0955543500000005,0.0083690139999999,0,703.427332,3331,0.1199375079615357,0.0,False
Bottom,262,0.0951132700000006,0.0083980119999999,0,700.550745,3116,0.12037954014407891,0.0,False
Bottom,263,0.0946683799999999,0.0083980119999999,0,697.502222,3114,0.1208244301440796,0.0,False
Bottom,264,0.0942230200000003,0.0083980119999999,0,694.413843,3137,0.12126979014407921,0.0,False
Bottom,265,0.0937781300000005,0.0083980119999999,0,691.354333,2995,0.121714680144079,0.0,False
Bottom,266,0.0933322900000002,0.0083980119999999,0,688.205835,1519,0.1221605201440793,0.0,False
Bottom,267,0.0928874000000004,0.0083980119999999,0,684.917627,1521,0.12260541014407911,0.0,False
Bottom,268,0.09244203,0.0083980119999999,0,680.967371,519,0.12305078014407951,0.0,False
Bottom,269,0.0919971400000001,0.0083980119999999,0,673.962244,3133,0.1234956701440794,0.0,False
Bottom,270,0.0915250700000003,0.0083980119999999,0,664.75509,3136,0.1239677401440792,0.0,False
Bottom,271,0.0910530000000005,0.0083980119999999,0,655.161584,1501,0.12443981014407901,0.0,False
Bottom,272,0.0907273200000001,0.0086710009999999,0,646.019861,1507,0.12486476950274907,0.0,False
Bottom,273,0.0907263700000005,0.0091430099999999,0,639.352441,1577,0.125336779458768,0.0,False
Bottom,274,0.0907263700000005,0.0096150039999999,0,635.062097,1576,0.125808773458768,0.0,False
Bottom,275,0.0907263700000005,0.010087014,0,631.590723,1605,0.12628078345876811,0.0,False
Bottom,276,0.0907502100000004,0.010555014,0,628.217493,1604,0.12674939027220555,0.0,False
Bottom,277,0.0911493300000004,0.010737002,0,625.958093,1646,0.12718804321764648,0.0,False
Bottom,278,0.0916199600000001,0.010737002,0,624.668848,1648,0.12765867321764618,0.0,False
Bottom,279,0.0920920299999999,0.010737002,0,623.915491,3202,0.12813074321764598,0.0,False
Bottom,280,0.0925641000000006,0.010737002,0,623.415369,1315,0.12860281321764666,0.0,False
Bottom,281,0.0930361700000004,0.010737002,0,623.074243,3134,0.12907488321764649,0.0,False
Bottom,282,0.0935082400000002,0.010737002,0,622.84646,3205,0.12954695321764628,0.0,False
Bottom,283,0.0939793500000006,0.010737002,0,622.704553,3204,0.1300180632176467,0.0,False
Bottom,284,0.0944509500000006,0.010737002,0,622.631799,1650,0.1304896632176467,0.0,False
Bottom,285,0.0949230100000005,0.010737002,0,622.613306,3206,0.1309617232176466,0.0,False
Bottom,286,0.0953950800000003,0.010737002,0,622.637109,3330,0.1314337932176464,0.0,False
Bottom,287,0.0958671500000001,0.010737002,0,622.689661,611,0.1319058632176462,0.0,False
Bottom,288,0.0963382700000004,0.010737002,0,622.75802,610,0.13237698321764652,0.0,False
Bottom,289,0.0968103400000002,0.010737002,0,622.827295,3329,0.1328490532176463,0.0,False
Bottom,290,0.09728241,0.010737002,0,622.880029,3333,0.1333211232176461,0.0,False
Bottom,291,0.0977540000000001,0.010737002,0,622.897791,3322,0.13379271321764621,0.0,False
Bottom,292,0.0982260699999999,0.010737002,0,622.873865,3324,0.134264783217646,0.0,False
Bottom,293,0.0982260699999999,0.011205003,0,622.950281,3323,0.134732784217646,0.0,False
Bottom,294,0.0982260699999999,0.011674002,0,623.083887,1636,0.135201783217646,0.0,False
Bottom,295,0.0982260699999999,0.012142003,0,623.291406,3317,0.135669784217646,0.0,False
Bottom,296,0.0982260699999999,0.012611002,0,623.618311,3328,0.136138783217646,0.0,False
Bottom,297,0.0982260699999999,0.013080001,0,624.199731,3316,0.136607782217646,0.0,False
Bottom,298,0.0983853300000002,0.013504014,0,625.304956,3214,0.13706071794351568,0.0,False
Bottom,299,0.0988202100000004,0.013638005,0,627.008508,1652,0.13751577200896414,0.0,False
Bottom,300,0.0992889400000001,0.013638005,0,628.788171,139,0.13798450200896384,0.0,False
Bottom,301,0.0997571900000001,0.013638005,0,630.554773,3215,0.13845275200896384,0.0,False
Bottom,302,0.1002264,0.013638005,0,632.433069,1827,0.13892196200896373,0.0,False
Bottom,303,0.100694180000001,0.013638005,0,634.478174,1672,0.13938974200896473,0.0,False
Bottom,304,0.10116338,0.013638005,0,636.789331,1671,0.13985894200896373,0.0,False
Bottom,305,0.101632110000001,0.013638005,0,639.636682,3314,0.14032767200896473,0.0,False
Bottom,306,0.10206604,0.013504014,0,643.166956,1826,0.14078181827723096,0.0,False
Bottom,307,0.10222625,0.013080001,0,646.314722,148,0.14123508891191736,0.0,False
Bottom,308,0.10222625,0.012611002,0,648.354761,150,0.14170408791191735,0.0,False
Bottom,309,0.10222625,0.012142003,0,649.603967,3318,0.14217308691191735,0.0,False
Bottom,310,0.10222625,0.011674002,0,650.375024,3325,0.14264108791191735,0.0,False
Bottom,311,0.10222625,0.011205003,0,650.777795,949,0.14311008691191734,0.0,False
Bottom,312,0.10222625,0.010737002,0,650.865625,3327,0.14357808791191734,0.0,False
Bottom,313,0.102601050000001,0.010737002,0,651.001367,3326,0.14395288791191835,0.0,False
Bottom,314,0.102976320000001,0.010737002,0,651.301233,1842,0.14432815791191833,0.0,False
Bottom,315,0.10335111,0.010737002,0,651.743982,3334,0.14470294791191735,0.0,False
Bottom,316,0.10372638,0.010737002,0,652.25387,3335,0.14507821791191736,0.0,False
Bottom,317,0.10410213,0.010737002,0,652.715967,1824,0.14545396791191734,0.0,False
Bottom,318,0.1044774,0.010737002,0,652.912256,1817,0.14574480010944915,0.00023715708779677703,False
Bottom,319,0.1044774,0.011043012,0,653.11239,1816,0.1459381886188269,0.0,False
Bottom,320,0.10448932,0.011348009,0,653.830286,620,0.14624341846076408,0.0,False
Bottom,321,0.10464334,0.011609003,0,655.54751,3336,0.14654646965847826,0.0,False
Bottom,322,0.104918000000001,0.011733011,0,658.826318,3337,0.14684782675506725,0.0,False
Bottom,323,0.105224130000001,0.011737004,0,664.219446,1849,0.14715398279526407,0.0,False
Bottom,324,0.10560035,0.011737004,0,669.46731,3320,0.14753020279526308,0.0,False
Bottom,325,0.1059761,0.011737004,0,671.473718,3319,0.14790595279526308,0.0,False
Bottom,326,0.10635232,0.011737004,0,672.756616,3338,0.14828217279526307,0.0,False
Bottom,327,0.10672807,0.011737004,0,673.722864,3339,0.14865792279526308,0.0,False
Bottom,328,0.10710334,0.011737004,0,674.356653,3341,0.1490331927952631,0.0,False
Bottom,329,0.10747909,0.011737004,0,673.892603,3342,0.1493598197868361,0.00018574698546912038,False
Bottom,330,0.1075201,0.011974007,0,669.141321,3349,0.14951262925571326,0.0,False
Bottom,331,0.10756015,0.012212009,0,664.550317,3340,0.1497539774574965,0.0,False
Bottom,332,0.10775423,0.012654007,0,656.499109,588,0.15023670851968746,0.0,False
Bottom,333,0.10804605,0.013036013,0,649.53927,3313,0.15071742412837516,0.0,False
Bottom,334,0.108423230000001,0.013338,0,643.074487,3312,0.1512006020465065,0.0,False
Bottom,335,0.10886001,0.01354,0,637.027124,1808,0.15168183044176092,0.0,False
Bottom,336,0.10933303,0.013631001,0,631.435022,3219,0.15216352443425096,0.0,False
Bottom,337,0.10981607,0.013638005,0,626.484094,3218,0.15264661521000228,0.0,False
Bottom,338,0.11029815,0.013638005,0,622.171777,3221,0.15312869521000227,0.0,False
Bottom,339,0.11078119,0.013638005,0,618.154321,3222,0.15361173521000226,0.0,False
Bottom,340,0.111264220000001,0.013638005,0,614.355127,1810,0.15409476521000326,0.0,False
Bottom,341,0.11174631,0.013638005,0,610.747522,1800,0.15457685521000225,0.0,False
Bottom,342,0.112229340000001,0.013638005,0,607.298975,3223,0.15505988521000325,0.0,False
Bottom,343,0.112712380000001,0.013638005,0,604.007776,1801,0.15554292521000324,0.0,False
Bottom,344,0.11319398,0.013638005,0,600.875513,1802,0.15602452521000224,0.0,False
Bottom,345,0.11367702,0.013638005,0,597.886255,1821,0.15650756521000225,0.0,False
Bottom,346,0.1141591,0.013638005,0,595.050378,3289,0.15698964521000225,0.0,False
Bottom,347,0.11464214,0.013638005,0,592.353967,1790,0.15747268521000224,0.0,False
Bottom,348,0.115125170000001,0.013638005,0,589.802209,1786,0.15795571521000323,0.0,False
Bottom,349,0.11560726,0.013638005,0,587.3995,3311,0.15843780521000222,0.0,False
Bottom,350,0.116090290000001,0.013638005,0,585.134851,3308,0.15892083521000322,0.0,False
Bottom,351,0.11657333,0.013638005,0,583.012354,3306,0.1594038752100022,0.0,False
Bottom,352,0.11705493,0.013638005,0,581.034021,1822,0.1598854752100022,0.0,False
Bottom,353,0.11753797,0.013638005,0,579.191003,3309,0.16036851521000223,0.0,False
Bottom,354,0.118021010000001,0.013638005,0,577.487329,3310,0.16085155521000322,0.0,False
Bottom,355,0.11850309,0.013638005,0,575.925012,3305,0.1613336352100022,0.0,False
Bottom,356,0.118986130000001,0.013638005,0,574.496667,3291,0.1618166752100032,0.0,False
Bottom,357,0.11946821,0.013638005,0,573.20791,3292,0.1622987552100022,0.0,False
Bottom,358,0.119951240000001,0.013638005,0,572.052759,3293,0.1627817852100032,0.0,False
Bottom,359,0.12043428,0.013638005,0,571.033716,3294,0.16326482521000218,0.0,False
Bottom,360,0.120916360000001,0.013638005,0,570.152002,3295,0.16374690521000318,0.0,False
Bottom,361,0.1213994,0.013638005,0,569.403894,3307,0.16422994521000217,0.0,False
Bottom,362,0.121881960000001,0.013638005,0,568.791467,3296,0.16471250521000316,0.0,False
Bottom,363,0.12236404,0.013638005,0,568.316492,1787,0.16519458521000216,0.0,False
Bottom,364,0.122847080000001,0.013638005,0,567.978845,1789,0.16567762521000318,0.0,False
Bottom,365,0.12332916,0.013620004,0,567.788904,1792,0.166160041174084,0.0,False
Bottom,366,0.12380218,0.013530001,0,567.76095,82,0.16664154762306366,0.0,False
Bottom,367,0.12425708,0.013369009,0,567.884851,81,0.16712409547982401,0.0,False
Bottom,368,0.12470436,0.013188005,0,568.131311,911,0.16760661164164245,0.0,False
Bottom,369,0.12515211,0.013008014,0,568.487512,910,0.16808918476830928,0.0,False
Bottom,370,0.12560033,0.012827009,0,568.953271,1780,0.1685725727888735,0.0,False
Bottom,371,0.12604808,0.012647003,0,569.526819,3304,0.1690551515104682,0.0,False
Bottom,372,0.126495360000001,0.012467012,0,570.214258,1860,0.16953728858483802,0.0,False
Bottom,373,0.12694311,0.012287006,0,571.030725,1851,0.17001986730643182,0.0,False
Bottom,374,0.12739133,0.012106002,0,571.992517,3343,0.1705032549525462,0.0,False
Bottom,375,0.127838130000001,0.011926011,0,573.112024,3344,0.17098494676281692,0.0,False
Bottom,376,0.128286360000001,0.011746005,0,574.406946,3298,0.17146797087498525,0.0,False
Bottom,377,0.12873411,0.011566013,0,575.875818,1878,0.1719505443746339,0.0,False
Bottom,378,0.12918138,0.011385009,0,577.486719,1877,0.1724330512667256,0.0,False
Bottom,379,0.12963724,0.01122801,0,579.19845,3350,0.17291518924033997,0.0,False
Bottom,380,0.13011217,0.011145011,0,581.070093,3347,0.1733973171682813,0.0,False
Bottom,381,0.1305952,0.011132002,0,583.419946,3348,0.17388052231620607,0.0,False
Bottom,382,0.13107729,0.011132002,0,586.43197,3351,0.1743626123162061,0.0,False
Bottom,383,0.13156032,0.011132002,0,590.248193,1875,0.17484564231620608,0.0,False
Bottom,384,0.1320424,0.011132002,0,595.07821,3829,0.17532772231620608,0.0,False
Bottom,385,0.13252496,0.011132002,0,601.40957,1872,0.17581028231620607,0.0,False
Bottom,386,0.133008,0.011132002,0,611.061243,3830,0.17629332231620606,0.0,False
Bottom,387,0.13345432,0.011132002,0,618.457788,1865,0.17673964231620606,0.0,False
Bottom,388,0.13390111,0.011132002,0,621.198755,2615,0.17718643231620607,0.0,False
Bottom,389,0.13434696,0.011132002,0,622.675806,2625,0.17763228231620606,0.0,False
Bottom,390,0.134794230000001,0.011132002,0,623.600183,2633,0.17807955231620706,0.0,False
Bottom,391,0.13524007,0.011132002,0,624.210596,3831,0.17852539231620607,0.0,False
Bottom,392,0.13568735,0.011132002,0,624.581079,3832,0.1789726723162061,0.0,False
Bottom,393,0.136133190000001,0.011132002,0,624.769922,3834,0.17941851231620706,0.0,False
Bottom,394,0.13657999,0.011132002,0,624.841211,3836,0.1798653123162061,0.0,False
Bottom,395,0.13702631,0.011132002,0,624.775232,961,0.1803116323162061,0.0,False
Bottom,396,0.137472150000001,0.011132002,0,624.663721,2628,0.18075747231620706,0.0,False
Bottom,397,0.13791894,0.011132002,0,624.519739,2627,0.18120426231620607,0.0,False
Bottom,398,0.13836526,0.011132002,0,624.374292,946,0.18165058231620607,0.0,False
Bottom,399,0.13881206,0.011132002,0,624.232813,2647,0.18209738231620606,0.0,False
Bottom,400,0.13925838,0.011132002,0,624.101831,2643,0.18254370231620606,0.0,False
Bottom,401,0.13970518,0.011132002,0,623.984216,2644,0.1829905023162061,0.0,False
Bottom,402,0.14015102,0.011132002,0,623.880457,3850,0.18343634231620606,0.0,False
Bottom,403,0.140598290000001,0.011132002,0,623.787927,3849,0.1838836123162071,0.0,False
Bottom,404,0.14082098,0.011132002,0,623.746057,2750,0.18407784750264078,0.00010891850013372736,False
Bottom,405,0.14104414,0.011132002,0,623.703577,2749,0.18427249263356152,0.0002180668790009925,False
Bottom,406,0.14104414,0.011382014,0,623.65188,2748,0.18439477591295778,0.0,False
Bottom,407,0.14104414,0.011632011,0,623.60354,3848,0.1846447719129458,1.000012000290651e-09,False
Bottom,408,0.14104414,0.011882007,0,623.557825,2665,0.18489476891295778,0.0,False
Bottom,409,0.14104414,0.012132004,0,623.517297,2653,0.18510141820459403,0.00014069129617155023,False
Bottom,410,0.140818110000001,0.012214005,0,623.546716,2652,0.18529640585461474,0.0,False
Bottom,411,0.14059209,0.012296006,0,623.571008,3845,0.18553684130208756,0.0,False
Bottom,412,0.14014005,0.012461007,0,623.603784,3844,0.18601805382436956,0.0,False
Bottom,413,0.13968706,0.012625009,0,623.609644,3842,0.1864998178704585,0.0,False
Bottom,414,0.13923502,0.01279001,0,623.57937,2649,0.1869810303927405,0.0,False
Bottom,415,0.13878297,0.01295501,0,623.502588,3840,0.1874622519659269,0.0,False
Bottom,416,0.13833093,0.013129011,0,623.377649,2609,0.18794662425002354,0.0,False
Bottom,417,0.13785123,0.013132006,0,623.230432,3839,0.18842633359955197,0.0,False
Bottom,418,0.13737011,0.013132006,0,622.953088,2619,0.18890745359955197,0.0,False
Bottom,419,0.136888020000001,0.013132006,0,622.496973,3837,0.18938954359955096,0.0,False
Bottom,420,0.136407370000001,0.013132006,0,621.797632,2638,0.18987019359955096,0.0,False
Bottom,421,0.135926240000001,0.013132006,0,620.750085,3838,0.19035132359955095,0.0,False
Bottom,422,0.13544416,0.013132006,0,619.24563,3820,0.19083340359955195,0.0,False
Bottom,423,0.134963030000001,0.013132006,0,617.107446,3816,0.19131453359955095,0.0,False
Bottom,424,0.134482380000001,0.013132006,0,614.151758,3817,0.19179518359955094,0.0,False
Bottom,425,0.1340003,0.013132006,0,610.071619,3824,0.19227726359955197,0.0,False
Bottom,426,0.13351917,0.013132006,0,604.304529,3818,0.19275839359955196,0.0,False
Bottom,427,0.133047100000001,0.013193012,0,595.721887,939,0.19323438920555588,0.0,False
Bottom,428,0.132791040000001,0.013578013,0,586.393213,1760,0.1936967662093104,0.0,False
Bottom,429,0.13278722,0.014059007,0,579.213525,3827,0.1941777753780754,0.0,False
Bottom,430,0.13278722,0.014541,0,573.688684,3825,0.19465976837807542,0.0,False
Bottom,431,0.13278722,0.01502201,0,568.493066,1765,0.19514077837807542,0.0,False
Bottom,432,0.13278722,0.015504003,0,562.615442,938,0.19562277137807543,0.0,False
Bottom,433,0.13294315,0.015943006,0,555.395837,959,0.19608864453560762,0.0,False
Bottom,434,0.13338899,0.016080007,0,548.253809,958,0.19655505913615204,0.0,False
Bottom,435,0.13387012,0.016080007,0,542.793054,3811,0.19703618913615203,0.0,False
Bottom,436,0.13435125,0.016080007,0,538.433252,1735,0.19751731913615203,0.0,False
Bottom,437,0.13483333,0.016080007,0,534.548181,1726,0.19799939913615203,0.0,False
Bottom,438,0.13531398,0.016080007,0,530.954675,3812,0.19848004913615203,0.0,False
Bottom,439,0.13579511,0.016080007,0,527.553125,3813,0.19896117913615202,0.0,False
Bottom,440,0.13627719,0.016080007,0,524.281335,3815,0.19944325913615202,0.0,False
Bottom,441,0.13675832,0.016080007,0,521.123376,944,0.19992438913615201,0.0,False
Bottom,442,0.13724041,0.016080007,0,518.043481,3798,0.20040647913615203,0.0,False
Bottom,443,0.137721060000001,0.016080007,0,515.04519,3797,0.20088712913615303,0.0,False
Bottom,444,0.13820219,0.016080007,0,512.116785,3794,0.20136825913615203,0.0,False
Bottom,445,0.138684270000001,0.016080007,0,509.250085,3795,0.20185033913615302,0.0,False
Bottom,446,0.1391654,0.016080007,0,506.457788,3787,0.20233146913615202,0.0,False
Bottom,447,0.139646050000001,0.016080007,0,503.739282,3788,0.20281211913615302,0.0,False
Bottom,448,0.14012813,0.016080007,0,501.10116,3791,0.20329419913615202,0.0,False
Bottom,449,0.140609260000001,0.016080007,0,498.581995,3789,0.20377532913615304,0.0,False
Bottom,450,0.14109039,0.016080007,0,496.223108,2657,0.20425645913615204,0.0,False
Bottom,451,0.14157199,0.016080007,0,494.111841,984,0.20473805913615203,0.0,False
Bottom,452,0.14205312,0.016080007,0,492.556726,983,0.20521918913615203,0.0,False
Bottom,453,0.14238309,0.016406,0,491.036707,3852,0.2056830335464331,0.0,False
Bottom,454,0.142721170000001,0.016723007,0,488.438196,2664,0.20614648961171836,0.0,False
Bottom,455,0.14314508,0.016901002,0,485.035547,874,0.20660625249421774,0.0,False
Bottom,456,0.143608090000001,0.016915009,0,481.814233,2576,0.2070694743159726,0.0,False
Bottom,457,0.14407205,0.016915009,0,479.093164,2579,0.20753343431597163,0.0,False
Bottom,458,0.14453601,0.016915009,0,476.679102,2578,0.2079973943159716,0.0,False
Bottom,459,0.144999980000001,0.016915009,0,474.485803,2667,0.20846136431597262,0.0,False
Bottom,460,0.14546394,0.016915009,0,472.471033,2666,0.20892532431597163,0.0,False
Bottom,461,0.145926950000001,0.016915009,0,470.621667,987,0.20938833431597262,0.0,False
Bottom,462,0.146391390000001,0.016915009,0,468.918054,3861,0.20985277431597263,0.0,False
Bottom,463,0.14685535,0.016915009,0,467.351648,993,0.21031673431597162,0.0,False
Bottom,464,0.14731931,0.016915009,0,465.908411,3860,0.21078069431597163,0.0,False
Bottom,465,0.147783270000001,0.016915009,0,464.580164,3858,0.2112446543159726,0.0,False
Bottom,466,0.14824724,0.016915009,0,463.358301,2671,0.21170862431597162,0.0,False
Bottom,467,0.148710250000001,0.016915009,0,462.240686,3856,0.2121716343159726,0.0,False
Bottom,468,0.14917421,0.016915009,0,461.218774,2673,0.21263559431597162,0.0,False
Bottom,469,0.14963817,0.016915009,0,460.292566,990,0.2130995543159716,0.0,False
Bottom,470,0.15010213,0.016915009,0,459.461633,989,0.21356351431597162,0.0,False
Bottom,471,0.150566100000001,0.016915009,0,458.729272,3859,0.21402748431597263,0.0,False
Bottom,472,0.151029110000001,0.016915009,0,458.102075,3857,0.2144904943159726,0.0,False
Bottom,473,0.15149307,0.016915009,0,457.586145,979,0.21495445431597163,0.0,False
Bottom,474,0.15195703,0.016915009,0,457.193445,978,0.2154184143159716,0.0,False
Bottom,475,0.15242099,0.016915009,0,456.946375,996,0.21588237431597163,0.0,False
Bottom,476,0.152884960000001,0.016915009,0,456.838037,3913,0.21634634431597263,0.0,False
Bottom,477,0.152884960000001,0.017378003,0,456.790186,3912,0.21680933831597263,0.0,False
Bottom,478,0.152884960000001,0.017840013,0,456.587,3911,0.2172713483159726,0.0,False
Bottom,479,0.152884960000001,0.018303007,0,456.214563,3910,0.2177343423159726,0.0,False
Bottom,480,0.152884960000001,0.018766001,0,455.635034,3907,0.2181973363159726,0.0,False
Bottom,481,0.152884960000001,0.019228012,0,454.734155,3905,0.21865934731597259,0.0,False
Bottom,482,0.15298414,0.01967001,0,453.3005,3881,0.21911233617279338,0.0,False
Bottom,483,0.15338325,0.019871012,0,451.555933,2717,0.21955920371032997,0.0,False
Bottom,484,0.15384626,0.019871012,0,450.15957,2716,0.22002221371032998,0.0,False
Bottom,485,0.15430831,0.019871012,0,449.091272,2730,0.22048426371032998,0.0,False
Bottom,486,0.15477132,0.019871012,0,448.182031,2747,0.22094727371032996,0.0,False
Bottom,487,0.155234330000001,0.019871012,0,447.381921,3883,0.22141028371033097,0.0,False
Bottom,488,0.15569639,0.019871012,0,446.661218,2744,0.22187234371032996,0.0,False
Bottom,489,0.1561594,0.019871012,0,445.994958,2746,0.22233535371032997,0.0,False
Bottom,490,0.156622410000001,0.019871012,0,445.339319,3886,0.22279836371033096,0.0,False
Bottom,491,0.157047270000001,0.019727007,0,444.732446,3895,0.2232469653817779,0.0,False
Bottom,492,0.157196040000001,0.019305006,0,444.350122,3897,0.2236944219236912,0.0,False
Bottom,493,0.157196040000001,0.018842012,0,444.148523,3898,0.2241574159236912,0.0,False
Bottom,494,0.157196040000001,0.018379003,0,444.037378,3906,0.22462042492369122,0.0,False
Bottom,495,0.157196040000001,0.017917008,0,443.969995,2675,0.2250824199236912,0.0,False
Bottom,496,0.157196040000001,0.017454014,0,443.932275,3851,0.2255454139236912,0.0,False
Bottom,497,0.157573220000001,0.017454014,0,443.944238,3901,0.2259225939236912,0.0,False
Bottom,498,0.157948970000001,0.017454014,0,443.939722,2420,0.2262983439236912,0.0,False
Bottom,499,0.15832519,0.017454014,0,443.923547,3903,0.2266745639236902,0.0,False
Bottom,500,0.15870237,0.017454014,0,443.899744,3904,0.2270517439236902,0.0,False
Bottom,501,0.15907812,0.017454014,0,443.8724,3915,0.2274274939236902,0.0,False
Bottom,502,0.15945529,0.017454014,0,443.844629,3918,0.2278046639236902,0.0,False
Bottom,503,0.15983104,0.017454014,0,443.819116,3919,0.2281804139236902,0.0,False
Bottom,504,0.16020727,0.017454014,0,443.79751,3917,0.2285566439236902,0.0,False
Bottom,505,0.16020727,0.017950014,0,443.819482,3900,0.2290526439236902,0.0,False
Bottom,506,0.16020727,0.018445,0,443.8323,3688,0.2295476299236902,0.0,False
Bottom,507,0.16020727,0.018941,0,443.831689,3690,0.2300436299236902,0.0,False
Bottom,508,0.16020727,0.019436002,0,443.810999,3892,0.2305386319236902,0.0,False
Bottom,509,0.16020727,0.019932002,0,443.761804,2732,0.2310346319236902,0.0,False
Bottom,510,0.16020727,0.020427004,0,443.67428,3889,0.2315296339236902,0.0,False
Bottom,511,0.16020727,0.020923004,0,443.540674,3888,0.2320256339236902,0.0,False
Bottom,512,0.16020727,0.021418006,0,443.353418,3775,0.23252063592369018,0.0,False
Bottom,513,0.16020727,0.021914006,0,443.105859,3776,0.23301663592369018,0.0,False
Bottom,514,0.16020727,0.022409007,0,442.792688,225,0.23351163692369017,0.0,False
Bottom,515,0.16020727,0.022904009,0,442.408472,227,0.23400663892369017,0.0,False
Bottom,516,0.16020727,0.023400009,0,441.946802,3772,0.23450263892369017,0.0,False
Bottom,517,0.16020727,0.023895011,0,441.399805,3773,0.23499764092369016,0.0,False
Bottom,518,0.16020727,0.024391011,0,440.754236,3769,0.23549364092369016,0.0,False
Bottom,519,0.16020727,0.024886012,0,439.983423,3771,0.23598864192369015,0.0,False
Bottom,520,0.16020727,0.025382012,0,439.025964,237,0.23648464192369015,0.0,False
Bottom,521,0.16025209,0.025875002,0,437.803918,34,0.23697966512769175,0.0,False
Bottom,522,0.16041421,0.026341006,0,436.26333,238,0.23747306417756517,0.0,False
Bottom,523,0.16068601,0.026754007,0,434.515283,240,0.2379674780386178,0.0,False
Bottom,524,0.161051270000001,0.027087003,0,432.707971,3732,0.23846174639044376,0.0,False
Bottom,525,0.16147518,0.027345002,0,430.98092,2539,0.23895799549331465,0.0,False
Bottom,526,0.16190099,0.02759701,0,429.354944,2541,0.23945279059046498,0.0,False
Bottom,527,0.16232824,0.027848006,0,427.665918,2545,0.23994831208799663,0.0,False
Bottom,528,0.162784100000001,0.028040007,0,425.850183,2492,0.2404429561252617,0.0,False
Bottom,529,0.16327333,0.028113008,0,424.081812,3725,0.24093760260397154,0.0,False
Bottom,530,0.16376829,0.028114006,0,422.529565,3726,0.24143256361011647,0.0,False
Bottom,531,0.164264200000001,0.028114006,0,421.142908,838,0.24192847361011746,0.0,False
Bottom,532,0.16475915,0.028114006,0,419.844751,840,0.24242342361011646,0.0,False
Bottom,533,0.165255070000001,0.028114006,0,418.596521,3721,0.24291934361011747,0.0,False
Bottom,534,0.16575002,0.028114006,0,417.387354,3723,0.24341429361011646,0.0,False
Bottom,535,0.166245930000001,0.028114006,0,416.203149,3718,0.24391020361011748,0.0,False
Bottom,536,0.16674137,0.028114006,0,415.043665,3719,0.24440564361011646,0.0,False
Bottom,537,0.16723728,0.028114006,0,413.901147,3720,0.24490155361011645,0.0,False
Bottom,538,0.16773223,0.028114006,0,412.778406,3717,0.24539650361011647,0.0,False
Bottom,539,0.16822814,0.028114006,0,411.66958,3716,0.24589241361011646,0.0,False
Bottom,540,0.1687231,0.028114006,0,410.577966,2734,0.24638737361011645,0.0,False
Bottom,541,0.16921901,0.028114006,0,409.498315,2502,0.24688328361011647,0.0,False
Bottom,542,0.16971397,0.028114006,0,408.434045,2481,0.24737824361011646,0.0,False
Bottom,543,0.17021036,0.028114006,0,407.380029,2501,0.24787463361011647,0.0,False
Bottom,544,0.170705310000001,0.028114006,0,406.339685,3694,0.24836958361011746,0.0,False
Bottom,545,0.17120122,0.028114006,0,405.308069,3695,0.24886549361011645,0.0,False
Bottom,546,0.171696180000001,0.028114006,0,404.288477,2474,0.24936045361011747,0.0,False
Bottom,547,0.17219209,0.028114006,0,403.275964,2468,0.24985636361011646,0.0,False
Bottom,548,0.17268705,0.028114006,0,402.273889,855,0.25035132361011647,0.0,False
Bottom,549,0.17318296,0.028114006,0,401.277429,854,0.25084723361011646,0.0,False
Bottom,550,0.17367839,0.028114006,0,400.289819,860,0.2513426636101165,0.0,False
Bottom,551,0.174174300000001,0.028114006,0,399.30636,2475,0.2518385736101175,0.0,False
Bottom,552,0.17466926,0.028114006,0,398.33053,3692,0.2523335336101165,0.0,False
Bottom,553,0.17516422,0.028114006,0,397.359644,2557,0.2528284936101165,0.0,False
Bottom,554,0.175660130000001,0.028114006,0,396.390894,2417,0.2533244036101175,0.0,False
Bottom,555,0.17615509,0.028114006,0,395.427515,223,0.2538193636101165,0.0,False
Bottom,556,0.176651000000001,0.028114006,0,394.464807,222,0.2543152736101175,0.0,False
Bottom,557,0.17714595,0.028114006,0,393.505884,3681,0.2548102236101165,0.0,False
Bottom,558,0.17764234,0.028114006,0,392.546106,2548,0.25530661361011653,0.0,False
Bottom,559,0.1781373,0.028114006,0,391.588586,2425,0.2558015736101165,0.0,False
Bottom,560,0.17863321,0.028114006,0,390.628748,2431,0.2562974836101165,0.0,False
Bottom,561,0.17912817,0.028114006,0,389.669824,3687,0.25679244361011655,0.0,False
Bottom,562,0.17962408,0.028114006,0,388.707239,3691,0.25728835361011654,0.0,False
Bottom,563,0.18011903,0.028114006,0,387.744653,3685,0.2577833036101166,0.0,False
Bottom,564,0.18061494,0.028114006,0,386.778223,3684,0.2582792136101166,0.0,False
Bottom,565,0.181110380000001,0.028114006,0,385.81283,3686,0.25877465361011753,0.0,False
Bottom,566,0.18160629,0.028114006,0,384.847375,2430,0.2592705636101166,0.0,False
Bottom,567,0.182101250000001,0.028114006,0,383.891565,793,0.25976552361011757,0.0,False
Bottom,568,0.18259716,0.028114006,0,382.951257,792,0.26026143361011655,0.0,False
Bottom,569,0.18309211,0.028114006,0,382.04397,3678,0.26075638361011655,0.0,False
Bottom,570,0.18358802,0.028114006,0,381.182947,3663,0.26125229361011654,0.0,False
Bottom,571,0.18408298,0.028114006,0,380.385156,3664,0.2617472536101165,0.0,False
Bottom,572,0.184579370000001,0.028114006,0,379.658105,3676,0.26224364361011754,0.0,False
Bottom,573,0.18507432,0.028114006,0,379.011377,3657,0.26273859361011653,0.0,False
Bottom,574,0.185570240000001,0.028114006,0,378.44491,778,0.2632345136101175,0.0,False
Bottom,575,0.18606519,0.028114006,0,377.959314,3655,0.2637294636101165,0.0,False
Bottom,576,0.18656015,0.028114006,0,377.547571,2412,0.26422442361011655,0.0,False
Bottom,577,0.187056060000001,0.028114006,0,377.204431,3677,0.26472033361011754,0.0,False
Bottom,578,0.18755102,0.028114006,0,376.925134,2448,0.26521529361011653,0.0,False
Bottom,579,0.1880474,0.028114006,0,376.702783,2449,0.2657116736101165,0.0,False
Bottom,580,0.18854236,0.028114006,0,376.53219,2415,0.2662066336101165,0.0,False
Bottom,581,0.18903827,0.028114006,0,376.407373,2405,0.26670254361011647,0.0,False
Bottom,582,0.18953323,0.028114006,0,376.323938,2404,0.26719750361011646,0.0,False
Bottom,583,0.19002914,0.028114006,0,376.27688,2408,0.26769341361011645,0.0,False
Bottom,584,0.1905241,0.028114006,0,376.260461,2407,0.26818837361011644,0.0,False
Bottom,585,0.19102001,0.028114006,0,376.269128,3665,0.2686842836101164,0.0,False
Bottom,586,0.19151496,0.028114006,0,376.297754,2391,0.2691792336101164,0.0,False
Bottom,587,0.19201135,0.028114006,0,376.342554,3675,0.26967562361011643,0.0,False
Bottom,588,0.192506310000001,0.028114006,0,376.398889,2394,0.2701705836101175,0.0,False
Bottom,589,0.19300222,0.028114006,0,376.463159,2398,0.27066649361011647,0.0,False
Bottom,590,0.19349718,0.028114006,0,376.531641,3672,0.27116145361011645,0.0,False
Bottom,591,0.19399309,0.028114006,0,376.602014,3674,0.2716573636101165,0.0,False
Bottom,592,0.19448804,0.028114006,0,376.671228,3673,0.2721523136101165,0.0,False
Bottom,593,0.19498395,0.028116003,0,376.737268,2388,0.27264822763100016,0.0,False
Bottom,594,0.19547939,0.028137014,0,376.798303,2379,0.27314411295617225,0.0,False
Bottom,595,0.195971960000001,0.028183014,0,376.855188,2381,0.27363882621140295,0.0,False
Bottom,596,0.19646215,0.028253004,0,376.908411,3671,0.274133987635788,0.0,False
Bottom,597,0.196949,0.028348014,0,376.957971,3669,0.27463001971399686,2.0159822714606826e-09,True
Right,0,0.196949,0.028348014,0,376.957971,3669,0.0,0.0,True
Right,1,0.19743013,0.028467,0,377.004968,3670,0.0004956246009794065,0.0,False
Right,2,0.197906010000001,0.028602004,0,377.049707,2387,0.0009902839326582256,0.0,False
Right,3,0.19838333,0.028739006,0,377.092188,2374,0.0014868762507653922,0.0,False
Right,4,0.19885921,0.028875009,0,377.131616,2375,0.001981809165824606,0.0,False
Right,5,0.19933509,0.02901201,0,377.16781,2338,0.0024770172517854325,0.0,False
Right,6,0.199810980000001,0.029149011,0,377.200647,2376,0.002972234947452658,0.0,False
Right,7,0.20028829,0.029285014,0,377.230005,2377,0.0034685429688547454,0.0,False
Right,8,0.20076417,0.029422,0,377.255823,2378,0.003963746905224383,0.0,False
Right,9,0.20124006,0.029558003,0,377.278101,2348,0.0044586894353316735,0.0,False
Right,10,0.20171737,0.029695005,0,377.29696,813,0.0049552721415388155,0.0,False
Right,11,0.20219326,0.029831007,0,377.312402,812,0.005450214396861602,0.0,False
Right,12,0.20266914,0.029968009,0,377.324487,2369,0.005945422759476759,0.0,False
Right,13,0.20313024,0.030135006,0,377.332361,3649,0.006435831984521509,0.0,False
Right,14,0.20317697,0.030619011,0,377.330835,3650,0.006922087609604659,0.0,False
Right,15,0.20317602,0.031115011,0,377.331445,3648,0.00741808851938205,0.0,False
Right,16,0.20303535,0.031585008,0,377.331384,3647,0.007908685328288303,0.0,False
Right,17,0.202688210000001,0.031932012,0,377.329126,3646,0.008399519267228253,0.0,False
Right,18,0.2022171,0.03207101,0,377.323083,2333,0.00889070668166895,0.0,False
Right,19,0.201721190000001,0.032072008,0,377.314111,2332,0.009386617685885458,0.0,False
Right,20,0.201226230000001,0.032065004,0,377.30459,3645,0.00988162723894074,0.0,False
Right,21,0.200785160000001,0.031846002,0,377.289758,782,0.010374074820825365,0.0,False
Right,22,0.200344080000001,0.031619013,0,377.268762,3644,0.010870134870134905,0.0,False
Right,23,0.19987917,0.031449005,0,377.242822,2331,0.011365154090130393,0.0,False
Right,24,0.19940328,0.031312004,0,377.213892,2330,0.01186037178579666,0.0,False
Right,25,0.198927400000001,0.031175003,0,377.181848,3634,0.012355579871756525,0.0,False
Right,26,0.19845104,0.031039,0,377.146509,2340,0.012850974326317696,0.0,False
Right,27,0.1979742,0.030902013,0,377.107507,2342,0.013347101148580922,0.0,False
Right,28,0.19749832,0.030766011,0,377.064844,807,0.013842033788850266,0.0,False
Right,29,0.197021960000001,0.030629009,0,377.018152,3633,0.01433770343448439,0.0,False
Right,30,0.19654607,0.030492008,0,376.966638,2319,0.014832921130151616,0.0,False
Right,31,0.19606924,0.030356005,0,376.909021,2358,0.015328767542772485,0.0,False
Right,32,0.195592400000001,0.030223012,0,376.843225,2368,0.015823806454018916,0.0,False
Right,33,0.19510412,0.030138001,0,376.768335,2363,0.01631943154269178,0.0,False
Right,34,0.194609160000001,0.03011401,0,376.687097,2364,0.01681497263047361,0.0,False
Right,35,0.19411516,0.030136004,0,376.602197,3632,0.01730946199945638,0.0,False
Right,36,0.19362306,0.030188009,0,376.512598,3631,0.017804302307055705,0.0,False
Right,37,0.19313812,0.030290008,0,376.417017,3639,0.018299853111313973,0.0,False
Right,38,0.192669390000001,0.030451,0,376.316675,3638,0.01879546004928303,0.0,False
Right,39,0.1922183,0.030654013,0,376.20907,3636,0.019290128085717454,0.0,False
Right,40,0.191784380000001,0.030891002,0,376.086084,2322,0.019784547292990125,0.0,False
Right,41,0.191376200000001,0.031174004,0,375.937891,803,0.020281237381882592,0.0,False
Right,42,0.19100618,0.031503007,0,375.755823,2315,0.020776371479284232,0.0,False
Right,43,0.19066906,0.031864003,0,375.531274,206,0.021270302655072924,0.0,False
Right,44,0.190360060000001,0.032251001,0,375.251978,2325,0.021765528312731517,0.0,False
Right,45,0.190093040000001,0.032669008,0,374.908838,3641,0.022261541954125583,0.0,False
Right,46,0.18988132,0.033117011,0,374.515405,3615,0.022757053857523902,0.0,False
Right,47,0.18968915,0.033573002,0,374.086328,2293,0.023251884233492268,0.0,False
Right,48,0.18951225,0.034036011,0,373.626855,3612,0.023747536272811186,0.0,False
Right,49,0.18933534,0.034498006,0,373.141382,3610,0.024242244801265064,0.0,False
Right,50,0.189157000000001,0.034961,0,372.627405,783,0.024738398607695736,0.0,False
Right,51,0.188979140000001,0.035423011,0,372.087793,785,0.025233462587117585,0.0,False
Right,52,0.188801280000001,0.035886005,0,371.525842,2327,0.025729444062211164,0.0,False
Right,53,0.18862438,0.036348,0,370.946436,3574,0.026224149014708455,0.0,False
Right,54,0.188446040000001,0.036811009,0,370.352014,3572,0.026720316818662566,0.0,False
Right,55,0.188268180000001,0.037273005,0,369.745874,3560,0.027215366799589743,0.0,False
Right,56,0.188090320000001,0.037736014,0,369.130212,3573,0.027711362277070134,0.0,False
Right,57,0.18791294,0.038198009,0,368.507227,3563,0.02820623907428875,0.0,False
Right,58,0.18773508,0.038661003,0,367.875208,3562,0.02870222054938233,0.0,False
Right,59,0.18755722,0.039123014,0,367.23031,3566,0.029197284528804178,0.0,False
Right,60,0.18737936,0.039586008,0,366.560327,3565,0.029693266003897757,0.0,False
Right,61,0.18720722,0.040051014,0,365.833521,3564,0.030189111503661544,0.0,False
Right,62,0.18712234,0.040538013,0,365.057764,2240,0.030683452115386898,0.0,False
Right,63,0.1871562,0.041031003,0,364.294336,3555,0.03117760354936236,0.0,False
Right,64,0.187310210000001,0.041501001,0,363.594751,728,0.03167219145874178,0.0,False
Right,65,0.1875782,0.04191801,0,362.99624,730,0.03216788808590446,0.0,False
Right,66,0.18793916,0.042257011,0,362.524866,2251,0.03266307875584988,0.0,False
Right,67,0.18837213,0.042496011,0,362.193567,3556,0.0331576331218199,0.0,False
Right,68,0.188850400000001,0.042620004,0,361.997583,3551,0.03365171454926882,0.0,False
Right,69,0.18934631,0.042641014,0,361.912439,2250,0.034148069410430665,0.0,False
Right,70,0.18959331,0.042641014,0,361.896997,3557,0.03439506941043066,0.0,False
Right,71,0.189841270000001,0.042641014,0,361.897913,3559,0.034534149155602746,0.00020528221581456616,False
Right,72,0.189841270000001,0.043007002,0,361.871301,3558,0.034837145623028115,0.0,False
Right,73,0.189841270000001,0.043373004,0,361.820581,2234,0.03520314762302811,0.0,False
Right,74,0.189841270000001,0.043739006,0,361.753442,2235,0.03556914962302811,0.0,False
Right,75,0.189841270000001,0.044106007,0,361.681543,3549,0.035936150623028115,0.0,False
Right,76,0.189841270000001,0.044472009,0,361.623499,3548,0.03630215262302811,0.0,False
Right,77,0.189605230000001,0.044754014,0,361.550439,3547,0.03666990485160735,0.0,False
Right,78,0.18936824,0.045036003,0,361.438867,3546,0.03703825530460216,0.0,False
Right,79,0.18913221,0.045317009,0,361.295007,2206,0.03740523559417641,0.0,False
Right,80,0.18889522,0.045599014,0,361.119958,2207,0.037773598296041024,0.0,False
Right,81,0.18877697,0.045740009,0,361.022791,755,0.03795102992246335,4.878949317646452e-05,False
Right,82,0.18865919,0.045881003,0,360.940759,3541,0.03812807429021575,9.784531416579136e-05,False
Right,83,0.18848705,0.045881003,0,360.825708,3538,0.03826970367297319,0.0,False
Right,84,0.18827629,0.045881003,0,360.689172,3537,0.03848046264156081,1.0314123721766322e-09,False
Right,85,0.18803501,0.045881003,0,360.615747,192,0.03872174367297318,0.0,False
Right,86,0.18758297,0.045881003,0,360.536096,719,0.039173783672973195,0.0,False
Right,87,0.1871314,0.045881003,0,360.489221,2201,0.03962535367297318,0.0,False
Right,88,0.18667936,0.045881003,0,360.456873,3539,0.040077393672973194,0.0,False
Right,89,0.18622827,0.045881003,0,360.432397,3535,0.04052848367297318,0.0,False
Right,90,0.18577623,0.045881003,0,360.412622,3533,0.040980523672973196,0.0,False
Right,91,0.18532419,0.045881003,0,360.396204,3525,0.04143256367297318,0.0,False
Right,92,0.18487215,0.045881003,0,360.384668,3526,0.04188460367297317,0.0,False
Right,93,0.184420100000001,0.045881003,0,360.389673,2191,0.04233665367297218,0.0,False
Right,94,0.18396902,0.045881003,0,360.458337,2193,0.04278773367297317,0.0,False
Right,95,0.18351697,0.045881003,0,360.826746,3531,0.04323978367297318,0.0,False
Right,96,0.183086390000001,0.045881003,0,361.280908,3527,0.043670363672972196,0.0,False
Right,97,0.18265533,0.045881003,0,361.511011,3528,0.04410142367297318,0.0,False
Right,98,0.182224270000001,0.045881003,0,361.635889,3532,0.04453248367297219,0.0,False
Right,99,0.18179225,0.045881003,0,361.696436,3503,0.044964503672973194,0.0,False
Right,100,0.181361190000001,0.045881003,0,361.706812,3502,0.04539556367297218,0.0,False
Right,101,0.18093013,0.045881003,0,361.674829,2137,0.04582662367297319,0.0,False
Right,102,0.180499070000001,0.045881003,0,361.601343,3501,0.04625768367297217,0.0,False
Right,103,0.18006801,0.045881003,0,361.482385,2181,0.04668874367297318,0.0,False
Right,104,0.17963695,0.045881003,0,361.302576,2183,0.04711980367297319,0.0,False
Right,105,0.179209230000001,0.04592,0,361.025232,2187,0.04754929775256934,0.0,False
Right,106,0.178833,0.046124012,0,360.617273,2131,0.04797728129085645,0.0,False
Right,107,0.178575990000001,0.046467007,0,360.095972,3399,0.04840588333252737,0.0,False
Right,108,0.17848634,0.046885014,0,359.474878,3504,0.048833395875675735,0.0,False
Right,109,0.17848634,0.047372014,0,358.919092,2136,0.04932039587567573,0.0,False
Right,110,0.17848634,0.047859013,0,358.620386,2120,0.04980739487567573,0.0,False
Right,111,0.17848634,0.048346013,0,358.382104,753,0.05029439487567573,0.0,False
Right,112,0.17848634,0.048832,0,358.152612,752,0.05078038187567573,0.0,False
Right,113,0.17848634,0.049319014,0,357.920374,2154,0.051267395875675734,0.0,False
Right,114,0.17848634,0.049806014,0,357.683496,2153,0.051754395875675735,0.0,False
Right,115,0.17848634,0.050292,0,357.442407,3508,0.052240381875675736,0.0,False
Right,116,0.17848634,0.050779,0,357.194177,3520,0.05272738187567573,0.0,False
Right,117,0.17848634,0.051266,0,356.940759,3507,0.05321438187567573,0.0,False
Right,118,0.17848634,0.051753,0,356.686304,2142,0.05370138187567573,0.0,False
Right,119,0.17848634,0.052239001,0,356.430139,3487,0.05418738287567573,0.0,False
Right,120,0.17848634,0.052726001,0,356.171472,2126,0.054674382875675734,0.0,False
Right,121,0.17848634,0.053213001,0,355.908655,2125,0.055161382875675735,0.0,False
Right,122,0.17848634,0.0537,0,355.641931,2155,0.05564838187567573,0.0,False
Right,123,0.17848634,0.054186002,0,355.372827,2164,0.05613438387567573,0.0,False
Right,124,0.17848634,0.054673001,0,355.104456,3509,0.05662138287567573,0.0,False
Right,125,0.17848634,0.055160001,0,354.840723,2161,0.05710838287567573,0.0,False
Right,126,0.17848634,0.055647001,0,354.582056,2160,0.057595382875675734,0.0,False
Right,127,0.17848634,0.056133002,0,354.323755,3510,0.058081383875675734,0.0,False
Right,128,0.17848634,0.056620002,0,354.0599,2146,0.058568383875675735,0.0,False
Right,129,0.17848634,0.057107002,0,353.790918,2147,0.05905538387567573,0.0,False
Right,130,0.17848634,0.057594002,0,353.517603,703,0.05954238387567573,0.0,False
Right,131,0.17848634,0.058080003,0,353.244043,706,0.06002838487567573,0.0,False
Right,132,0.17848634,0.058567003,0,352.972986,3475,0.06051538487567573,0.0,False
Right,133,0.17848634,0.059054002,0,352.705652,3476,0.061002383875675734,0.0,False
Right,134,0.17848634,0.059540004,0,352.442041,3512,0.06148838587567573,0.0,False
Right,135,0.17848634,0.060027004,0,352.180078,2180,0.061975385875675734,0.0,False
Right,136,0.17848634,0.060514003,0,351.922205,3473,0.06246238487567573,0.0,False
Right,137,0.17848634,0.061001003,0,351.669336,3474,0.06294938487567572,0.0,False
Right,138,0.17848634,0.061487004,0,351.420618,3511,0.06343538587567572,0.0,False
Right,139,0.17848634,0.061974004,0,351.175928,3513,0.06392238587567572,0.0,False
Right,140,0.17848634,0.062461004,0,350.936121,2171,0.06440938587567573,0.0,False
Right,141,0.17848634,0.062948019,0,350.704431,2170,0.06489640087567572,0.0,False
Right,142,0.17848634,0.063434005,0,350.483911,3518,0.06538238687567573,0.0,False
Right,143,0.17848634,0.063921005,0,350.280115,3515,0.06586938687567573,0.0,False
Right,144,0.17848634,0.064408005,0,350.098108,711,0.06635638687567573,0.0,False
Right,145,0.17848634,0.064895004,0,349.941064,2172,0.06684338587567573,0.0,False
Right,146,0.17848634,0.065381021,0,349.813379,3514,0.06732940287567572,0.0,False
Right,147,0.17848634,0.06586802,0,349.720789,3517,0.06781640187567572,0.0,False
Right,148,0.17848634,0.06635502,0,349.673608,2174,0.06830340187567573,0.0,False
Right,149,0.17848634,0.06684202,0,349.676172,3519,0.06879039982229629,2.053379438704539e-09,True
Top,0,0.17848634,0.06684202,0,349.676172,3519,0.0,0.0,True
Top,1,0.178057190000001,0.06684202,0,350.056543,3516,0.00042914999999899006,0.0,False
Top,2,0.177628990000001,0.06684202,0,350.404993,3465,0.0008573499999989798,0.0,False
Top,3,0.17720031,0.06684202,0,350.723901,3463,0.0012860299999999936,0.0,False
Top,4,0.17677211,0.06684202,0,351.016504,2074,0.0017142299999999833,0.0,False
Top,5,0.17634296,0.06684202,0,351.287378,3460,0.0021433800000000003,0.0,False
Top,6,0.17591524,0.06684202,0,351.537012,3461,0.002571099999999993,0.0,False
Top,7,0.175486080000001,0.06684202,0,351.768213,2053,0.0030002599999990054,0.0,False
Top,8,0.17505741,0.06684202,0,351.98208,3459,0.0034289299999999967,0.0,False
Top,9,0.17462921,0.06684202,0,352.179529,3458,0.0038571299999999864,0.0,False
Top,10,0.17420005,0.06684202,0,352.362146,3454,0.004286289999999998,0.0,False
Top,11,0.17377233,0.06684202,0,352.530176,3453,0.004714009999999991,0.0,False
Top,12,0.173343180000001,0.06684202,0,352.6849,3452,0.005143159999998981,0.0,False
Top,13,0.172914980000001,0.06684202,0,352.825891,3448,0.005571359999998998,0.0,False
Top,14,0.1724863,0.06684202,0,352.954553,3449,0.006000039999999984,0.0,False
Top,15,0.1724863,0.066352994,0,352.937952,2038,0.006489065999999988,0.0,False
Top,16,0.1724863,0.06586501,0,352.937097,2040,0.006977049999999985,0.0,False
Top,17,0.1724863,0.065376997,0,352.950647,2046,0.00746506299999998,0.0,False
Top,18,0.1724863,0.064889014,0,352.978967,3447,0.007953045999999991,0.0,False
Top,19,0.1724863,0.064401001,0,353.022119,1688,0.008441058999999987,0.0,False
Top,20,0.1724863,0.063913018,0,353.080408,3446,0.008929041999999984,0.0,False
Top,21,0.1724863,0.063425005,0,353.153101,3441,0.00941705499999998,0.0,False
Top,22,0.1724863,0.062937022,0,353.239282,2058,0.009905037999999991,0.0,False
Top,23,0.1724863,0.062449009,0,353.338037,3440,0.010393050999999986,0.0,False
Top,24,0.1724863,0.06196101,0,353.447412,3442,0.01088104999999999,0.0,False
Top,25,0.1724863,0.061473012,0,353.567834,3443,0.011369047999999986,0.0,False
Top,26,0.1724863,0.060985014,0,353.70144,3439,0.01185704599999999,0.0,False
Top,27,0.1724863,0.060497001,0,353.847925,2033,0.012345058999999985,0.0,False
Top,28,0.1724863,0.060009003,0,354.003442,2032,0.012833056999999988,0.0,False
Top,29,0.1724863,0.059521005,0,354.166528,2025,0.013321054999999984,0.0,False
Top,30,0.1724863,0.059033007,0,354.337061,2024,0.013809052999999988,0.0,False
Top,31,0.1724863,0.058545009,0,354.514307,3433,0.014297050999999984,0.0,False
Top,32,0.1724863,0.05805701,0,354.698999,3431,0.014785049999999987,0.0,False
Top,33,0.1724863,0.057569012,0,354.891199,3434,0.015273047999999984,0.0,False
Top,34,0.1724863,0.057081014,0,355.091394,3435,0.015761045999999987,0.0,False
Top,35,0.1724863,0.056593001,0,355.298975,3438,0.01624905899999999,0.0,False
Top,36,0.1724863,0.056105003,0,355.513269,3436,0.016737056999999986,0.0,False
Top,37,0.1724863,0.055617005,0,355.733972,3437,0.01722505499999999,0.0,False
Top,38,0.1724863,0.055129007,0,355.960107,687,0.017713052999999986,0.0,False
Top,39,0.1724863,0.054641009,0,356.192346,686,0.01820105099999999,0.0,False
Top,40,0.1724863,0.054153011,0,356.428613,2007,0.018689048999999985,0.0,False
Top,41,0.1724863,0.053665012,0,356.66842,3423,0.019177047999999988,0.0,False
Top,42,0.1724863,0.053177014,0,356.910913,2005,0.019665045999999985,0.0,False
Top,43,0.1724863,0.052689001,0,357.153772,718,0.020153058999999987,0.0,False
Top,44,0.1724863,0.052201003,0,357.397607,717,0.020641056999999984,0.0,False
Top,45,0.1724863,0.051713005,0,357.64541,2107,0.021129054999999987,0.0,False
Top,46,0.1724863,0.051225007,0,357.898706,3424,0.021617052999999983,0.0,False
Top,47,0.1724863,0.050737009,0,358.15658,3420,0.022105050999999987,0.0,False
Top,48,0.1724863,0.050249011,0,358.415796,3405,0.022593048999999983,0.0,False
Top,49,0.1724863,0.049761012,0,358.67135,3404,0.023081047999999986,0.0,False
Top,50,0.1724863,0.049273014,0,358.922083,3403,0.02356904599999999,0.0,False
Top,51,0.1724863,0.048785001,0,359.166528,1990,0.024057058999999985,0.0,False
Top,52,0.1724863,0.048297003,0,359.403772,1985,0.024545056999999988,0.0,False
Top,53,0.1724863,0.047809005,0,359.635706,1984,0.025033054999999985,0.0,False
Top,54,0.1724863,0.047321007,0,359.862695,3406,0.025521052999999988,0.0,False
Top,55,0.1724863,0.046833009,0,360.082056,1980,0.026009050999999984,0.0,False
Top,56,0.1724863,0.046345011,0,360.291956,1982,0.026497048999999988,0.0,False
Top,57,0.1724863,0.045857013,0,360.492395,3408,0.026985046999999984,0.0,False
Top,58,0.1724863,0.045369014,0,360.684656,3394,0.027473045999999987,0.0,False
Top,59,0.1724863,0.044881001,0,360.890344,3407,0.02796105899999999,0.0,False
Top,60,0.17243719,0.044572011,0,361.047754,3409,0.0282739273624146,0.0,False
Top,61,0.17229509,0.044293002,0,361.211572,3410,0.02858703825663739,0.0,False
Top,62,0.17207431,0.044072002,0,361.351587,3412,0.02889942392916416,0.0,False
Top,63,0.17179536,0.043930009,0,361.44491,3419,0.029212433696661915,0.0,False
Top,64,0.17148637,0.043881014,0,361.460046,2001,0.029525284028490098,0.0,False
Top,65,0.171090120000001,0.043881014,0,361.463525,2003,0.029921534028489086,0.0,False
Top,66,0.170694350000001,0.043881014,0,361.521143,3413,0.030317304028489103,0.0,False
Top,67,0.1702981,0.043881014,0,361.595789,3414,0.03071355402849009,0.0,False
Top,68,0.16990232,0.043881014,0,361.680383,2000,0.0311093340284901,0.0,False
Top,69,0.169506070000001,0.043881014,0,361.774194,3366,0.03150558402848909,0.0,False
Top,70,0.16911029,0.043881014,0,361.880334,3365,0.0319013640284901,0.0,False
Top,71,0.16871404,0.043881014,0,362.009912,677,0.03229761402849009,0.0,False
Top,72,0.16831827,0.043881014,0,362.216089,3417,0.032693384028490105,0.0,False
Top,73,0.167951100000001,0.043781013,0,362.430627,3418,0.03307392838714001,0.0,False
Top,74,0.16758537,0.043681011,0,362.583093,267,0.03345308380765344,0.0,False
Top,75,0.16721916,0.043581009,0,362.700586,3416,0.03383270225307463,0.0,False
Top,76,0.166851990000001,0.043481008,0,362.793115,3415,0.034213246611724535,0.0,False
Top,77,0.16648626,0.043381006,0,362.859033,1992,0.03459240203223799,0.0,False
Top,78,0.16648626,0.042994008,0,362.831628,1994,0.03497940003223799,0.0,False
Top,79,0.16648626,0.042608008,0,362.827783,3359,0.03536540003223799,0.0,False
Top,80,0.16648626,0.04222101,0,362.839258,1890,0.03575239803223799,0.0,False
Top,81,0.16648626,0.041834012,0,362.862573,3358,0.036139396032237994,0.0,False
Top,82,0.16648626,0.041448012,0,362.897729,3357,0.03652539603223799,0.0,False
Top,83,0.16695404,0.041280002,0,362.829553,1882,0.03702243273963494,0.0,False
Top,84,0.167423240000001,0.041112006,0,362.751367,1891,0.03752080137429902,0.0,False
Top,85,0.16789102,0.04094401,0,362.672144,669,0.03801783334954314,0.0,False
Top,86,0.16836023,0.040776,0,362.596765,668,0.038516216118306267,0.0,False
Top,87,0.16882801,0.040608004,0,362.528955,1905,0.03901324809355132,0.0,False
Top,88,0.169297210000001,0.040440008,0,362.470483,1904,0.039511616728215404,0.0,False
Top,89,0.16976499,0.040272013,0,362.422266,3352,0.040008648365462036,0.0,False
Top,90,0.1702342,0.040104002,0,362.384241,3373,0.04050703147133642,0.0,False
Top,91,0.17070198,0.039936006,0,362.356714,3372,0.041004063446581474,0.0,False
Top,92,0.17117404,0.039799005,0,362.334802,3374,0.04149560176411226,0.0,False
Top,93,0.17167329,0.039799005,0,362.294275,3375,0.041994851764112266,0.0,False
Top,94,0.172171110000001,0.039799005,0,362.25625,3376,0.04249267176411325,0.0,False
Top,95,0.17266941,0.039799005,0,362.224634,647,0.042990971764112255,0.0,False
Top,96,0.17316627,0.039799005,0,362.20083,649,0.04348783176411227,0.0,False
Top,97,0.17366409,0.039799005,0,362.185999,1913,0.04398565176411225,0.0,False
Top,98,0.17416238,0.039799005,0,362.181177,3377,0.044483941764112266,0.0,False
Top,99,0.17465925,0.039799005,0,362.18728,3379,0.04498081176411225,0.0,False
Top,100,0.17515707,0.039799005,0,362.205164,3382,0.04547863176411226,0.0,False
Top,101,0.17565441,0.039799005,0,362.235498,1923,0.04597597176411227,0.0,False
Top,102,0.176152220000001,0.039799005,0,362.279016,1922,0.04647378176411326,0.0,False
Top,103,0.17665004,0.039799005,0,362.336511,1931,0.04697160176411227,0.0,False
Top,104,0.17714738,0.039799005,0,362.40835,1930,0.04746894176411225,0.0,False
Top,105,0.177645200000001,0.039799005,0,362.495996,2261,0.04796676176411326,0.0,False
Top,106,0.17814302,0.039799005,0,362.601282,2260,0.04846458176411227,0.0,False
Top,107,0.17864036,0.039799005,0,362.727625,3602,0.04896192176411226,0.0,False
Top,108,0.17913723,0.039786011,0,362.881738,2267,0.04945896164272967,0.0,False
Top,109,0.17963409,0.039752007,0,363.07052,3601,0.04995698386273194,0.0,False
Top,110,0.180125230000001,0.039669007,0,363.302026,2271,0.05045508776715448,0.0,False
Top,111,0.18060541,0.039541006,0,363.573633,2273,0.05095203553946062,0.0,False
Top,112,0.18107509,0.039378003,0,363.88717,2281,0.05144919676120765,0.0,False
Top,113,0.18153238,0.039184004,0,364.248926,3599,0.05194593588398841,0.0,False
Top,114,0.18197107,0.038947001,0,364.668481,3600,0.05244455331058822,0.0,False
Top,115,0.182384010000001,0.038670004,0,365.142297,3605,0.052941792469957054,0.0,False
Top,116,0.18277311,0.038362012,0,365.666162,761,0.05343803624277763,0.0,False
Top,117,0.18314218,0.038028002,0,366.245752,760,0.05393580661654449,0.0,False
Top,118,0.183480260000001,0.037663013,0,366.883325,3606,0.054433315467241325,0.0,False
Top,119,0.183781140000001,0.037266001,0,367.565454,2298,0.054931459324519524,0.0,False
Top,120,0.184048170000001,0.036847011,0,368.270105,2297,0.055428307028549645,0.0,False
Top,121,0.18428707,0.036411003,0,368.990686,3592,0.0559254751953338,0.0,False
Top,122,0.18448925,0.035956011,0,369.712549,3593,0.056423365215784095,0.0,False
Top,123,0.18466806,0.035492003,0,370.415186,3608,0.056920634197487156,0.0,False
Top,124,0.184846400000001,0.035027013,0,371.102136,3589,0.05741865112059354,0.0,False
Top,125,0.18502521,0.034563005,0,371.796899,3590,0.05791592010229625,0.0,False
Top,126,0.185200210000001,0.034097001,0,372.531396,3621,0.05841369990101889,0.0,False
Top,127,0.18532609,0.033616007,0,373.321436,3618,0.058910893024901094,0.0,False
Top,128,0.18536806,0.033120007,0,374.143945,3586,0.05940866554413051,0.0,False
Top,129,0.185328960000001,0.032625005,0,374.972314,3622,0.05990520938912703,0.0,False
Top,130,0.18520593,0.032142014,0,375.803003,2304,0.060403623561258245,0.0,False
Top,131,0.18500709,0.031687007,0,376.642053,211,0.060900180421697196,0.0,False
Top,132,0.18473434,0.031270013,0,377.506067,213,0.06139845399970029,0.0,False
Top,133,0.18439722,0.03090401,0,378.416162,3626,0.061896056341343694,0.0,False
Top,134,0.18400526,0.030600012,0,379.394067,790,0.062392088019368394,0.0,False
Top,135,0.183567040000001,0.030363009,0,380.446313,2459,0.06289029198403359,0.0,False
Top,136,0.1830964,0.030203,0,381.554102,823,0.06338738844316598,0.0,False
Top,137,0.18260526,0.030125007,0,382.695215,822,0.06388468252884265,0.0,False
Top,138,0.18210697,0.03011401,0,383.789087,3705,0.06438309386309277,0.0,False
Top,139,0.1816101,0.03011401,0,384.814722,3629,0.06487996386309278,0.0,False
Top,140,0.181112280000001,0.03011401,0,385.810266,3701,0.06537778386309176,0.0,False
Top,141,0.18061494,0.03011401,0,386.789026,3704,0.06587512386309277,0.0,False
Top,142,0.18011713,0.03011401,0,387.761377,3703,0.06637293386309279,0.0,False
Top,143,0.179619310000001,0.03011401,0,388.728357,3702,0.06687075386309177,0.0,False
Top,144,0.179121970000001,0.03011401,0,389.689905,3700,0.06736809386309178,0.0,False
Top,145,0.17862415,0.03011401,0,390.650964,3699,0.06786591386309276,0.0,False
Top,146,0.17812633,0.03011401,0,391.610681,163,0.06836373386309277,0.0,False
Top,147,0.177628990000001,0.03011401,0,392.567957,165,0.06886107386309176,0.0,False
Top,148,0.17713117,0.03011401,0,393.527429,852,0.06935889386309277,0.0,False
Top,149,0.17663335,0.03011401,0,394.487939,851,0.06985671386309278,0.0,False
Top,150,0.17613601,0.03011401,0,395.44845,3698,0.07035405386309276,0.0,False
Top,151,0.17563819,0.03011401,0,396.413538,3385,0.07085187386309277,0.0,False
Top,152,0.175141330000001,0.03011401,0,397.38009,3384,0.07134873386309176,0.0,False
Top,153,0.17464304,0.03011401,0,398.352808,2461,0.07184702386309277,0.0,False
Top,154,0.174145220000001,0.03011401,0,399.33053,2478,0.07234484386309178,0.0,False
Top,155,0.173648350000001,0.03011401,0,400.311975,3381,0.07284171386309177,0.0,False
Top,156,0.17315006,0.03011401,0,401.301599,650,0.07334000386309278,0.0,False
Top,157,0.172652240000001,0.03011401,0,402.298242,644,0.07383782386309176,0.0,False
Top,158,0.17215538,0.03011401,0,403.3005,643,0.07433468386309278,0.0,False
Top,159,0.17165708,0.03011401,0,404.313318,635,0.07483298386309278,0.0,False
Top,160,0.17115926,0.03011401,0,405.335413,634,0.07533080386309277,0.0,False
Top,161,0.1706624,0.03011401,0,406.365503,3708,0.07582766386309278,0.0,False
Top,162,0.1701641,0.03011401,0,407.408533,3706,0.07632596386309276,0.0,False
Top,163,0.16966724,0.03011401,0,408.461206,3709,0.07682282386309278,0.0,False
Top,164,0.16916894,0.03011401,0,409.528467,3707,0.07732112386309278,0.0,False
Top,165,0.16867113,0.03011401,0,410.609033,3710,0.07781893386309277,0.0,False
Top,166,0.168174260000001,0.03011401,0,411.701501,3713,0.07831580386309178,0.0,False
Top,167,0.16767597,0.03011401,0,412.810938,3712,0.07881409386309277,0.0,False
Top,168,0.167178150000001,0.03011401,0,413.935815,842,0.07931191386309178,0.0,False
Top,169,0.166681290000001,0.03011401,0,415.073999,3711,0.07980877386309176,0.0,False
Top,170,0.16618299,0.03011401,0,416.229761,3714,0.08030707386309277,0.0,False
Top,171,0.16568613,0.03011401,0,417.396021,845,0.08080393386309279,0.0,False
Top,172,0.16518831,0.03011401,0,418.56936,847,0.08130175386309277,0.0,False
Top,173,0.16469001,0.030106008,0,419.742029,3727,0.08180011810940666,0.0,False
Top,174,0.1641941,0.030082003,0,420.913599,664,0.08229660876201252,0.0,False
Top,175,0.163698190000001,0.030033008,0,422.105432,1884,0.0827949331926037,0.0,False
Top,176,0.1632061,0.029959008,0,423.327173,1883,0.08329255611018385,0.0,False
Top,177,0.16271925,0.029858008,0,424.579065,2483,0.08378977228298999,0.0,False
Top,178,0.16223716,0.029732004,0,425.871606,2496,0.08428805711731271,0.0,False
Top,179,0.16176319,0.029584006,0,427.17959,44,0.08478459610762867,0.0,False
Top,180,0.16129493,0.029414013,0,428.499231,43,0.08528275777581382,0.0,False
Top,181,0.16083622,0.029222012,0,429.805688,2488,0.08578002958086715,0.0,False
Top,182,0.16038703,0.029007003,0,431.105066,3730,0.08627802609308485,0.0,False
Top,183,0.15995121,0.028767005,0,432.397424,232,0.08677555811457091,0.0,False
Top,184,0.159522050000001,0.02851601,0,433.681177,231,0.08727272689438734,0.0,False
Top,185,0.159093380000001,0.028263003,0,434.922937,2508,0.0877704924124267,0.0,False
Top,186,0.15866422,0.028011009,0,436.091638,2507,0.08826816628318632,0.0,False
Top,187,0.15823602,0.027758003,0,437.176599,3735,0.08876552659124878,0.0,False
Top,188,0.157807350000001,0.027505011,0,438.183008,24,0.08926328448517226,0.0,False
Top,189,0.15737819,0.027253002,0,439.11886,26,0.0897609659512546,0.0,False
Top,190,0.156949040000001,0.02700001,0,439.997827,3734,0.09025913728178571,0.0,False
Top,191,0.15652132,0.026747003,0,440.833154,3737,0.09075608490523296,0.0,False
Top,192,0.15609216,0.02649501,0,441.638208,2536,0.09125375826964881,0.0,False
Top,193,0.15566301,0.026242003,0,442.425439,2535,0.0917519372179686,0.0,False
Top,194,0.155234330000001,0.02599001,0,443.20376,3738,0.09224919672209911,0.0,False
Top,195,0.15480613,0.025737003,0,443.982141,2532,0.09274655753886081,0.0,False
Top,196,0.15437698,0.025484011,0,444.770837,2721,0.09324472886939278,0.0,False
Top,197,0.153948300000001,0.025232002,0,445.574243,2720,0.09374199648193167,0.0,False
Top,198,0.153520100000001,0.024979011,0,446.39718,21,0.09423934915969767,0.0,False
Top,199,0.15309095,0.024726004,0,447.247156,23,0.0947375281080183,0.0,False
Top,200,0.15266227,0.02447401,0,448.124109,3746,0.09523478811891402,0.0,False
Top,201,0.15223312,0.024221003,0,449.030969,3745,0.09573296706723379,0.0,False
Top,202,0.151805400000001,0.023968011,0,449.967249,3744,0.09622990705401603,0.0,False
Top,203,0.15137624,0.023716003,0,450.933984,2703,0.09672758801373306,0.0,False
Top,204,0.150947090000001,0.023463011,0,451.927942,2599,0.09722575934426417,0.0,False
Top,205,0.15051794,0.023210004,0,452.948999,2598,0.09772393829258483,0.0,False
Top,206,0.15009021,0.022958011,0,453.993188,2697,0.09822037904932121,0.0,False
Top,207,0.149661060000001,0.022705004,0,455.06759,2698,0.09871855799764012,0.0,False
Top,208,0.14923238,0.022452012,0,456.171411,2699,0.09921632450360941,0.0,False
Top,209,0.14880418,0.022200004,0,457.30874,3750,0.09971317787439801,0.0,False
Top,210,0.14837503,0.021947012,0,458.490442,265,0.10021134920493001,0.0,False
Top,211,0.147946350000001,0.021695003,0,459.724451,2687,0.1007086168174689,0.0,False
Top,212,0.1475172,0.021442011,0,461.02218,2686,0.10120678814800176,0.0,False
Top,213,0.147089,0.021189004,0,462.39718,2582,0.10170414896476257,0.0,False
Top,214,0.146660320000001,0.020937011,0,463.868311,2583,0.1022014084688931,0.0,False
Top,215,0.14623117,0.020684004,0,465.458948,3879,0.10269958741721374,0.0,False
Top,216,0.14580297,0.020431012,0,467.199976,3876,0.10319694060365572,0.0,False
Top,217,0.145370000000001,0.020185009,0,469.130823,3877,0.10369491700561483,0.0,False
Top,218,0.14493131,0.019952014,0,471.271997,3869,0.10419164186519593,0.0,False
Top,219,0.14448022,0.019741014,0,473.639246,3875,0.10468964105003463,0.0,False
Top,220,0.14401912,0.019554004,0,476.214258,3871,0.10518722114419032,0.0,False
Top,221,0.14354801,0.019392014,0,478.980127,3874,0.10568540323158408,0.0,False
Top,222,0.14307022,0.019254014,0,481.893091,3872,0.10618272333383212,0.0,False
Top,223,0.14258623,0.019139007,0,484.917139,3873,0.10668018984541756,0.0,False
Top,224,0.14209795,0.019046009,0,487.993799,2594,0.10717724717249766,0.0,False
Top,225,0.141605370000001,0.018977002,0,491.082239,3867,0.1076746373839494,0.0,False
Top,226,0.14110899,0.018933013,0,494.146875,969,0.10817296271595854,0.0,False
Top,227,0.14061212,0.01891701,0,497.147974,3778,0.10867009035842976,0.0,False
Top,228,0.1401143,0.018915013,0,500.085229,3783,0.10916791436388651,0.0,False
Top,229,0.13961601,0.018915013,0,502.987939,3780,0.1096662043638865,0.0,False
Top,230,0.13911914,0.018915013,0,505.889063,3781,0.1101630743638865,0.0,False
Top,231,0.13862133,0.018915013,0,508.822351,3782,0.11066088436388652,0.0,False
Top,232,0.13812398,0.018915013,0,511.786584,2589,0.1111582343638865,0.0,False
Top,233,0.13762617,0.018915013,0,514.797205,963,0.11165604436388651,0.0,False
Top,234,0.13712835,0.018915013,0,517.8453,3803,0.1121538643638865,0.0,False
Top,235,0.13663101,0.018915013,0,520.917078,2586,0.11265120436388651,0.0,False
Top,236,0.136133190000001,0.018915013,0,523.992212,2585,0.11314902436388552,0.0,False
Top,237,0.13563537,0.018908009,0,527.052209,3799,0.11364689363228535,0.0,False
Top,238,0.135138980000001,0.018884003,0,530.095972,1733,0.11414386377236926,0.0,False
Top,239,0.13464307,0.018836007,0,533.151208,1732,0.11464209097367102,0.0,False
Top,240,0.13415098,0.018763006,0,536.27041,2602,0.11513956631386489,0.0,False
Top,241,0.13366317,0.018663004,0,539.435144,3804,0.11563752112718031,0.0,False
Top,242,0.13318204,0.018539012,0,542.667444,3806,0.11613437129872502,0.0,False
Top,243,0.13270711,0.018391013,0,545.930505,38,0.1166318270343448,0.0,False
Top,244,0.13223934,0.018221006,0,549.155359,37,0.11712953292435313,0.0,False
Top,245,0.13178014,0.018029005,0,552.275171,1725,0.11762725676746397,0.0,False
Top,246,0.131330960000001,0.017815009,0,555.228723,3809,0.11812480773009502,0.0,False
Top,247,0.13089418,0.017578006,0,557.979028,3271,0.11862174554351826,0.0,False
Top,248,0.13046217,0.017329008,0,560.505212,3270,0.1191203763128296,0.0,False
Top,249,0.1300311,0.017081008,0,562.7073,3269,0.11961769446542407,0.0,False
Top,250,0.129596230000001,0.016840011,0,564.538293,3266,0.12011487800387656,0.0,False
Top,251,0.12915325,0.016614005,0,565.958398,3264,0.12061218072097842,0.0,False
Top,252,0.1286993,0.01640901,0,566.969446,3263,0.12111027062503692,0.0,False
Top,253,0.12823629,0.016228006,0,567.611169,3265,0.12160740311051337,0.0,False
Top,254,0.12776327,0.016071007,0,567.945703,3260,0.1221057971377659,0.0,False
Top,255,0.127283090000001,0.015940011,0,568.042993,1713,0.12260352475847332,0.0,False
Top,256,0.12679815,0.015833006,0,567.973474,1712,0.1231001301084505,0.0,False
Top,257,0.126307010000001,0.015749008,0,567.800684,3276,0.12359840128321684,0.0,False
Top,258,0.12581396,0.015688002,0,567.580774,3274,0.12409521114074483,0.0,False
Top,259,0.125318050000001,0.015651003,0,567.359705,1776,0.12459249944153221,0.0,False
Top,260,0.12482023,0.015638009,0,567.176477,1749,0.1250904889960783,0.0,False
Top,261,0.124321930000001,0.015638009,0,567.067224,1748,0.1255887889960773,0.0,False
Top,262,0.123825070000001,0.015638009,0,567.060144,1711,0.12608564899607733,0.0,False
Top,263,0.12332725,0.015638009,0,567.169946,243,0.1265834689960783,0.0,False
Top,264,0.122830390000001,0.015638009,0,567.40542,922,0.1270803289960773,0.0,False
Top,265,0.12233209,0.015638009,0,567.775232,919,0.1275786289960783,0.0,False
Top,266,0.12183427,0.015638009,0,568.283533,3257,0.1280764489960783,0.0,False
Top,267,0.12133693,0.015638009,0,568.931116,3256,0.1285737889960783,0.0,False
Top,268,0.12083911,0.015638009,0,569.721948,1744,0.12907160899607828,0.0,False
Top,269,0.120341300000001,0.015638009,0,570.655725,913,0.12956941899607727,0.0,False
Top,270,0.119843960000001,0.015638009,0,571.730615,1710,0.13006675899607728,0.0,False
Top,271,0.11934614,0.015638009,0,572.951685,3254,0.13056457899607826,0.0,False
Top,272,0.118848320000001,0.015638009,0,574.317529,1754,0.13106239899607725,0.0,False
Top,273,0.118350980000001,0.015638009,0,575.825586,3258,0.13155973899607726,0.0,False
Top,274,0.11785316,0.015638009,0,577.482629,3259,0.13205755899607824,0.0,False
Top,275,0.1173563,0.015638009,0,579.2828,3253,0.13255441899607823,0.0,False
Top,276,0.116858000000001,0.015638009,0,581.234277,580,0.13305271899607723,0.0,False
Top,277,0.11636018,0.015638009,0,583.335168,566,0.13355053899607824,0.0,False
Top,278,0.11586332,0.015638009,0,585.5823,561,0.13404739899607823,0.0,False
Top,279,0.11536502,0.015638009,0,587.982568,244,0.13454569899607824,0.0,False
Top,280,0.11486721,0.015638009,0,590.53219,1707,0.13504350899607825,0.0,False
Top,281,0.114370340000001,0.015638009,0,593.230798,3249,0.13554037899607724,0.0,False
Top,282,0.11387205,0.015638009,0,596.08877,1708,0.13603866899607825,0.0,False
Top,283,0.11337518,0.015638009,0,599.095605,1705,0.13653553899607823,0.0,False
Top,284,0.112877360000001,0.015638009,0,602.26394,1704,0.13703335899607724,0.0,False
Top,285,0.11237907,0.015638009,0,605.587976,558,0.13753164899607823,0.0,False
Top,286,0.11188221,0.015638009,0,609.059351,560,0.13802850899607821,0.0,False
Top,287,0.11138439,0.015638009,0,612.687708,1701,0.1385263289960782,0.0,False
Top,288,0.11088609,0.015638009,0,616.455591,3248,0.1390246289960782,0.0,False
Top,289,0.11038923,0.015638009,0,620.332971,3232,0.1395214889960782,0.0,False
Top,290,0.109890930000001,0.015638009,0,624.290125,3247,0.1400197889960772,0.0,False
Top,291,0.10939312,0.015638009,0,628.243066,1696,0.14051759899607819,0.0,False
Top,292,0.10889625,0.015638009,0,632.076807,3236,0.14101446899607817,0.0,False
Top,293,0.10839796,0.015638009,0,635.658899,591,0.14151275899607818,0.0,False
Top,294,0.10790109,0.015638009,0,638.819727,590,0.14200962899607816,0.0,False
Top,295,0.107403270000001,0.015638009,0,641.464868,3246,0.14250744899607717,0.0,False
Top,296,0.10690498,0.015638009,0,643.524988,3245,0.14300573899607816,0.0,False
Top,297,0.10640811,0.015638009,0,644.959253,3238,0.14350260899607814,0.0,False
Top,298,0.105910300000001,0.015638009,0,645.803796,3237,0.14400041899607713,0.0,False
Top,299,0.105412,0.015638009,0,646.110864,3233,0.14449871899607813,0.0,False
Top,300,0.10491514,0.015638009,0,645.940698,3234,0.14499557899607812,0.0,False
Top,301,0.10441732,0.015638009,0,645.356042,1620,0.14549339899607813,0.0,False
Top,302,0.10391902,0.015638009,0,644.427209,1621,0.1459916989960781,0.0,False
Top,303,0.10342216,0.015638009,0,643.207788,1669,0.1464885589960781,0.0,False
Top,304,0.10292434,0.015638009,0,641.726953,1670,0.14698637899607808,0.0,False
Top,305,0.102427,0.015638009,0,640.025537,3239,0.1474837189960781,0.0,False
Top,306,0.10192918,0.015638009,0,638.141199,1655,0.1479815389960781,0.0,False
Top,307,0.10143137,0.015638009,0,636.145532,1657,0.1484793489960781,0.0,False
Top,308,0.10093402,0.015638009,0,634.122034,1685,0.1489766989960781,0.0,False
Top,309,0.100436210000001,0.015638009,0,632.134546,1684,0.14947450899607712,0.0,False
Top,310,0.0999383900000002,0.015638009,0,630.245264,1682,0.14997232899607793,0.0,False
Top,311,0.0994410500000003,0.015638009,0,628.494958,3243,0.15046966899607783,0.0,False
Top,312,0.0989432300000006,0.015638009,0,626.910791,1678,0.15096748899607754,0.0,False
Top,313,0.0984449300000003,0.015638009,0,625.518945,556,0.15146578899607782,0.0,False
Top,314,0.0979480700000002,0.015638009,0,624.328638,3244,0.15196264899607792,0.0,False
Top,315,0.0974502500000005,0.015638009,0,623.33291,551,0.15246046899607762,0.0,False
Top,316,0.0969533900000004,0.015638009,0,622.518213,1679,0.15295732899607772,0.0,False
Top,317,0.0964550900000001,0.015638009,0,621.858606,3242,0.153455628996078,0.0,False
Top,318,0.0959572700000004,0.015638009,0,621.330042,3241,0.1539534489960777,0.0,False
Top,319,0.0954599300000005,0.015638009,0,620.913965,133,0.15445078899607761,0.0,False
Top,320,0.0949621199999999,0.015638009,0,620.590723,132,0.1549485989960782,0.0,False
Top,321,0.0944652500000007,0.015627012,0,620.355066,1623,0.15544559067700275,0.0,False
Top,322,0.0939683900000006,0.015593008,0,620.201563,3193,0.15594361289700515,0.0,False
Top,323,0.09347438,0.015535012,0,620.120325,540,0.15644101556699858,0.0,False
Top,324,0.0929832400000006,0.015454009,0,620.103113,3191,0.15693879060213836,0.0,False
Top,325,0.0924973400000004,0.015348003,0,620.143884,3190,0.15743611954965317,0.0,False
Top,326,0.0920171700000001,0.015219003,0,620.239038,3188,0.15793331591820414,0.0,False
Top,327,0.0915431900000003,0.015066013,0,620.382471,3192,0.15843137513205308,0.0,False
Top,328,0.0910782800000005,0.014889002,0,620.573267,3186,0.1589288429221871,0.0,False
Top,329,0.0906233700000003,0.014688,0,620.804285,1612,0.15942618074711515,0.0,False
Top,330,0.0901789600000003,0.014464006,0,621.070886,1611,0.1599238488695984,0.0,False
Top,331,0.0897412300000004,0.014228002,0,621.348901,1613,0.16042114701047158,0.0,False
Top,332,0.0893039700000005,0.01399,0,621.60061,3185,0.160918983589686,0.0,False
Top,333,0.0888671800000003,0.013752014,0,621.793481,3184,0.16141639975377417,0.0,False
Top,334,0.0884304,0.013513014,0,621.895715,3179,0.16191429308411737,0.0,False
Top,335,0.08799314,0.013275013,0,621.873865,3183,0.1624121291852601,0.0,False
Top,336,0.0875563600000007,0.013037011,0,621.701807,1597,0.1629095442236369,0.0,False
Top,337,0.0871191000000007,0.01279901,0,621.361108,1589,0.16340738032477964,0.0,False
Top,338,0.0866823200000004,0.01256001,0,620.838525,1595,0.16390527365512286,0.0,False
Top,339,0.0862450600000004,0.012322009,0,620.128015,3177,0.1644031097562656,0.0,False
Top,340,0.0858082700000002,0.012084008,0,619.230493,3203,0.1649005330971948,0.0,False
Top,341,0.0853710100000002,0.011846006,0,618.152429,3176,0.1653983696764093,0.0,False
Top,342,0.0849351800000004,0.011608005,0,616.900659,3175,0.16589495024882514,0.0,False
Top,343,0.0844984000000002,0.011369005,0,615.475305,3173,0.16639284357916828,0.0,False
Top,344,0.0840611400000002,0.011131004,0,613.884241,3172,0.16689067968031102,0.0,False
Top,345,0.08362436,0.010893002,0,612.134424,1587,0.1673880947186886,0.0,False
Top,346,0.0831871,0.010655001,0,610.22561,511,0.16788593081983133,0.0,False
Top,347,0.0827503200000006,0.010416001,0,608.156763,512,0.16838382415017375,0.0,False
Top,348,0.0823130600000006,0.010178,0,605.911096,143,0.16888166025131648,0.0,False
Top,349,0.08187532,0.00994201,0,603.463464,125,0.16937896055063323,0.0,False
Top,350,0.0814313800000006,0.009718001,0,600.792017,3158,0.16987621577250675,0.0,False
Top,351,0.0809760000000006,0.0095170139999999,0,597.900293,3159,0.17037397748112748,0.0,False
Top,352,0.0805101400000003,0.0093400029999999,0,594.839258,484,0.17087233321122525,0.0,False
Top,353,0.0800371100000001,0.0091870129999999,0,591.661951,3129,0.17136948843949926,0.0,False
Top,354,0.0795569400000007,0.0090570009999999,0,588.400537,3138,0.17186694833641902,0.0,False
Top,355,0.0790700900000001,0.0089520069999999,0,585.091638,1321,0.17236499116844914,0.0,False
Top,356,0.07858038,0.0088700059999999,0,581.782068,3135,0.17286151916171952,0.0,False
Top,357,0.0780863700000003,0.0088120109999999,0,578.496118,1526,0.17335892171511538,0.0,False
Top,358,0.0775890300000004,0.0087780059999999,0,575.288782,3120,0.1738574228842463,0.0,False
Top,359,0.0770921700000002,0.0087670089999999,0,572.235803,3119,0.17435440456762025,0.0,False
Top,360,0.0765943500000006,0.0087670089999999,0,569.3677,3127,0.17485222456761984,0.0,False
Top,361,0.0760970100000007,0.0087670089999999,0,566.683618,1513,0.17534956456761974,0.0,False
Top,362,0.0755991900000001,0.0087670089999999,0,564.144983,1302,0.17584738456762034,0.0,False
Top,363,0.0751013700000005,0.0087670089999999,0,561.747583,3128,0.17634520456761993,0.0,False
Top,364,0.0746040300000006,0.0087670089999999,0,559.491174,3126,0.17684254456761983,0.0,False
Top,365,0.0741062100000001,0.0087670089999999,0,557.364221,1247,0.1773403645676203,0.0,False
Top,366,0.0736083900000004,0.0087670089999999,0,555.369653,1246,0.17783818456762002,0.0,False
Top,367,0.0731110500000005,0.0087670089999999,0,553.50979,3107,0.17833552456761992,0.0,False
Top,368,0.07261323,0.0087670089999999,0,551.776025,3125,0.1788333445676204,0.0,False
Top,369,0.0721163700000007,0.0087670089999999,0,550.174341,3124,0.1793302045676197,0.0,False
Top,370,0.0716180800000004,0.0087670089999999,0,548.697473,3123,0.17982849456762,0.0,False
Top,371,0.0711202600000007,0.0087670089999999,0,547.348047,3121,0.18032631456761972,0.0,False
Top,372,0.0706233900000006,0.0087670089999999,0,546.127527,1522,0.1808231845676198,0.0,False
Top,373,0.0701251000000003,0.0087670089999999,0,545.030481,369,0.1813214745676201,0.0,False
Top,374,0.0696272800000006,0.0087670089999999,0,544.058923,368,0.1818192945676198,0.0,False
Top,375,0.0691299400000007,0.0087670089999999,0,543.213831,3145,0.1823166345676197,0.0,False
Top,376,0.0686321200000002,0.0087670089999999,0,542.491418,3156,0.1828144545676202,0.0,False
Top,377,0.0681343000000005,0.0087670089999999,0,541.893091,111,0.1833122745676199,0.0,False
Top,378,0.0676369600000006,0.0087670089999999,0,541.419397,113,0.1838096145676198,0.0,False
Top,379,0.0671391400000001,0.0087670089999999,0,541.068079,1488,0.1843074345676203,0.0,False
Top,380,0.0666422799999999,0.0087670089999999,0,540.840479,1489,0.1848042945676205,0.0,False
Top,381,0.0661439900000005,0.0087670089999999,0,540.735498,3143,0.1853025845676199,0.0,False
Top,382,0.0656461699999999,0.0087670089999999,0,540.753625,3148,0.18580040456762048,0.0,False
Top,383,0.0651493000000007,0.0087670089999999,0,540.894678,3157,0.1862972745676197,0.0,False
Top,384,0.0646510100000004,0.0087680069999999,0,541.158899,3147,0.18679556556704102,0.0,False
Top,385,0.0641531900000007,0.0087680069999999,0,541.546533,1484,0.18729338556704073,0.0,False
Top,386,0.0636563300000006,0.0087680069999999,0,542.056726,1486,0.18779024556704083,0.0,False
Top,387,0.0631580300000003,0.0087680069999999,0,542.691675,120,0.1882885455670411,0.0,False
Top,388,0.0626611700000002,0.0087680069999999,0,543.449182,119,0.1887854055670412,0.0,False
Top,389,0.0621633500000005,0.0087680069999999,0,544.332727,3142,0.1892832255670409,0.0,False
Top,390,0.0616650500000002,0.0087680069999999,0,545.341333,3155,0.1897815255670412,0.0,False
Top,391,0.0611681900000001,0.0087680069999999,0,546.47323,1479,0.1902783855670413,0.0,False
Top,392,0.0606703700000004,0.0087680069999999,0,547.733484,3141,0.190776205567041,0.0,False
Top,393,0.0601720800000001,0.0087680069999999,0,549.120813,3140,0.1912744955670413,0.0,False
Top,394,0.05967521,0.0087680069999999,0,550.63241,1328,0.19177136556704139,0.0,False
Top,395,0.0591773900000003,0.0087680069999999,0,552.275659,1530,0.1922691855670411,0.0,False
Top,396,0.0586791,0.0087680069999999,0,554.049646,1471,0.19276747556704138,0.0,False
Top,397,0.0581822400000007,0.0087680069999999,0,555.948206,1470,0.19326433556704067,0.0,False
Top,398,0.0576839400000004,0.0087680069999999,0,557.979272,3146,0.19376263556704099,0.0,False
Top,399,0.0571870800000003,0.0087680069999999,0,560.138696,1531,0.19425949556704109,0.0,False
Top,400,0.0566892600000006,0.0087680069999999,0,562.434839,3139,0.1947573155670408,0.0,False
Top,401,0.0561909600000003,0.0087680069999999,0,564.862451,3101,0.19525561556704107,0.0,False
Top,402,0.0556941000000002,0.0087680069999999,0,567.414026,1355,0.19575247556704117,0.0,False
Top,403,0.0551962800000005,0.0087680069999999,0,570.092615,1337,0.19625029556704088,0.0,False
Top,404,0.0546979900000002,0.0087680069999999,0,572.871729,1336,0.19674858556704117,0.0,False
Top,405,0.0542011200000001,0.0087620019999999,0,575.727197,1540,0.19724549185289908,0.0,False
Top,406,0.0537042599999999,0.0087400079999999,0,578.662134,1535,0.1977428384077642,0.0,False
Top,407,0.0532083500000002,0.008694008,0,581.709985,1536,0.19824087728988052,0.0,False
Top,408,0.0527162500000005,0.0086210079999999,0,584.868555,3150,0.1987383623750838,0.0,False
Top,409,0.0522279700000006,0.008522004,0,588.179895,3149,0.19923657834272823,0.0,False
Top,410,0.0517463600000001,0.0083990099999999,0,591.584314,3098,0.1997336454570463,0.0,False
Top,411,0.0512709600000001,0.0082530079999999,0,595.072107,1529,0.20023095998931337,0.0,False
Top,412,0.0508022300000004,0.008085013,0,598.658411,3091,0.20072888582005996,0.0,False
Top,413,0.0503430300000005,0.0078950079999999,0,602.372339,423,0.20122584310195143,0.0,False
Top,414,0.0498933700000004,0.0076820109999999,0,606.354822,3019,0.2017233989657588,0.0,False
Top,415,0.0494551599999999,0.0074460059999999,0,610.783411,2937,0.20222112013682292,0.0,False
Top,416,0.04902315,0.0071980059999999,0,615.836694,1361,0.20271925329181253,0.0,False
Top,417,0.0485920900000005,0.0069500059999999,0,621.540979,1360,0.20321656277653968,0.0,False
Top,418,0.0481610300000002,0.0067020059999999,0,627.745874,1371,0.2037138722612675,0.0,False
Top,419,0.0477271000000004,0.0064570009999999,0,634.26394,1369,0.20421219213336256,0.0,False
Top,420,0.04728698,0.0062250049999999,0,641.01272,1368,0.20470971374939181,0.0,False
Top,421,0.0468363700000003,0.0060160009999999,0,648.14541,2933,0.20520643504359584,0.0,False
Top,422,0.0463733600000005,0.005832002,0,655.55752,1363,0.20570466580549315,0.0,False
Top,423,0.0459022500000001,0.0056710099999999,0,662.760034,1362,0.2062025242755069,0.0,False
Top,424,0.0454239800000007,0.0055340079999999,0,668.842615,3025,0.2067000297939722,0.0,False
Top,425,0.0449399900000005,0.0054190009999999,0,673.013025,3024,0.20719749630555784,0.0,False
Top,426,0.04445123,0.005327002,0,675.052148,1378,0.20769483940001224,0.0,False
Top,427,0.0439581800000006,0.0052600059999999,0,675.122217,3027,0.2081924203145532,0.0,False
Top,428,0.0434632300000004,0.005217001,0,673.617273,1386,0.20868923510149617,0.0,False
Top,429,0.0429654099999999,0.0052020109999999,0,671.021936,1388,0.20918728073444612,0.0,False
Top,430,0.04246807,0.005200014,0,667.855432,3031,0.20968462474376853,0.0,False
Top,431,0.0419702500000003,0.005200014,0,664.440759,3029,0.21018244474376824,0.0,False
Top,432,0.04147195,0.005200014,0,660.965234,3028,0.21068074474376852,0.0,False
Top,433,0.0409750899999999,0.005200014,0,657.540674,3030,0.21117760474376862,0.0,False
Top,434,0.0404772700000002,0.005200014,0,654.209741,1377,0.21167542474376833,0.0,False
Top,435,0.0399789799999999,0.005200014,0,651.007227,1398,0.21217371474376862,0.0,False
Top,436,0.0394821100000007,0.005200014,0,647.952051,1399,0.21267058474376782,0.0,False
Top,437,0.0389842900000001,0.005200014,0,645.037683,3046,0.2131684047437684,0.0,False
Top,438,0.0384860000000007,0.005200014,0,642.272668,3047,0.21366669474376782,0.0,False
Top,439,0.0379891400000005,0.005200014,0,639.662561,422,0.21416355474376803,0.0,False
Top,440,0.03749132,0.005200014,0,637.196863,421,0.2146613747437685,0.0,False
Top,441,0.0369939800000001,0.005200014,0,634.885095,3045,0.2151587147437684,0.0,False
Top,442,0.0364961600000004,0.005200014,0,632.71731,1397,0.2156565347437681,0.0,False
Top,443,0.0359983399999999,0.005200014,0,630.697778,1182,0.21615435474376862,0.0,False
Top,444,0.035501,0.005200014,0,628.829553,3033,0.21665169474376852,0.0,False
Top,445,0.0350031800000004,0.005200014,0,627.104456,3039,0.21714951474376812,0.0,False
Top,446,0.0345053600000007,0.005200014,0,625.526025,1375,0.21764733474376782,0.0,False
Top,447,0.0340080199999999,0.005200014,0,624.096338,417,0.2181446747437686,0.0,False
Top,448,0.0335102000000003,0.005200014,0,622.80929,3032,0.2186424947437682,0.0,False
Top,449,0.0330123900000006,0.005200014,0,621.667566,2918,0.21914030474376792,0.0,False
Top,450,0.0325150400000007,0.005200014,0,620.67251,2915,0.2196376547437678,0.0,False
Top,451,0.0320172300000001,0.005200014,0,619.819971,1374,0.2201354647437684,0.0,False
Top,452,0.03152036,0.005200014,0,619.113,350,0.2206323347437685,0.0,False
Top,453,0.0310220700000006,0.005200014,0,618.548547,349,0.2211306247437679,0.0,False
Top,454,0.03052425,0.005200014,0,618.128015,3048,0.2216284447437685,0.0,False
Top,455,0.0300273899999999,0.005200014,0,617.851709,2917,0.2221253047437686,0.0,False
Top,456,0.0295290900000005,0.005200014,0,617.718347,2916,0.222623604743768,0.0,False
Top,457,0.0290312699999999,0.005200014,0,617.728723,1406,0.2231214247437686,0.0,False
Top,458,0.0285344100000007,0.005200014,0,617.882227,3036,0.2236182847437678,0.0,False
Top,459,0.0280361100000004,0.005200014,0,618.179651,3035,0.2241165847437681,0.0,False
Top,460,0.0275392500000002,0.005200014,0,618.619836,3034,0.22461344474376832,0.0,False
Top,461,0.02704095,0.005200014,0,619.204736,2931,0.22511174474376852,0.0,False
Top,462,0.0265431400000002,0.005200014,0,619.93374,1403,0.22560955474376831,0.0,False
Top,463,0.0260462700000001,0.005200014,0,620.8052,3040,0.2261064247437684,0.0,False
Top,464,0.0255479800000007,0.005200014,0,621.8229,1217,0.2266047147437678,0.0,False
Top,465,0.0250501600000002,0.005200014,0,622.985559,1216,0.22710253474376832,0.0,False
Top,466,0.0245532900000001,0.005200014,0,624.290796,1418,0.2275994047437684,0.0,False
Top,467,0.0240550000000006,0.005200014,0,625.744165,1395,0.2280976947437679,0.0,False
Top,468,0.0235571800000001,0.005200014,0,627.343713,1394,0.2285955147437684,0.0,False
Top,469,0.0230603199999999,0.005200014,0,629.086267,1213,0.22909237474376862,0.0,False
Top,470,0.0225620200000005,0.005200014,0,630.979395,3044,0.22959067474376801,0.0,False
Top,471,0.0220651600000004,0.005200014,0,633.015955,3038,0.2300875347437681,0.0,False
Top,472,0.0215673400000007,0.005200014,0,635.204919,91,0.23058535474376782,0.0,False
Top,473,0.0210690500000004,0.005200014,0,637.542871,93,0.2310836447437681,0.0,False
Top,474,0.0205721800000003,0.005200014,0,640.025415,2832,0.2315805147437682,0.0,False
Top,475,0.0200743600000006,0.005200014,0,642.663354,2830,0.2320783347437679,0.0,False
Top,476,0.0195760700000003,0.005200014,0,645.452539,1414,0.2325766247437682,0.0,False
Top,477,0.0190792000000002,0.005200014,0,648.387781,1411,0.2330734947437683,0.0,False
Top,478,0.0185813900000005,0.005200014,0,651.481592,1410,0.233571304743768,0.0,False
Top,479,0.0180830900000002,0.005200014,0,654.729211,3042,0.2340696047437683,0.0,False
Top,480,0.01758623,0.005200014,0,658.124475,3041,0.23456646474376852,0.0,False
Top,481,0.0170879300000006,0.005200014,0,661.681909,1408,0.23506476474376792,0.0,False
Top,482,0.0165910700000005,0.005200014,0,665.388025,436,0.23556162474376802,0.0,False
Top,483,0.0160932499999999,0.005200014,0,669.25802,1409,0.2360594447437686,0.0,False
Top,484,0.0155949500000006,0.005200014,0,673.284937,1425,0.2365577447437679,0.0,False
Top,485,0.0150980900000004,0.005200014,0,677.458887,1438,0.2370546047437681,0.0,False
Top,486,0.0146002700000007,0.005200014,0,681.795068,3037,0.2375524247437678,0.0,False
Top,487,0.0141019800000004,0.005200014,0,686.287805,2822,0.2380507147437681,0.0,False
Top,488,0.0136051100000003,0.005200014,0,690.971155,2821,0.2385475847437682,0.0,False
Top,489,0.0131082500000002,0.0052300099999999,0,695.788843,1461,0.23904534936647262,0.0,False
Top,490,0.0126333199999999,0.0053760109999999,0,699.963098,1460,0.23954221433495126,0.0,False
Top,491,0.0122089299999999,0.005636007,0,702.669519,3056,0.24003991383476622,0.0,False
Top,492,0.01186227,0.0059900139999999,0,703.584436,1436,0.24053538745833145,0.0,False
Top,493,0.0116119299999999,0.0064209999999999,0,702.783044,1435,0.24103380399878335,0.0,False
Top,494,0.01147937,0.0068990139999999,0,700.774805,1458,0.24152985796539986,0.0,False
Top,495,0.0114540999999999,0.0073960129999999,0,698.34707,3055,0.24202749897948633,0.0,False
Top,496,0.0114540999999999,0.0078930109999999,0,696.073511,3094,0.24252449697948633,0.0,False
Top,497,0.0114540999999999,0.0083910079999999,0,694.074121,3097,0.24302249397948633,0.0,False
Top,498,0.0114540999999999,0.0088890049999999,0,692.359033,3160,0.24352049097948633,0.0,False
Top,499,0.0114540999999999,0.009386003,0,690.937769,3165,0.24401748897948644,0.0,False
Top,500,0.0114540999999999,0.009884,0,689.817529,3171,0.24451548597948644,0.0,False
Top,501,0.0114540999999999,0.010133013,0,689.369531,1434,0.24476449897948643,0.0,False
Top,502,0.0114540999999999,0.010382012,0,689.003076,1437,0.24490884143060995,0.00020289291006437573,False
Top,503,0.0111041000000007,0.010382012,0,689.384485,174,0.24519403419573818,0.0,False
Top,504,0.0107541000000007,0.010382012,0,689.612085,3164,0.24554403419573817,0.0,False
Top,505,0.0104041100000005,0.010382012,0,689.689355,3170,0.24589402419573836,0.0,False
Top,506,0.01005506,0.010382012,0,689.620386,455,0.24624307419573885,0.0,False
Top,507,0.0097050599999999,0.010382012,0,689.399133,457,0.24659307419573895,0.0,False
Top,508,0.0093550600000007,0.010382012,0,689.019922,3168,0.24694307133861862,2.8571195340165723e-09,True
Left,0,0.0093550600000007,0.010382012,0,689.019922,3168,0.0,0.0,True
Left,1,0.0093550600000007,0.010145009,0,689.367151,3167,0.00023700194070985862,1.0592901417139089e-09,False
Left,2,0.0093550600000007,0.009909004,0,689.790674,3166,0.0004730079999999987,0.0,False
Left,3,0.0093550600000007,0.0094360119999999,0,690.847864,506,0.0009460000000000995,0.0,False
Left,4,0.0093550600000007,0.008964002,0,692.191614,485,0.001418009999999999,0.0,False
Left,5,0.0093550600000007,0.0084910099999999,0,693.831812,3152,0.0018910020000000999,0.0,False
Left,6,0.0093550600000007,0.008019001,0,695.789697,3093,0.002363011,0.0,False
Left,7,0.0093550600000007,0.0075460079999999,0,698.112634,3076,0.0028360040000000994,0.0,False
Left,8,0.0093550600000007,0.007073,0,700.917688,1550,0.003309011999999999,0.0,False
Left,9,0.0093541100000003,0.0066010059999999,0,704.522729,3073,0.003781006956049421,0.0,False
Left,10,0.0092992700000005,0.006137014,0,709.585107,3071,0.004248228532674351,0.0,False
Left,11,0.0089292500000004,0.0058720109999999,0,715.157678,3049,0.004703356416251183,0.0,False
Left,12,0.0084562300000001,0.0058660059999999,0,719.308069,2818,0.005176414531523805,0.0,False
Left,13,0.0079841600000003,0.0058660059999999,0,722.373743,2817,0.005648484531523603,0.0,False
Left,14,0.0075111300000001,0.0058660059999999,0,724.960168,3052,0.006121514531523804,0.0,False
Left,15,0.0070390700000002,0.0058660059999999,0,727.28744,2804,0.006593574531523704,0.0,False
Left,16,0.00656604,0.0058660059999999,0,729.57363,1468,0.007066604531523904,0.0,False
Left,17,0.0061693100000006,0.0060900009999999,0,731.02548,89,0.007522201341131394,0.0,False
Left,18,0.0060863500000003,0.0065460059999999,0,730.87454,88,0.007985691278050256,0.0,False
Left,19,0.0060863500000003,0.0070190129999999,0,730.16848,1545,0.008458698278050257,0.0,False
Left,20,0.0060863500000003,0.0074910079999999,0,729.30227,3082,0.008930693278050256,0.0,False
Left,21,0.0060863500000003,0.007964,0,728.34622,3079,0.009403685278050357,0.0,False
Left,22,0.0060863500000003,0.0084360099999999,0,727.37948,3078,0.009875695278050257,0.0,False
Left,23,0.0060863500000003,0.008909002,0,726.47915,3154,0.010348687278050356,0.0,False
Left,24,0.0060863500000003,0.0091450069999999,0,726.07937,1554,0.010584692278050256,0.0,False
Left,25,0.0060863500000003,0.00938201,0,725.71615,3163,0.010717578184889427,0.00019624362436807745,False
Left,26,0.0057363500000002,0.00938201,0,726.179834,1553,0.01100738651980086,0.0,False
Left,27,0.0053863500000002,0.00938201,0,726.546045,3162,0.01135738651980086,0.0,False
Left,28,0.0050363500000001,0.00938201,0,726.800928,1559,0.01170738651980096,0.0,False
Left,29,0.00468635,0.00938201,0,726.90273,3161,0.01205738651980106,0.0,False
Left,30,0.0043363499999999,0.00938201,0,726.783533,107,0.01240738651980116,0.0,False
Left,31,0.0039863499999999,0.00938201,0,726.422632,106,0.012658075721281623,0.00024424249809468554,False
Left,32,0.0039863499999999,0.0090410119999999,0,727.05923,105,0.012896037352199989,0.0,False
Left,33,0.0039863499999999,0.0087000129999999,0,727.99905,1551,0.013237036352199989,0.0,False
Left,34,0.0039863499999999,0.0083589999999999,0,729.35488,3095,0.01357804935219999,0.0,False
Left,35,0.0039863499999999,0.008018002,0,731.55313,1542,0.01391904735219989,0.0,False
Left,36,0.0039863499999999,0.007715002,0,733.5704,1544,0.014222047352199889,0.0,False
Left,37,0.0039863499999999,0.007412002,0,734.45315,3088,0.01452504735219989,0.0,False
Left,38,0.0039863499999999,0.007109002,0,734.93099,3087,0.014828047352199891,0.0,False
Left,39,0.0039863499999999,0.0068069999999999,0,734.85122,3086,0.015130049352199991,0.0,False
Left,40,0.0039782500000002,0.006411001,0,735.0386,1462,0.015526131184654996,0.0,False
Left,41,0.0038599900000004,0.0060370119999999,0,736.28927,1446,0.015918372436591898,0.0,False
Left,42,0.0036053599999998,0.0057380049999999,0,738.0939,1448,0.01631110850948221,0.0,False
Left,43,0.0032539300000005,0.005559013,0,739.96011,1449,0.01670549560481302,0.0,False
Left,44,0.0028619700000005,0.0055230109999999,0,741.40505,2798,0.017099105545749484,0.0,False
Left,45,0.00247097,0.0055230109999999,0,742.42971,3067,0.017490105545749986,0.0,False
Left,46,0.0020799600000005,0.0055230109999999,0,743.35708,3066,0.017881115545749487,0.0,False
Left,47,0.0016903800000003,0.0055230109999999,0,744.27566,3058,0.01827069554574969,0.0,False
Left,48,0.0012993800000007,0.0055230109999999,0,745.18777,3069,0.01866169554574929,0.0,False
Left,49,0.0009083700000003,0.0055230109999999,0,746.11984,3068,0.019052705545749688,0.0,False
Left,50,0.0007133399999998,0.0055230109999999,0,746.48831,1439,0.019247735545750187,0.0,False
Left,51,0.0005173599999999,0.0055230109999999,0,746.88394,3070,0.019425102817884253,8.335844800949033e-05,False
Left,52,0.0003452300000006,0.0053500089999999,0,747.39358,1440,0.01965447214860689,0.0,False
Left,53,0.0001730900000005,0.0051780049999999,0,747.94021,1431,0.01989781872371333,0.0,False
Left,54,0.0,0.0050060009999999,0,748.45608,3064,0.020125671353279313,8.7339112599243e-05,False
Left,55,0.0,0.0047930039999999,0,748.77896,3062,0.02031993946248504,0.0,False
Left,56,0.0,0.004580006,0,749.16818,2795,0.02053293746248494,0.0,False
Left,57,0.0,0.0041540119999999,0,749.97933,2794,0.02095893146248504,0.0,False
Left,58,0.0,0.0037270039999999,0,750.8356,2793,0.02138593946248504,0.0,False
Left,59,0.0,0.0033010099999999,0,751.7355,2792,0.02181193346248504,0.0,False
Left,60,0.0,0.0028750009999999,0,752.73635,2791,0.02223794246248504,0.0,False
Left,61,0.0,0.002449006,0,753.70486,1023,0.02266393746248494,0.0,False
Left,62,0.0,0.0020230119999999,0,754.0751,2790,0.023089929115047075,2.3474379675335333e-09,True
