node_id,X_m,Y_m,Z_m,Temperature_C
1,0.0640473300000002,0.0072659999999999,0.0,542.19
2,0.0645413399999999,0.0072659999999999,0.0,541.78
3,0.0643362999999999,0.0067680029999999,0.0,541.87
4,0.0495572000000006,0.0014070129999999,0.0,755.43
5,0.0489840500000005,0.0013229999999999,0.0,754.85
6,0.04920101,0.0018460009999999,0.0,755.81
7,0.0441193499999999,0.0041280089999999,0.0,680.68
8,0.0435223499999999,0.004105002,0.0,677.56
9,0.0437684000000003,0.004690007,0.0,676.14
10,0.09481334,0.015066013,0.0,621.07
11,0.0953512100000005,0.014543012,0.0,621.8
12,0.0946912700000002,0.014457003,0.0,621.51
13,0.0541720300000001,0.007250011,0.0,576.92
14,0.0536980600000003,0.007663012,0.0,579.8
15,0.0543260500000002,0.0077630139999999,0.0,575.74
16,0.0937571500000001,0.0057650059999999,0.0,689.57
17,0.0940852100000003,0.006250009,0.0,693.3
18,0.0942492399999999,0.0057650059999999,0.0,694.91
19,0.0537233300000004,0.0071530049999999,0.0,579.91
20,0.0532612800000001,0.0072380009999999,0.0,583.17
21,0.153520100000001,0.024979011,0.0,446.4
22,0.153540130000001,0.024359003,0.0,447.04
23,0.15309095,0.024726004,0.0,447.25
24,0.157807350000001,0.027505011,0.0,438.18
25,0.15786838,0.026923001,0.0,438.82
26,0.15737819,0.027253002,0.0,439.12
27,0.177313320000001,0.048359007,0.0,358.66
28,0.17733812,0.047771007,0.0,359.01
29,0.17659235,0.048083008,0.0,358.94
30,0.17424821,0.047280014,0.0,359.64
31,0.173639290000001,0.047792003,0.0,359.47
32,0.17426824,0.048055008,0.0,359.26
33,0.159868240000001,0.026331008,0.0,437.06
34,0.16025209,0.025875002,0.0,437.8
35,0.15967702,0.025795013,0.0,438.43
36,0.132596970000001,0.017963007,0.0,547.84
37,0.13223934,0.018221006,0.0,549.16
38,0.13270711,0.018391013,0.0,545.93
39,0.134863370000001,0.017735005,0.0,533.17
40,0.13563013,0.017747,0.0,528.03
41,0.1353631,0.017182008,0.0,530.24
42,0.16166925,0.029056013,0.0,427.98
43,0.16129493,0.029414013,0.0,428.5
44,0.16176319,0.029584006,0.0,427.18
45,0.14228534,0.016950012,0.0,490.1
46,0.142325400000001,0.017532006,0.0,488.85
47,0.142779350000001,0.017229006,0.0,486.81
48,0.16594696,0.029616013,0.0,416.84
49,0.166211120000001,0.029112011,0.0,416.26
50,0.165712350000001,0.02911,0.0,417.44
51,0.154073230000001,0.02314201,0.0,447.5
52,0.15406131,0.023951009,0.0,446.75
53,0.1548233,0.023709014,0.0,445.95
54,0.0206379800000001,0.0042010099999999,0.0,640.39
55,0.0208520800000001,0.0047050119999999,0.0,639.01
56,0.0211329400000002,0.0042010099999999,0.0,637.94
57,0.0226683599999999,0.00320001,0.0,631.56
58,0.0221772100000006,0.00320001,0.0,633.54
59,0.02239608,0.00369601,0.0,632.55
60,0.0173802300000006,0.0047060109999999,0.0,659.94
61,0.0171761500000001,0.0042020089999999,0.0,661.71
62,0.01688432,0.0047060109999999,0.0,663.54
63,0.0248212800000003,0.0047040139999999,0.0,623.99
64,0.0250892600000006,0.004200012,0.0,623.62
65,0.0245943000000004,0.004200012,0.0,624.9
66,0.0081400800000004,0.0004460069999999,0.0,738.47
67,0.00792312,0.0,0.0,739.0
68,0.0077061600000005,0.0004430119999999,0.0,738.59
69,0.0454993200000002,0.0,0.0,749.8
70,0.0451231000000005,0.0,0.0,745.92
71,0.0453000000000001,0.0004120029999999,0.0,742.82
72,0.0504460300000007,0.0004229999999999,0.0,754.96
73,0.0502161900000004,0.0,0.0,754.89
74,0.05003213,0.0004600139999999,0.0,754.99
75,0.04959106,0.0004450089999999,0.0,754.96
76,0.0491671500000006,0.0004280059999999,0.0,754.89
77,0.0493559800000005,0.0009050069999999,0.0,755.01
78,0.0910501400000001,0.01437901,0.0,621.16
79,0.09149122,0.014557004,0.0,620.95
80,0.0915160100000003,0.014024005,0.0,621.54
81,0.12425708,0.013369009,0.0,567.88
82,0.12380218,0.013530001,0.0,567.76
83,0.12417602,0.013992012,0.0,567.87
84,0.0466732900000002,0.0008130079999999,0.0,747.48
85,0.0463280600000004,0.0011240099999999,0.0,741.92
86,0.0468392300000007,0.0013450089999999,0.0,744.63
87,0.0056362100000004,0.006196007,0.0,731.69
88,0.0060863500000003,0.0065460059999999,0.0,730.87
89,0.0061693100000006,0.0060900009999999,0.0,731.03
90,0.00563526,0.006726012,0.0,731.14
91,0.0215673400000007,0.005200014,0.0,635.2
92,0.0213480000000006,0.0047050119999999,0.0,636.62
93,0.0210690500000004,0.005200014,0.0,637.54
94,0.0221223799999999,0.004200012,0.0,633.49
95,0.0219030300000007,0.00369601,0.0,634.62
96,0.0273261000000007,0.00369601,0.0,619.77
97,0.0270919800000007,0.00320001,0.0,620.09
98,0.0268330500000005,0.00369601,0.0,620.41
99,0.05498695,0.0067680029999999,0.0,571.95
100,0.05449533,0.0067680029999999,0.0,574.89
101,0.0546989400000006,0.0072940139999999,0.0,573.66
102,0.0038633300000006,0.003586009,0.0,740.03
103,0.0029582900000004,0.0034400079999999,0.0,742.45
104,0.0033731399999998,0.0041470079999999,0.0,740.24
105,0.0039863499999999,0.0090410119999999,0.0,727.06
106,0.0039863499999999,0.00938201,0.0,726.42
107,0.0043363499999999,0.00938201,0.0,726.78
108,0.0579390499999999,0.0067680029999999,0.0,557.45
109,0.0574469500000001,0.0067680029999999,0.0,559.53
110,0.0577311500000004,0.0072560019999999,0.0,558.36
111,0.0681343000000005,0.0087670089999999,0.0,541.89
112,0.06792116,0.008272007,0.0,541.99
113,0.0676369600000006,0.0087670089999999,0.0,541.42
114,0.0951261500000005,0.01375401,0.0,622.13
115,0.0942182499999999,0.013779,0.0,621.81
116,0.0113430000000001,0.0058830089999999,0.0,704.52
117,0.0107469500000006,0.0058270099999999,0.0,706.16
118,0.0110559400000003,0.0064310139999999,0.0,703.11
119,0.0626611700000002,0.0087680069999999,0.0,543.45
120,0.0631580300000003,0.0087680069999999,0.0,542.69
121,0.0629601400000004,0.008274004,0.0,543.28
122,0.10601806,0.014405012,0.0,648.93
123,0.10655307,0.013915003,0.0,650.55
124,0.10598325,0.013585002,0.0,653.26
125,0.08187532,0.00994201,0.0,603.46
126,0.0823063800000003,0.009606004,0.0,605.23
127,0.0818719800000007,0.009326011,0.0,602.71
128,0.0808939900000007,0.008299008,0.0,596.27
129,0.0810322700000006,0.007769004,0.0,596.75
130,0.0805354100000004,0.0077960049999999,0.0,593.82
131,0.0952730100000005,0.015198008,0.0,621.22
132,0.0949621199999999,0.015638009,0.0,620.59
133,0.0954599300000005,0.015638009,0.0,620.91
134,0.0884490000000007,0.0085130039999999,0.0,633.48
135,0.0881524000000002,0.0095650109999999,0.0,629.1
136,0.0889739900000004,0.0092600139999999,0.0,633.14
137,0.0989961600000004,0.01414901,0.0,627.83
138,0.0995073300000007,0.014166013,0.0,629.62
139,0.0992889400000001,0.013638005,0.0,628.79
140,0.0964412600000006,0.012418002,0.0,622.97
141,0.0962672200000005,0.011731014,0.0,622.85
142,0.0957841799999999,0.012174011,0.0,622.75
143,0.0823130600000006,0.010178,0.0,605.91
144,0.0827312400000002,0.009883002,0.0,607.54
145,0.0817971200000001,0.0086750089999999,0.0,601.73
146,0.0813860800000006,0.009141013,0.0,599.85
147,0.0958199500000001,0.011572004,0.0,622.75
148,0.10222625,0.013080001,0.0,646.31
149,0.10270118,0.012901008,0.0,647.91
150,0.10222625,0.012611002,0.0,648.35
151,0.0977263400000004,0.011880011,0.0,623.17
152,0.0977940500000001,0.01132901,0.0,623.0
153,0.0973119700000007,0.011583001,0.0,623.03
154,0.10393333,0.014729008,0.0,646.03
155,0.10417699,0.015153006,0.0,645.68
156,0.10440206,0.014588014,0.0,647.35
157,0.16909313,0.043178007,0.0,362.07
158,0.16945934,0.043107003,0.0,362.0
159,0.169145100000001,0.042796001,0.0,362.14
160,0.17334604,0.044649005,0.0,360.9
161,0.173733230000001,0.044180006,0.0,361.05
162,0.17316818,0.044175014,0.0,361.11
163,0.17812633,0.03011401,0.0,391.61
164,0.17788124,0.02961801,0.0,392.08
165,0.177628990000001,0.03011401,0.0,392.57
166,0.0937643000000001,0.015000001,0.0,620.73
167,0.0935392300000002,0.014307007,0.0,621.29
168,0.0932302400000005,0.014877007,0.0,620.73
169,0.174009320000001,0.051079005,0.0,357.75
170,0.17344617,0.050739006,0.0,358.01
171,0.17336225,0.051170007,0.0,357.8
172,0.0111851600000001,0.010056004,0.0,689.8
173,0.0109090800000002,0.010110006,0.0,689.93
174,0.0111041000000007,0.010382012,0.0,689.38
175,0.174205300000001,0.059356004,0.0,353.84
176,0.173548220000001,0.059563011,0.0,353.92
177,0.17407226,0.060051009,0.0,353.62
178,0.17755937,0.058058009,0.0,353.52
179,0.17736101,0.05760701,0.0,353.8
180,0.17688226,0.058012009,0.0,353.72
181,0.171449180000001,0.041429013,0.0,362.02
182,0.17080736,0.040999011,0.0,362.18
183,0.17061138,0.041795001,0.0,362.06
184,0.17573499,0.059104011,0.0,353.53
185,0.17602109,0.060113013,0.0,353.02
186,0.176638120000001,0.059449002,0.0,353.11
187,0.17658519,0.061001003,0.0,352.45
188,0.17581129,0.061764002,0.0,352.46
189,0.17665004,0.062071011,0.0,352.0
190,0.18814611,0.045610011,0.0,360.84
191,0.18781137,0.045544014,0.0,360.82
192,0.18803501,0.045881003,0.0,360.62
193,0.185165400000001,0.039953009,0.0,365.38
194,0.185182090000001,0.04092601,0.0,364.41
195,0.18587923,0.04050301,0.0,364.96
196,0.17838621,0.040309012,0.0,362.57
197,0.17788505,0.040312007,0.0,362.46
198,0.17813634,0.040767014,0.0,362.41
199,0.173213000000001,0.042522013,0.0,361.62
200,0.17253494,0.042193011,0.0,361.75
201,0.172590250000001,0.042858005,0.0,361.58
202,0.185677050000001,0.036394,0.0,369.68
203,0.186479090000001,0.036083013,0.0,370.4
204,0.18569421,0.03585501,0.0,370.37
205,0.19004535,0.031673,0.0,375.44
206,0.19066906,0.031864003,0.0,375.53
207,0.19041538,0.031234011,0.0,375.69
208,0.1779623,0.062268004,0.0,351.3
209,0.1774702,0.062041,0.0,351.64
210,0.17734193,0.062554002,0.0,351.5
211,0.18500709,0.031687007,0.0,376.64
212,0.185356140000001,0.031167001,0.0,377.0
213,0.18473434,0.031270013,0.0,377.51
214,0.165480130000001,0.028605014,0.0,418.04
215,0.1652112,0.029106006,0.0,418.65
216,0.15687322,0.020857007,0.0,445.13
217,0.15628004,0.020844013,0.0,445.8
218,0.15654707,0.021589011,0.0,445.28
219,0.15799999,0.021826014,0.0,443.93
220,0.1586132,0.022226006,0.0,443.36
221,0.15869236,0.021540001,0.0,443.67
222,0.176651000000001,0.028114006,0.0,394.46
223,0.17615509,0.028114006,0.0,395.43
224,0.17639923,0.028609008,0.0,394.95
225,0.16020727,0.022409007,0.0,442.79
226,0.15972232,0.02267401,0.0,442.66
227,0.16020727,0.022904009,0.0,442.41
228,0.158611290000001,0.023008004,0.0,442.81
229,0.157727240000001,0.023283005,0.0,443.17
230,0.1584773,0.023917005,0.0,442.03
231,0.159522050000001,0.02851601,0.0,433.68
232,0.15995121,0.028767005,0.0,432.4
233,0.15997409,0.028165013,0.0,433.27
234,0.15983724,0.027484,0.0,434.72
235,0.159520140000001,0.028026,0.0,434.43
236,0.159681320000001,0.025225014,0.0,439.53
237,0.16020727,0.025382012,0.0,439.03
238,0.16041421,0.026341006,0.0,436.26
239,0.16017437,0.026878,0.0,435.29
240,0.16068601,0.026754007,0.0,434.52
241,0.123598090000001,0.015134007,0.0,567.46
242,0.12309837,0.015142009,0.0,567.62
243,0.12332725,0.015638009,0.0,567.17
244,0.11536502,0.015638009,0.0,587.98
245,0.11561203,0.015061006,0.0,587.19
246,0.11507225,0.015117005,0.0,589.85
247,0.13104915,0.017028004,0.0,559.34
248,0.131739140000001,0.016929001,0.0,556.78
249,0.131267070000001,0.016397,0.0,561.37
250,0.135589120000001,0.016616002,0.0,528.93
251,0.13508701,0.016595006,0.0,532.53
252,0.143543240000001,0.017839,0.0,481.48
253,0.14329338,0.01735501,0.0,483.49
254,0.142910000000001,0.017802,0.0,485.13
255,0.0854520800000005,0.006328002,0.0,621.37
256,0.08588123,0.0067590029999999,0.0,623.21
257,0.0859260500000003,0.0061970059999999,0.0,623.9
258,0.15088415,0.021125004,0.0,454.96
259,0.15009498,0.020957008,0.0,456.57
260,0.15048694,0.02159001,0.0,455.09
261,0.15912914,0.026344002,0.0,437.98
262,0.15903329,0.025555,0.0,439.44
263,0.15844917,0.025873006,0.0,439.54
264,0.148406980000001,0.021420002,0.0,459.21
265,0.14837503,0.021947012,0.0,458.49
266,0.14886331,0.021634013,0.0,458.01
267,0.16758537,0.043681011,0.0,362.58
268,0.16787719,0.043367014,0.0,362.47
269,0.167511940000001,0.043229014,0.0,362.59
270,0.0083470300000003,0.0009690079999999,0.0,736.97
271,0.0079212100000001,0.0008480099999999,0.0,737.53
272,0.0003080300000002,0.0047080069999999,0.0,746.95
273,0.0005474000000003,0.0049360099999999,0.0,746.3
274,0.0006852100000003,0.0046330099999999,0.0,745.92
275,0.0136041599999999,0.0041630119999999,0.0,691.54
276,0.0139751400000003,0.0036730019999999,0.0,688.5
277,0.0134553900000007,0.0036760119999999,0.0,693.5
278,0.0048851900000004,0.004857004,0.0,734.9
279,0.0051560400000001,0.005694002,0.0,733.15
280,0.0055980600000005,0.0051360129999999,0.0,732.55
281,0.0204253200000002,0.003697008,0.0,641.7
282,0.01993227,0.003697008,0.0,644.36
283,0.0201439800000003,0.0042010099999999,0.0,642.98
284,0.0209183600000005,0.00369601,0.0,639.19
285,0.0238289800000002,0.0047040139999999,0.0,626.87
286,0.0241003000000006,0.004200012,0.0,626.33
287,0.0236053400000005,0.004200012,0.0,627.9
288,0.0260782200000005,0.004200012,0.0,621.48
289,0.02584695,0.00369601,0.0,622.11
290,0.0255832600000003,0.004200012,0.0,622.48
291,0.0424313500000002,0.0041730109999999,0.0,669.36
292,0.0426511700000001,0.0036600089999999,0.0,672.18
293,0.0421390500000003,0.0036760119999999,0.0,667.71
294,0.0108180000000004,0.0006889999999999,0.0,739.17
295,0.0109953800000007,0.0003330109999999,0.0,741.91
296,0.0107421800000003,0.0002650029999999,0.0,743.05
297,0.0334963799999999,0.004200012,0.0,623.59
298,0.0330023700000002,0.004200012,0.0,622.46
299,0.0332550999999999,0.0047040139999999,0.0,622.69
300,0.0138211200000002,0.00320001,0.0,690.33
301,0.0143122600000005,0.00320001,0.0,685.66
302,0.0216851199999999,0.00320001,0.0,635.68
303,0.02141094,0.00369601,0.0,636.83
304,0.0339913300000001,0.004200012,0.0,624.87
305,0.03422927,0.00369601,0.0,625.7
306,0.0337362200000006,0.00369601,0.0,624.35
307,0.02781915,0.00369601,0.0,619.28
308,0.0280752099999999,0.00320001,0.0,619.1
309,0.0275840700000005,0.00320001,0.0,619.53
310,0.0448532100000003,0.0029760009999999,0.0,698.57
311,0.0453262300000006,0.002950013,0.0,702.11
312,0.0452222799999999,0.0024619999999999,0.0,710.66
313,0.0456852900000007,0.0032130039999999,0.0,698.27
314,0.0456533400000003,0.003668011,0.0,688.99
315,0.0461053800000002,0.003447011,0.0,693.34
316,0.04233026,0.00320001,0.0,669.64
317,0.0418381600000002,0.00320001,0.0,665.35
318,0.0445094100000007,0.0016050039999999,0.0,721.25
319,0.0443501400000006,0.0020700099999999,0.0,710.01
320,0.0448889700000006,0.0019930009999999,0.0,716.43
321,0.0460791500000006,0.0020180049999999,0.0,728.23
322,0.0463533400000005,0.001563013,0.0,737.67
323,0.0459041600000001,0.001447007,0.0,734.26
324,0.0481100000000003,0.002305001,0.0,753.17
325,0.0483050300000007,0.001838014,0.0,753.36
326,0.0478663400000006,0.0018310099999999,0.0,751.29
327,0.0202112200000002,0.00320001,0.0,642.95
328,0.0197191200000004,0.00320001,0.0,645.68
329,0.0487222599999999,0.0049080109999999,0.0,636.78
330,0.0487222599999999,0.0044650139999999,0.0,637.89
331,0.0482950200000003,0.0044650139999999,0.0,639.26
332,0.0487432400000003,0.0004400019999999,0.0,754.87
333,0.0489463800000003,0.000811011,0.0,754.76
334,0.0411391200000004,0.0036890059999999,0.0,660.0
335,0.0409202500000001,0.004195005,0.0,658.21
336,0.0414190200000002,0.0041910109999999,0.0,661.75
337,0.0322570799999999,0.00369601,0.0,621.17
338,0.0324993100000004,0.00320001,0.0,621.6
339,0.0320081700000001,0.00320001,0.0,620.76
340,0.0394320400000003,0.004199013,0.0,648.59
341,0.0391592900000006,0.003695011,0.0,647.14
342,0.0389370900000001,0.004200012,0.0,645.69
343,0.0416369400000001,0.0036840139999999,0.0,663.7
344,0.0419220899999999,0.0041840079999999,0.0,665.47
345,0.0431962000000006,0.0036060069999999,0.0,677.43
346,0.0429582600000007,0.0041530139999999,0.0,673.41
347,0.0411973000000003,0.0047010039999999,0.0,659.68
348,0.0312709800000004,0.0047040139999999,0.0,619.28
349,0.0310220700000006,0.005200014,0.0,618.55
350,0.03152036,0.005200014,0.0,619.11
351,0.0347442600000001,0.0047040139999999,0.0,626.77
352,0.0352401700000007,0.0047040139999999,0.0,628.41
353,0.03498029,0.004200012,0.0,627.87
354,0.0399270000000005,0.004199013,0.0,651.63
355,0.0397052700000007,0.0047040139999999,0.0,649.87
356,0.0402021399999999,0.0047029999999999,0.0,653.0
357,0.0386662400000004,0.00369601,0.0,644.33
358,0.0379471700000007,0.004200012,0.0,640.34
359,0.0381731900000002,0.00369601,0.0,641.67
360,0.03768014,0.00369601,0.0,639.16
361,0.0623683900000005,0.0067680029999999,0.0,544.44
362,0.0625681800000004,0.0072680119999999,0.0,544.15
363,0.0628600100000005,0.0067680029999999,0.0,543.62
364,0.0746369300000005,0.0077670069999999,0.0,560.21
365,0.0751323700000004,0.0077670069999999,0.0,562.47
366,0.0749001500000004,0.0072630049999999,0.0,561.45
367,0.06990623,0.008272007,0.0,544.91
368,0.0696272800000006,0.0087670089999999,0.0,544.06
369,0.0701251000000003,0.0087670089999999,0.0,545.03
370,0.0867800700000005,0.011389003,0.0,621.85
371,0.08740711,0.01121901,0.0,623.49
372,0.0869393299999999,0.010663003,0.0,623.1
373,0.0744071000000002,0.0072630049999999,0.0,559.26
374,0.0746703100000001,0.0067670049999999,0.0,560.31
375,0.0741782100000004,0.0067670049999999,0.0,558.19
376,0.0912222800000002,0.012507007,0.0,623.39
377,0.0904412200000007,0.012243003,0.0,624.17
378,0.0906391100000006,0.012962014,0.0,622.98
379,0.09282827,0.007382006,0.0,681.13
380,0.0923099500000006,0.0073150099999999,0.0,675.15
381,0.0926122600000001,0.0078730139999999,0.0,680.02
382,0.0694732600000005,0.0072640029999999,0.0,544.35
383,0.0697493500000004,0.0067680029999999,0.0,544.78
384,0.0692572500000006,0.0067680029999999,0.0,543.91
385,0.0741419700000003,0.0077670069999999,0.0,558.08
386,0.0738763800000006,0.008271009,0.0,556.78
387,0.0743722900000003,0.008271009,0.0,558.84
388,0.0753941500000002,0.0072630049999999,0.0,563.77
389,0.0885672500000005,0.006328002,0.0,638.46
390,0.08834505,0.005777002,0.0,637.07
391,0.0880961400000002,0.006219,0.0,635.51
392,0.09494924,0.0080200139999999,0.0,699.91
393,0.09531402,0.0077270119999999,0.0,703.18
394,0.0948224,0.007549003,0.0,699.62
395,0.0497980099999999,0.0,0.0,754.89
396,0.0581979700000002,0.0072270039999999,0.0,556.45
397,0.0511741600000004,0.0011500119999999,0.0,754.98
398,0.0514712300000006,0.0013050139999999,0.0,754.92
399,0.0514712300000006,0.0009790069999999,0.0,754.9
400,0.0593180600000007,0.0077640119999999,0.0,552.29
401,0.0588431300000005,0.007743001,0.0,553.95
402,0.0589742600000003,0.0082480019999999,0.0,553.3
403,0.06355428,0.0072670129999999,0.0,542.72
404,0.0638442000000001,0.0067680029999999,0.0,542.33
405,0.0633521000000004,0.0067680029999999,0.0,542.91
406,0.0670070599999999,0.0072650019999999,0.0,541.55
407,0.0675001100000001,0.0072640029999999,0.0,541.86
408,0.0672893500000002,0.0067680029999999,0.0,541.64
409,0.0503273000000002,0.0067170119999999,0.0,606.78
410,0.0498800200000007,0.007109002,0.0,608.99
411,0.0503020200000002,0.007326007,0.0,604.88
412,0.0507082900000002,0.0007690049999999,0.0,755.01
413,0.0508370400000002,0.0004080089999999,0.0,754.91
414,0.0515961599999999,0.0072850139999999,0.0,595.87
415,0.0516400300000006,0.0078650119999999,0.0,593.78
416,0.0519742900000004,0.0075570049999999,0.0,592.34
417,0.0340080199999999,0.005200014,0.0,624.1
418,0.03424739,0.0047040139999999,0.0,625.26
419,0.0337510100000005,0.0047040139999999,0.0,623.9
420,0.0377201999999999,0.0047040139999999,0.0,638.85
421,0.03749132,0.005200014,0.0,637.2
422,0.0379891400000005,0.005200014,0.0,639.66
423,0.0503430300000005,0.0078950079999999,0.0,602.37
424,0.0507421400000005,0.0075370079999999,0.0,600.97
425,0.0124402000000003,0.003611014,0.0,703.5
426,0.01292896,0.0041260129999999,0.0,697.78
427,0.0129823600000005,0.0035890049999999,0.0,698.35
428,0.0144853500000002,0.0036750139999999,0.0,683.8
429,0.0148043600000003,0.00320001,0.0,681.21
430,0.0109291000000002,0.0081700089999999,0.0,695.45
431,0.0104050600000001,0.0084760039999999,0.0,694.5
432,0.0109419800000001,0.0086960049999999,0.0,693.5
433,0.0176711000000003,0.0042020089999999,0.0,658.21
434,0.0174660600000003,0.003697008,0.0,659.88
435,0.0163869800000001,0.0047050119999999,0.0,667.31
436,0.0165910700000005,0.005200014,0.0,665.39
437,0.0194392200000006,0.003697008,0.0,647.16
438,0.0021033200000006,0.003640011,0.0,743.84
439,0.0014071400000004,0.003468007,0.0,745.47
440,0.0014719900000006,0.0041070139999999,0.0,744.52
441,0.0058441099999999,0.002388001,0.0,737.74
442,0.0055031699999998,0.0015760069999999,0.0,741.51
443,0.0048780400000003,0.0021190049999999,0.0,741.61
444,0.0038981400000004,0.000364006,0.0,754.77
445,0.00387716,0.0008850099999999,0.0,750.84
446,0.0042891499999999,0.0004370069999999,0.0,752.7
447,0.01087141,0.007022009,0.0,700.64
448,0.0104084000000002,0.0064400139999999,0.0,704.1
449,0.0104732500000004,0.005145014,0.0,709.91
450,0.0108313500000001,0.0045360029999999,0.0,710.75
451,0.0099864000000007,0.0044290129999999,0.0,715.27
452,0.0049829400000005,0.0086170139999999,0.0,728.23
453,0.0051422100000007,0.0081100019999999,0.0,729.24
454,0.00468826,0.0083310009999999,0.0,729.23
455,0.01005506,0.010382012,0.0,689.62
456,0.0098972299999999,0.010115013,0.0,689.94
457,0.0097050599999999,0.010382012,0.0,689.4
458,0.0559711400000005,0.0067680029999999,0.0,566.56
459,0.0554790500000006,0.0067680029999999,0.0,569.18
460,0.0557503700000002,0.0072890079999999,0.0,567.75
461,0.0637540800000007,0.0077720139999999,0.0,542.43
462,0.0632591200000006,0.0077720139999999,0.0,543.04
463,0.0799341199999999,0.007919014,0.0,590.22
464,0.0803632700000003,0.0082700109999999,0.0,593.05
465,0.08206033,0.0077590049999999,0.0,602.63
466,0.0815443900000004,0.007991001,0.0,599.85
467,0.0821919400000004,0.0082830039999999,0.0,603.64
468,0.0799612999999999,0.0085950049999999,0.0,590.75
469,0.0843739500000007,0.0071510079999999,0.0,615.16
470,0.0840129800000007,0.0066530109999999,0.0,613.37
471,0.0838603899999999,0.0072350059999999,0.0,612.39
472,0.0805740300000002,0.0067670049999999,0.0,593.55
473,0.08028221,0.0073209999999999,0.0,592.05
474,0.0807933800000002,0.0072690099999999,0.0,595.08
475,0.0699663100000008,0.0072630049999999,0.0,545.28
476,0.0701842300000006,0.0077680049999999,0.0,545.67
477,0.0704603200000005,0.0072630049999999,0.0,546.33
478,0.0724329900000003,0.0072630049999999,0.0,551.78
479,0.0727009700000005,0.0067670049999999,0.0,552.58
480,0.0722093500000005,0.0067670049999999,0.0,550.97
481,0.0813012100000003,0.0085860049999999,0.0,598.86
482,0.0809202100000004,0.0089340059999999,0.0,596.93
483,0.0804572100000005,0.0087650119999999,0.0,593.98
484,0.0805101400000003,0.0093400029999999,0.0,594.84
485,0.0093550600000007,0.008964002,0.0,692.19
486,0.0098743400000005,0.0092530099999999,0.0,691.85
487,0.00987529,0.008743003,0.0,693.43
488,0.0535111400000003,0.0067680029999999,0.0,581.44
489,0.0627651199999999,0.007773012,0.0,543.76
490,0.0622711100000002,0.007773012,0.0,544.61
491,0.0624642300000007,0.008274004,0.0,544.08
492,0.0642480800000005,0.007771001,0.0,541.95
493,0.0647430400000006,0.007771001,0.0,541.59
494,0.0679931600000003,0.0072640029999999,0.0,542.3
495,0.0677809700000003,0.0067680029999999,0.0,542.03
496,0.0045690500000006,0.0090980089999999,0.0,727.36
497,0.0048880499999999,0.0090400129999999,0.0,727.41
498,0.0046219800000004,0.0087550139999999,0.0,728.11
499,0.0506730000000006,0.0070600069999999,0.0,603.08
500,0.0572462000000007,0.0072659999999999,0.0,560.46
501,0.0569553300000001,0.0067680029999999,0.0,561.73
502,0.0567531500000005,0.007273004,0.0,562.72
503,0.07661914,0.0077680049999999,0.0,570.06
504,0.0761232300000003,0.0077670069999999,0.0,567.4
505,0.0763592700000002,0.008272007,0.0,568.45
506,0.0093550600000007,0.0094360119999999,0.0,690.85
507,0.0098180700000005,0.0097300119999999,0.0,690.64
508,0.0831980699999999,0.0095530009999999,0.0,609.45
509,0.0831432300000001,0.010123,0.0,609.59
510,0.0835561700000005,0.009855002,0.0,611.22
511,0.0831871,0.010655001,0.0,610.23
512,0.0827503200000006,0.010416001,0.0,608.16
513,0.0910263000000002,0.013885007,0.0,621.75
514,0.0906181300000002,0.013568014,0.0,622.18
515,0.0906062100000007,0.014161006,0.0,621.44
516,0.0900139800000002,0.013327003,0.0,622.53
517,0.0900449700000001,0.012727008,0.0,623.42
518,0.0921421000000002,0.007909,0.0,674.3
519,0.09244203,0.0083980119999999,0.0,680.97
520,0.0920529300000004,0.013701007,0.0,621.82
521,0.0913190799999999,0.013336003,0.0,622.35
522,0.0901770500000003,0.013917014,0.0,621.75
523,0.0893402100000005,0.006694004,0.0,643.74
524,0.0890812800000003,0.0062630029999999,0.0,642.11
525,0.0888199800000002,0.0068709999999999,0.0,639.66
526,0.08759403,0.012451008,0.0,622.27
527,0.0881152100000007,0.012067005,0.0,623.42
528,0.0876049999999999,0.011831001,0.0,623.01
529,0.08900737,0.0099780119999999,0.0,630.32
530,0.0896243999999999,0.009638012,0.0,633.4
531,0.0932011600000004,0.012870014,0.0,622.33
532,0.0926232300000001,0.012392,0.0,622.8
533,0.0926489799999999,0.013301,0.0,622.1
534,0.0871739300000005,0.0063020139999999,0.0,630.23
535,0.0867662400000002,0.006390006,0.0,628.02
536,0.0871381700000002,0.0069840109999999,0.0,629.46
537,0.0948691300000002,0.0070120099999999,0.0,700.92
538,0.0949063300000006,0.0065370059999999,0.0,702.1
539,0.0944561900000007,0.006664008,0.0,697.16
540,0.09347438,0.015535012,0.0,620.12
541,0.17498397,0.063538999,0.0,352.3
542,0.175856110000001,0.062791005,0.0,352.11
543,0.17502212,0.062440008,0.0,352.55
544,0.10791206,0.013596013,0.0,646.14
545,0.10723733,0.01388,0.0,648.41
546,0.10796737,0.014198005,0.0,642.35
547,0.104669090000001,0.014003009,0.0,649.64
548,0.10538625,0.014057011,0.0,650.49
549,0.10516119,0.013444007,0.0,653.03
550,0.0972080200000001,0.015129,0.0,623.38
551,0.0974502500000005,0.015638009,0.0,623.33
552,0.0977263400000004,0.015112013,0.0,624.33
553,0.10467338,0.01512301,0.0,646.53
554,0.10494899,0.014578,0.0,648.18
555,0.09824228,0.015110001,0.0,625.47
556,0.0984449300000003,0.015638009,0.0,625.52
557,0.0987601200000006,0.015146002,0.0,626.83
558,0.11237907,0.015638009,0.0,605.59
559,0.11207819,0.015157014,0.0,608.06
560,0.11188221,0.015638009,0.0,609.06
561,0.11586332,0.015638009,0.0,585.58
562,0.12662315,0.015214011,0.0,568.42
563,0.12697219,0.014685005,0.0,569.15
564,0.12642335,0.014567003,0.0,568.86
565,0.11615133,0.015116006,0.0,584.64
566,0.11636018,0.015638009,0.0,583.34
567,0.11228513,0.014653012,0.0,606.88
568,0.11250019,0.01414001,0.0,605.5
569,0.11200714,0.014143005,0.0,608.93
570,0.113764280000001,0.014644012,0.0,597.35
571,0.11327409,0.014646009,0.0,600.35
572,0.113570210000001,0.015148014,0.0,598.28
573,0.11794138,0.014639005,0.0,577.75
574,0.11822509,0.014134005,0.0,576.88
575,0.11774015,0.014135003,0.0,578.53
576,0.11425113,0.014640004,0.0,594.51
577,0.114733210000001,0.014632002,0.0,591.85
578,0.11444425,0.014132008,0.0,593.51
579,0.11665725,0.015135005,0.0,582.43
580,0.116858000000001,0.015638009,0.0,581.23
581,0.10029697,0.014630005,0.0,632.49
582,0.10001039,0.014138013,0.0,631.54
583,0.0997900899999999,0.01466401,0.0,630.51
584,0.10346603,0.014597014,0.0,645.13
585,0.10368108,0.015155003,0.0,644.59
586,0.107213020000001,0.012605012,0.0,660.36
587,0.107445240000001,0.013177008,0.0,652.81
588,0.10775423,0.012654007,0.0,656.5
589,0.10821199,0.015146002,0.0,637.66
590,0.10790109,0.015638009,0.0,638.82
591,0.10839796,0.015638009,0.0,635.66
592,0.11814308,0.015142009,0.0,576.86
593,0.11843013,0.014639005,0.0,576.15
594,0.11396122,0.014135003,0.0,596.27
595,0.0939192700000007,0.012959004,0.0,622.24
596,0.0933671,0.013603002,0.0,621.82
597,0.0927472100000006,0.014200002,0.0,621.31
598,0.0927400500000006,0.014926002,0.0,620.61
599,0.0956959700000004,0.012993008,0.0,622.64
600,0.09647703,0.013235003,0.0,623.04
601,0.0974302200000006,0.01111801,0.0,622.94
602,0.101216310000001,0.014685005,0.0,636.34
603,0.10070228,0.015083,0.0,633.77
604,0.10117435,0.015226007,0.0,635.57
605,0.10248041,0.014479012,0.0,642.13
606,0.10246515,0.013925001,0.0,643.48
607,0.101980200000001,0.014068008,0.0,640.87
608,0.0902051900000007,0.0093710129999999,0.0,636.49
609,0.0902142500000007,0.0098929999999999,0.0,632.86
610,0.0963382700000004,0.010737002,0.0,622.76
611,0.0958671500000001,0.010737002,0.0,622.69
612,0.0960741000000001,0.01118201,0.0,622.76
613,0.0925822200000006,0.011674002,0.0,623.22
614,0.0921163500000004,0.01179801,0.0,623.49
615,0.0978074000000007,0.013492003,0.0,624.35
616,0.0972223200000002,0.013410002,0.0,623.65
617,0.0974450100000004,0.01407601,0.0,624.09
618,0.0953092500000006,0.0068210069999999,0.0,705.79
619,0.10434532,0.011714012,0.0,654.37
620,0.10448932,0.011348009,0.0,653.83
621,0.10412931,0.011417002,0.0,653.26
622,0.10566234,0.013024003,0.0,656.62
623,0.10617733,0.013028011,0.0,657.39
624,0.10726499,0.012075007,0.0,668.08
625,0.10692501,0.012144,0.0,667.58
626,0.111783020000001,0.014659003,0.0,610.43
627,0.111511230000001,0.014147014,0.0,612.54
628,0.16895914,0.028609008,0.0,410.06
629,0.16869735,0.02911301,0.0,410.62
630,0.169194220000001,0.029114008,0.0,409.54
631,0.1631093,0.029064,0.0,424.11
632,0.162617200000001,0.029359013,0.0,425.23
633,0.16302108,0.029544011,0.0,424.04
634,0.17115926,0.03011401,0.0,405.34
635,0.17165708,0.03011401,0.0,404.31
636,0.171418190000001,0.02961801,0.0,404.83
637,0.17029094,0.043104008,0.0,361.82
638,0.17050123,0.04347001,0.0,361.68
639,0.170696250000001,0.042989001,0.0,361.78
640,0.17018699,0.029114008,0.0,407.41
641,0.17044735,0.028609008,0.0,406.88
642,0.16995096,0.028609008,0.0,407.93
643,0.17215538,0.03011401,0.0,403.3
644,0.172652240000001,0.03011401,0.0,402.3
645,0.172412390000001,0.02961801,0.0,402.8
646,0.17191505,0.02961801,0.0,403.81
647,0.17266941,0.039799005,0.0,362.22
648,0.17285919,0.040326,0.0,362.12
649,0.17316627,0.039799005,0.0,362.2
650,0.17315006,0.03011401,0.0,401.3
651,0.17291021,0.02961801,0.0,401.8
652,0.174898140000001,0.02961801,0.0,397.86
653,0.17515325,0.02911301,0.0,397.37
654,0.17465639,0.02911301,0.0,398.35
655,0.17306423,0.040999011,0.0,361.99
656,0.173370360000001,0.040337012,0.0,362.1
657,0.17508029,0.047655002,0.0,359.36
658,0.1757884,0.048439011,0.0,358.86
659,0.175938120000001,0.047345013,0.0,359.44
660,0.1776514,0.040913001,0.0,362.28
661,0.172338,0.040295005,0.0,362.16
662,0.17252206,0.040791005,0.0,362.06
663,0.163947100000001,0.029577002,0.0,421.68
664,0.1641941,0.030082003,0.0,420.91
665,0.16444635,0.029597,0.0,420.44
666,0.173610210000001,0.040785,0.0,362.01
667,0.16828012,0.041343004,0.0,362.55
668,0.16836023,0.040776,0.0,362.6
669,0.16789102,0.04094401,0.0,362.67
670,0.16893339,0.02961801,0.0,410.08
671,0.16843605,0.02961801,0.0,411.16
672,0.16916608,0.041622013,0.0,362.34
673,0.16867113,0.041677013,0.0,362.43
674,0.16892623,0.042297006,0.0,362.28
675,0.168755050000001,0.041166008,0.0,362.48
676,0.168581000000001,0.043525011,0.0,362.17
677,0.16871404,0.043881014,0.0,362.01
678,0.168921940000001,0.043487013,0.0,362.05
679,0.17367315,0.054662004,0.0,356.0
680,0.17347431,0.055147007,0.0,355.8
681,0.17425727,0.05512701,0.0,355.68
682,0.173024170000001,0.046046004,0.0,360.35
683,0.173599240000001,0.045719013,0.0,360.43
684,0.17298936,0.045530007,0.0,360.57
685,0.17302322,0.054892004,0.0,355.99
686,0.1724863,0.054641009,0.0,356.19
687,0.1724863,0.055129007,0.0,355.96
688,0.173024170000001,0.061218009,0.0,353.51
689,0.17366123,0.061448008,0.0,353.28
690,0.17352199,0.060952008,0.0,353.46
691,0.17303419,0.054406002,0.0,356.22
692,0.17354011,0.054160014,0.0,356.27
693,0.17301607,0.055886001,0.0,355.53
694,0.17355537,0.056185007,0.0,355.31
695,0.17361402,0.055639014,0.0,355.55
696,0.174365040000001,0.060889006,0.0,353.25
697,0.17422103,0.061890006,0.0,352.98
698,0.174949160000001,0.061570004,0.0,352.84
699,0.17359829,0.060461,0.0,353.6
700,0.178037160000001,0.063726008,0.0,350.65
701,0.177491180000001,0.063941002,0.0,350.93
702,0.17801809,0.064179004,0.0,350.51
703,0.17848634,0.057594002,0.0,353.52
704,0.177958960000001,0.057356,0.0,353.78
705,0.17797803,0.057827011,0.0,353.52
706,0.17848634,0.058080003,0.0,353.24
707,0.177982330000001,0.058313012,0.0,353.26
708,0.17731714,0.056613013,0.0,354.33
709,0.177456370000001,0.057114005,0.0,354.03
710,0.177946090000001,0.056861013,0.0,354.05
711,0.17848634,0.064408005,0.0,350.1
712,0.17798328,0.064660013,0.0,350.39
713,0.175455090000001,0.05735001,0.0,354.39
714,0.1765871,0.057161004,0.0,354.22
715,0.17579603,0.056447,0.0,354.75
716,0.173053260000001,0.052446008,0.0,357.19
717,0.1724863,0.052201003,0.0,357.4
718,0.1724863,0.052689001,0.0,357.15
719,0.18758297,0.045881003,0.0,360.54
720,0.17445802,0.051705003,0.0,357.35
721,0.173612110000001,0.051593006,0.0,357.54
722,0.1884284,0.045112014,0.0,361.19
723,0.18802213,0.044820011,0.0,361.28
724,0.188063140000001,0.045258001,0.0,361.04
725,0.17794418,0.042445004,0.0,361.91
726,0.17691993,0.042291001,0.0,361.8
727,0.17717218,0.043226004,0.0,361.52
728,0.187310210000001,0.041501001,0.0,363.59
729,0.1869893,0.042035014,0.0,363.18
730,0.1875782,0.04191801,0.0,363.0
731,0.183804980000001,0.040790007,0.0,364.23
732,0.183750150000001,0.040040002,0.0,364.83
733,0.183193200000001,0.040427,0.0,364.32
734,0.17636919,0.045506001,0.0,360.44
735,0.17693901,0.046064005,0.0,360.15
736,0.177293300000001,0.045194,0.0,360.69
737,0.18261909,0.040771008,0.0,363.88
738,0.18257904,0.040000007,0.0,364.36
739,0.1843214,0.041552007,0.0,363.73
740,0.18347501,0.04247801,0.0,362.97
741,0.18473434,0.04265,0.0,362.91
742,0.18309021,0.039673001,0.0,364.83
743,0.18674135,0.039685011,0.0,366.17
744,0.18627119,0.039213002,0.0,366.58
745,0.186017990000001,0.039811001,0.0,365.79
746,0.18730926,0.043190003,0.0,362.23
747,0.186464310000001,0.043565005,0.0,362.1
748,0.18734026,0.043875009,0.0,361.81
749,0.1887021,0.044887007,0.0,361.35
750,0.18880415,0.045247004,0.0,361.23
751,0.17795133,0.048593,0.0,358.4
752,0.17848634,0.048832,0.0,358.15
753,0.17848634,0.048346013,0.0,358.38
754,0.18859005,0.045720011,0.0,360.96
755,0.18877697,0.045740009,0.0,361.02
756,0.18861198,0.045484007,0.0,361.07
757,0.18620634,0.038104013,0.0,367.86
758,0.18676805,0.038215012,0.0,367.98
759,0.18674612,0.037605003,0.0,368.69
760,0.18314218,0.038028002,0.0,366.25
761,0.18277311,0.038362012,0.0,365.67
762,0.18337202,0.038635001,0.0,365.85
763,0.18776321,0.037307009,0.0,369.48
764,0.18786239,0.036839009,0.0,370.07
765,0.18740224,0.036919013,0.0,369.78
766,0.184237,0.043492005,0.0,362.31
767,0.18537902,0.043626011,0.0,362.15
768,0.18844318,0.035494,0.0,371.8
769,0.18784618,0.035511002,0.0,371.57
770,0.188257210000001,0.035935,0.0,371.25
771,0.18857908,0.03145501,0.0,375.44
772,0.18814039,0.030723006,0.0,375.93
773,0.187687390000001,0.031512007,0.0,375.51
774,0.188645360000001,0.043490008,0.0,361.85
775,0.1890583,0.04370001,0.0,361.76
776,0.18910121,0.043122009,0.0,361.89
777,0.18579912,0.028578013,0.0,378.17
778,0.185570240000001,0.028114006,0.0,378.44
779,0.18533515,0.02857101,0.0,378.66
780,0.20133733,0.031554014,0.0,377.3
781,0.20081901,0.031170011,0.0,377.27
782,0.200785160000001,0.031846002,0.0,377.29
783,0.189157000000001,0.034961,0.0,372.63
784,0.188616270000001,0.035039008,0.0,372.35
785,0.188979140000001,0.035423011,0.0,372.09
786,0.188836090000001,0.032642007,0.0,374.62
787,0.18833017,0.032110006,0.0,374.99
788,0.188250060000001,0.032731012,0.0,374.49
789,0.184048170000001,0.029963002,0.0,379.86
790,0.18400526,0.030600012,0.0,379.39
791,0.18454933,0.030309007,0.0,378.81
792,0.18259716,0.028114006,0.0,382.95
793,0.182101250000001,0.028114006,0.0,383.89
794,0.18235302,0.028615013,0.0,383.39
795,0.18603706,0.031155005,0.0,376.49
796,0.185686110000001,0.030521006,0.0,377.33
797,0.18727827,0.028639004,0.0,377.03
798,0.1874814,0.029277012,0.0,376.78
799,0.18780422,0.028688014,0.0,376.76
800,0.18905115,0.032086,0.0,375.05
801,0.191294190000001,0.030504003,0.0,376.05
802,0.19083118,0.030837,0.0,375.89
803,0.191376200000001,0.031174004,0.0,375.94
804,0.20044803,0.030554012,0.0,377.25
805,0.200997350000001,0.030582011,0.0,377.27
806,0.19739008,0.030166,0.0,377.03
807,0.19749832,0.030766011,0.0,377.06
808,0.197884080000001,0.030310005,0.0,377.08
809,0.15053939,0.017866001,0.0,458.6
810,0.15030002,0.017408014,0.0,459.1
811,0.150042050000001,0.017984003,0.0,459.36
812,0.20219326,0.029831007,0.0,377.31
813,0.20171737,0.029695005,0.0,377.3
814,0.201879020000001,0.030312002,0.0,377.3
815,0.1818552,0.028611005,0.0,384.35
816,0.175903320000001,0.028609008,0.0,395.91
817,0.17540741,0.028609008,0.0,396.88
818,0.175649160000001,0.02911301,0.0,396.41
819,0.172670360000001,0.02911301,0.0,402.3
820,0.172173020000001,0.029114008,0.0,403.3
821,0.18289804,0.029650003,0.0,382.18
822,0.18260526,0.030125007,0.0,382.7
823,0.1830964,0.030203,0.0,381.55
824,0.15905094,0.020942003,0.0,443.74
825,0.15968227,0.021175012,0.0,443.51
826,0.159679410000001,0.020684004,0.0,443.67
827,0.19460105,0.029097006,0.0,376.68
828,0.19407129,0.02913101,0.0,376.6
829,0.19435739,0.029626012,0.0,376.64
830,0.18648195,0.029186011,0.0,377.43
831,0.185951230000001,0.029735014,0.0,377.62
832,0.18686628,0.029800013,0.0,376.91
833,0.16819524,0.043038011,0.0,362.38
834,0.168655390000001,0.042995006,0.0,362.24
835,0.1681714,0.042541012,0.0,362.44
836,0.1634612,0.029532001,0.0,422.93
837,0.163681980000001,0.029073,0.0,422.55
838,0.164264200000001,0.028114006,0.0,421.14
839,0.16447639,0.028594002,0.0,420.56
840,0.16475915,0.028114006,0.0,419.84
841,0.16694307,0.029617012,0.0,414.52
842,0.167178150000001,0.03011401,0.0,413.94
843,0.167441360000001,0.02961801,0.0,413.38
844,0.161225310000001,0.028976009,0.0,429.19
845,0.16568613,0.03011401,0.0,417.4
846,0.16544818,0.029614002,0.0,418.02
847,0.16518831,0.03011401,0.0,418.57
848,0.17068433,0.029114008,0.0,406.37
849,0.17094326,0.028609008,0.0,405.84
850,0.17167711,0.029114008,0.0,404.31
851,0.17663335,0.03011401,0.0,394.49
852,0.17713117,0.03011401,0.0,393.53
853,0.17688608,0.02961801,0.0,394.0
854,0.17318296,0.028114006,0.0,401.28
855,0.17268705,0.028114006,0.0,402.27
856,0.17292738,0.028609008,0.0,401.79
857,0.15801715,0.022549004,0.0,443.51
858,0.173423290000001,0.028609008,0.0,400.79
859,0.1739192,0.028609008,0.0,399.81
860,0.17367839,0.028114006,0.0,400.29
861,0.15763711,0.018150002,0.0,444.01
862,0.158025260000001,0.017838002,0.0,443.96
863,0.15758895,0.017751009,0.0,443.96
864,0.17415905,0.02911301,0.0,399.33
865,0.17441511,0.028609008,0.0,398.83
866,0.159255020000001,0.020431012,0.0,443.81
867,0.17862939,0.02911301,0.0,390.63
868,0.1791253,0.02911301,0.0,389.67
869,0.17887926,0.028609008,0.0,390.15
870,0.1467514,0.020394013,0.0,464.6
871,0.14728832,0.02001901,0.0,463.76
872,0.14680099,0.019899011,0.0,465.25
873,0.160419940000001,0.028448001,0.0,431.84
874,0.14314508,0.016901002,0.0,485.04
875,0.150789260000001,0.020437002,0.0,455.95
876,0.15167522,0.02087,0.0,453.89
877,0.151377200000001,0.019978002,0.0,455.51
878,0.1505804,0.02268301,0.0,453.54
879,0.15109109,0.022379011,0.0,453.06
880,0.1506381,0.022129014,0.0,454.15
881,0.15831804,0.024937004,0.0,440.96
882,0.15753936,0.024206013,0.0,442.47
883,0.15732336,0.025079012,0.0,441.74
884,0.11913013,0.015142009,0.0,573.88
885,0.11962413,0.015142009,0.0,572.6
886,0.119409080000001,0.014638007,0.0,573.36
887,0.14864826,0.017806009,0.0,462.25
888,0.149076930000001,0.017706007,0.0,461.32
889,0.148886200000001,0.017322004,0.0,461.82
890,0.153941150000001,0.021735013,0.0,448.9
891,0.15438604,0.022344008,0.0,447.72
892,0.15468931,0.021686003,0.0,447.71
893,0.153736110000001,0.021013007,0.0,449.83
894,0.15321826,0.021658004,0.0,450.23
895,0.14772939,0.017749012,0.0,464.59
896,0.14751529,0.017366007,0.0,465.3
897,0.14726734,0.017912001,0.0,465.85
898,0.151906960000001,0.022794009,0.0,451.21
899,0.151827330000001,0.023402006,0.0,450.62
900,0.15227794,0.023091004,0.0,450.28
901,0.15479326,0.020967007,0.0,447.92
902,0.155033110000001,0.020381004,0.0,447.69
903,0.154545300000001,0.02037701,0.0,448.55
904,0.122365950000001,0.014639005,0.0,568.31
905,0.122598170000001,0.015143007,0.0,567.91
906,0.122872350000001,0.014639005,0.0,567.96
907,0.13063812,0.015496001,0.0,567.41
908,0.13064003,0.016154006,0.0,564.34
909,0.131113050000001,0.015800014,0.0,565.04
910,0.12515211,0.013008014,0.0,568.49
911,0.12470436,0.013188005,0.0,568.13
912,0.1250782,0.013533011,0.0,568.37
913,0.120341300000001,0.015638009,0.0,570.66
914,0.12061309,0.015142009,0.0,570.48
915,0.120118140000001,0.015142009,0.0,571.47
916,0.12186813,0.014639005,0.0,568.81
917,0.12210035,0.015143007,0.0,568.34
918,0.11989927,0.014637009,0.0,572.17
919,0.12233209,0.015638009,0.0,567.78
920,0.12401628,0.014643014,0.0,567.67
921,0.124048230000001,0.01523301,0.0,567.36
922,0.122830390000001,0.015638009,0.0,567.41
923,0.12507104,0.014025003,0.0,568.23
924,0.12530613,0.014490009,0.0,568.16
925,0.125594130000001,0.013864011,0.0,568.66
926,0.129519930000001,0.013270006,0.0,575.26
927,0.128746980000001,0.01350601,0.0,573.02
928,0.12931108,0.014067009,0.0,572.58
929,0.126245020000001,0.013853014,0.0,569.23
930,0.126762390000001,0.014136002,0.0,569.51
931,0.13407135,0.016609013,0.0,540.52
932,0.13434696,0.017192006,0.0,537.53
933,0.13458108,0.016598001,0.0,536.37
934,0.12959337,0.012512014,0.0,577.32
935,0.1303482,0.012941003,0.0,578.83
936,0.13228797,0.015353009,0.0,565.62
937,0.13235712,0.015863002,0.0,560.55
938,0.13278722,0.015504003,0.0,562.62
939,0.133047100000001,0.013193012,0.0,595.72
940,0.13269424,0.012695,0.0,595.82
941,0.13242721,0.01315701,0.0,589.02
942,0.136508940000001,0.016621009,0.0,522.72
943,0.13704729,0.016655013,0.0,519.24
944,0.13675832,0.016080007,0.0,521.12
945,0.13859939,0.011611,0.0,624.04
946,0.13836526,0.011132002,0.0,624.37
947,0.13814306,0.011629001,0.0,624.08
948,0.10270023,0.011074007,0.0,651.03
949,0.10222625,0.011205003,0.0,650.78
950,0.10266113,0.011445001,0.0,650.81
951,0.13839912,0.012145013,0.0,623.77
952,0.13788509,0.012125001,0.0,623.71
953,0.13808298,0.012632013,0.0,623.48
954,0.1363902,0.011622012,0.0,623.66
955,0.13680696,0.012050003,0.0,623.28
956,0.13680219,0.011501,0.0,624.13
957,0.13300037,0.016493008,0.0,550.8
958,0.13338899,0.016080007,0.0,548.25
959,0.13294315,0.015943006,0.0,555.4
960,0.13721036,0.01160501,0.0,624.08
961,0.13702631,0.011132002,0.0,624.78
962,0.137349120000001,0.018381,0.0,516.77
963,0.13762617,0.018915013,0.0,514.8
964,0.137856960000001,0.01837501,0.0,513.67
965,0.13968706,0.017193005,0.0,503.36
966,0.13913106,0.017217011,0.0,506.52
967,0.13951206,0.017771006,0.0,504.14
968,0.1409173,0.01832901,0.0,495.78
969,0.14110899,0.018933013,0.0,494.15
970,0.141459940000001,0.018404007,0.0,492.57
971,0.1484003,0.020940006,0.0,459.9
972,0.14807224,0.020558,0.0,461.14
973,0.14798307,0.021162004,0.0,460.47
974,0.146001330000001,0.018426001,0.0,469.65
975,0.146378990000001,0.017861009,0.0,468.73
976,0.14594221,0.017788008,0.0,470.35
977,0.15173006,0.017354012,0.0,457.34
978,0.15195703,0.016915009,0.0,457.19
979,0.15149307,0.016915009,0.0,457.59
980,0.15213298,0.017271012,0.0,457.06
981,0.152043340000001,0.017720014,0.0,456.97
982,0.14190197,0.016572014,0.0,492.49
983,0.14205312,0.016080007,0.0,492.56
984,0.14157199,0.016080007,0.0,494.11
985,0.14725828,0.019371003,0.0,464.65
986,0.146159170000001,0.017362014,0.0,469.71
987,0.145926950000001,0.016915009,0.0,470.62
988,0.1456933,0.017375008,0.0,471.48
989,0.15010213,0.016915009,0.0,459.46
990,0.14963817,0.016915009,0.0,460.29
991,0.149816990000001,0.017400012,0.0,459.93
992,0.14706707,0.017367006,0.0,466.64
993,0.14685535,0.016915009,0.0,467.35
994,0.14660501,0.017357007,0.0,468.14
995,0.152472970000001,0.017489001,0.0,456.85
996,0.15242099,0.016915009,0.0,456.95
997,0.0008502000000003,0.0049260109999999,0.0,745.6
998,0.0053763300000007,0.0,0.0,747.49
999,0.0051269500000001,0.000419006,0.0,747.93
1000,0.0055603900000003,0.0004600139999999,0.0,745.12
1001,0.0098700499999999,0.002053008,0.0,729.3
1002,0.0101361200000003,0.0028720049999999,0.0,722.93
1003,0.0105180700000007,0.0022599999999999,0.0,725.89
1004,0.00909328,0.004167006,0.0,720.6
1005,0.00871229,0.003298,0.0,725.84
1006,0.0081701199999999,0.0040860029999999,0.0,724.91
1007,0.0047011299999999,0.0004040009999999,0.0,750.84
1008,0.0049519500000005,0.0,0.0,751.82
1009,0.0043401699999998,0.006532014,0.0,734.11
1010,0.0047120999999998,0.006168008,0.0,733.69
1011,0.00425815,0.006054014,0.0,735.04
1012,0.0070681500000002,0.0008260009999999,0.0,738.81
1013,0.0068540500000002,0.0004390029999999,0.0,740.08
1014,0.0066480600000007,0.0009670109999999,0.0,739.54
1015,0.0085682800000004,0.0004550069999999,0.0,738.87
1016,0.0096921899999999,0.001283005,0.0,735.12
1017,0.01029825,0.0009260029999999,0.0,737.57
1018,0.0099091500000003,0.0007490069999999,0.0,739.32
1019,0.0088572500000001,0.0053960089999999,0.0,717.26
1020,0.0093130999999999,0.0049380069999999,0.0,716.33
1021,0.0086693700000006,0.0047820059999999,0.0,720.34
1022,0.0004143700000005,0.0020230119999999,0.0,752.02
1023,0.0,0.002449006,0.0,753.7
1024,0.0005192700000007,0.0024010099999999,0.0,750.18
1025,0.0004391599999999,0.0035230069999999,0.0,747.75
1026,0.0009293500000007,0.0037630049999999,0.0,746.02
1027,0.0008549600000007,0.0032640099999999,0.0,747.01
1028,0.0024452200000002,0.0023510009999999,0.0,746.04
1029,0.0020661300000002,0.0020150099999999,0.0,747.43
1030,0.0019531200000004,0.002470002,0.0,746.51
1031,0.00039005,0.0031000079999999,0.0,748.78
1032,0.0007333700000007,0.0028100019999999,0.0,748.33
1033,0.0003323499999998,0.002724007,0.0,750.05
1034,0.00082731,0.0020230119999999,0.0,750.43
1035,0.0014619800000002,0.0024850069999999,0.0,747.41
1036,0.0016531900000007,0.0020230119999999,0.0,748.16
1037,0.0009913400000005,0.0024390069999999,0.0,748.62
1038,0.00236225,0.0029530079999999,0.0,744.67
1039,0.0012063900000001,0.0029130129999999,0.0,746.94
1040,0.0017571400000004,0.0030030019999999,0.0,745.66
1041,0.0011730100000004,0.0046790099999999,0.0,744.85
1042,0.0008630700000002,0.0042529999999999,0.0,745.67
1043,0.00043535,0.0039650059999999,0.0,747.09
1044,0.0062370300000003,0.001530007,0.0,739.19
1045,0.0057773500000006,0.0009860099999999,0.0,742.47
1046,0.0085973700000003,0.001500011,0.0,734.58
1047,0.0078940300000001,0.001531005,0.0,735.32
1048,0.0034022300000007,0.0021480029999999,0.0,745.27
1049,0.0028672200000006,0.00206101,0.0,746.38
1050,0.00293731,0.0026560129999999,0.0,744.41
1051,0.0024561800000002,0.001888007,0.0,747.25
1052,0.0161819400000001,0.0041970019999999,0.0,669.22
1053,0.0166802400000003,0.004200012,0.0,665.38
1054,0.0096583300000006,0.0035410079999999,0.0,721.06
1055,0.0105834000000007,0.00369601,0.0,715.98
1056,0.0117101600000007,0.005417005,0.0,704.37
1057,0.0111222200000007,0.005249009,0.0,706.93
1058,0.0113163000000007,0.0034250019999999,0.0,713.38
1059,0.0113811400000001,0.004089013,0.0,709.61
1060,0.0133290200000005,0.00320001,0.0,695.38
1061,0.0127081800000006,0.0047590139999999,0.0,698.91
1062,0.0121712600000006,0.0042890019999999,0.0,703.66
1063,0.0119180600000002,0.0032290069999999,0.0,710.15
1064,0.0114560100000007,0.0028530059999999,0.0,716.4
1065,0.01568317,0.0041910109999999,0.0,673.22
1066,0.0159802400000002,0.0036890059999999,0.0,671.08
1067,0.0154833700000001,0.0036840139999999,0.0,675.15
1068,0.01796007,0.003697008,0.0,656.47
1069,0.0177531200000001,0.00320001,0.0,658.05
1070,0.0169711100000001,0.003695011,0.0,663.46
1071,0.0164761499999999,0.003693,0.0,667.19
1072,0.01124334,0.0002460039999999,0.0,742.05
1073,0.0109443599999999,0.0,0.0,744.36
1074,0.0149850800000007,0.0036790079999999,0.0,679.38
1075,0.0152950199999999,0.00320001,0.0,676.96
1076,0.0182452200000007,0.00320001,0.0,654.73
1077,0.0181660600000004,0.0042020089999999,0.0,654.86
1078,0.0184531200000002,0.003697008,0.0,653.22
1079,0.0192279800000001,0.00320001,0.0,648.54
1080,0.0111060100000007,0.0023670049999999,0.0,722.63
1081,0.01084423,0.0029130129999999,0.0,719.49
1082,0.0118770600000007,0.003749013,0.0,707.71
1083,0.0128402699999999,0.0031610129999999,0.0,701.11
1084,0.0083193700000006,0.0053710049999999,0.0,720.79
1085,0.0074410400000006,0.0022910089999999,0.0,733.53
1086,0.0066452000000003,0.0021480029999999,0.0,736.12
1087,0.0067152900000007,0.003029004,0.0,733.22
1088,0.0095710700000006,0.0007040059999999,0.0,739.54
1089,0.00973033,0.0003520099999999,0.0,742.86
1090,0.0108871400000004,0.001808003,0.0,728.71
1091,0.01079702,0.0012280049999999,0.0,734.33
1092,0.0103321000000003,0.0015740099999999,0.0,732.0
1093,0.00930929,0.0026650129999999,0.0,727.01
1094,0.0091910300000002,0.001866013,0.0,731.84
1095,0.0074892000000002,0.0009630029999999,0.0,737.71
1096,0.0070643400000003,0.0014900119999999,0.0,737.04
1097,0.0091271400000003,0.001287014,0.0,735.38
1098,0.0089931400000002,0.0004229999999999,0.0,740.11
1099,0.0088109900000006,0.0009030109999999,0.0,737.41
1100,0.0093741400000002,0.0003830049999999,0.0,741.69
1101,0.0113883000000001,0.001949013,0.0,725.67
1102,0.0112643200000004,0.001475007,0.0,731.32
1103,0.01124334,0.0004920069999999,0.0,740.48
1104,0.0383982600000001,0.00320001,0.0,642.83
1105,0.0379061700000003,0.00320001,0.0,640.27
1106,0.0413470199999999,0.00320001,0.0,661.53
1107,0.02955007,0.00320001,0.0,618.67
1108,0.0290579800000001,0.00320001,0.0,618.67
1109,0.0292983000000007,0.00369601,0.0,618.64
1110,0.0327501300000002,0.00369601,0.0,622.09
1111,0.0371871000000006,0.00369601,0.0,636.8
1112,0.0374150200000001,0.00320001,0.0,637.85
1113,0.0449352200000002,0.0004310009999999,0.0,740.12
1114,0.0450310700000003,0.0008650129999999,0.0,735.65
1115,0.0454659400000006,0.0018540029999999,0.0,723.83
1116,0.0445489800000001,0.001116008,0.0,730.44
1117,0.0449991199999999,0.0014400039999999,0.0,727.0
1118,0.0457062700000002,0.0027590099999999,0.0,708.55
1119,0.04571199,0.0023220039999999,0.0,717.89
1120,0.0466260900000002,0.001895011,0.0,738.23
1121,0.0470771700000006,0.0018460009999999,0.0,744.69
1122,0.0445489800000001,0.0006240009999999,0.0,736.8
1123,0.0456881500000001,0.0004100059999999,0.0,745.53
1124,0.0458741100000006,0.0,0.0,751.8
1125,0.0464510900000006,0.0003830049999999,0.0,750.28
1126,0.0468273100000003,0.0004120029999999,0.0,751.89
1127,0.0466251300000007,0.0,0.0,755.02
1128,0.0483360200000007,0.0004360079999999,0.0,754.91
1129,0.0481262200000003,0.0,0.0,756.63
1130,0.0479259400000007,0.000419006,0.0,755.0
1131,0.0471639600000007,0.0008370129999999,0.0,750.26
1132,0.0476832300000005,0.0008800029999999,0.0,752.38
1133,0.04752826,0.0004260099999999,0.0,754.39
1134,0.0736851600000001,0.0067670049999999,0.0,556.19
1135,0.07391405,0.0072630049999999,0.0,557.2
1136,0.0863881100000006,0.006659001,0.0,625.86
1137,0.0511703400000005,0.0004290049999999,0.0,754.87
1138,0.0510849900000006,0.0008010119999999,0.0,754.95
1139,0.0514712300000006,0.0006530139999999,0.0,754.86
1140,0.0500130600000004,0.0016880039999999,0.0,755.71
1141,0.0500211699999999,0.0012710099999999,0.0,755.35
1142,0.0504312499999999,0.0019050089999999,0.0,755.52
1143,0.0504121700000004,0.0014300049999999,0.0,755.32
1144,0.0503230100000005,0.000918001,0.0,755.13
1145,0.04980897,0.0009030109999999,0.0,755.13
1146,0.0454583099999999,0.0012320129999999,0.0,733.34
1147,0.0454673699999999,0.0007730129999999,0.0,739.51
1148,0.0462493900000007,0.0,0.0,753.46
1149,0.0458831700000006,0.0008770079999999,0.0,741.16
1150,0.0473752000000003,0.0,0.0,757.43
1151,0.0471763599999999,0.0003309999999999,0.0,754.05
1152,0.0487513500000007,0.0018430059999999,0.0,754.86
1153,0.0485253300000004,0.0014350119999999,0.0,753.97
1154,0.0322632700000005,0.0047040139999999,0.0,620.7
1155,0.0320119800000001,0.004200012,0.0,620.61
1156,0.0317673599999999,0.0047040139999999,0.0,619.92
1157,0.0369582099999999,0.004200012,0.0,635.6
1158,0.0372242900000002,0.0047040139999999,0.0,636.47
1159,0.03745317,0.004200012,0.0,637.9
1160,0.0329914000000002,0.00320001,0.0,622.59
1161,0.0332431700000004,0.00369601,0.0,623.15
1162,0.0334820700000007,0.00320001,0.0,623.71
1163,0.0366940500000004,0.00369601,0.0,634.59
1164,0.0406422600000003,0.003693,0.0,656.52
1165,0.0408553999999999,0.00320001,0.0,657.97
1166,0.0403642600000005,0.00320001,0.0,654.61
1167,0.0401473000000001,0.003694013,0.0,653.22
1168,0.0474343300000006,0.0053700059999999,0.0,644.48
1169,0.0468521100000006,0.0054460019999999,0.0,651.47
1170,0.0472311900000006,0.005776003,0.0,644.66
1171,0.0477032600000005,0.002305001,0.0,751.04
1172,0.0474743800000006,0.001943007,0.0,748.67
1173,0.0483703600000007,0.005220011,0.0,636.18
1174,0.0487561200000002,0.0053459999999999,0.0,632.26
1175,0.0357360800000004,0.0047040139999999,0.0,630.21
1176,0.03596925,0.004200012,0.0,631.44
1177,0.0354743000000006,0.004200012,0.0,629.58
1178,0.0362010000000001,0.00369601,0.0,632.52
1179,0.0364322600000007,0.00320001,0.0,633.45
1180,0.0359401699999999,0.00320001,0.0,631.47
1181,0.0362319900000001,0.0047040139999999,0.0,632.14
1182,0.0359983399999999,0.005200014,0.0,630.7
1183,0.0357079499999999,0.00369601,0.0,630.6
1184,0.0467071500000005,0.0049050009999999,0.0,656.55
1185,0.0470123200000003,0.0044650139999999,0.0,652.94
1186,0.0465850800000007,0.004464001,0.0,661.25
1187,0.0287899899999999,0.0047040139999999,0.0,618.23
1188,0.0285501400000001,0.004200012,0.0,618.63
1189,0.0282940800000002,0.0047040139999999,0.0,618.45
1190,0.03053331,0.00320001,0.0,619.08
1191,0.0302844000000002,0.00369601,0.0,618.91
1192,0.0307769700000007,0.00369601,0.0,619.27
1193,0.0288052500000004,0.00369601,0.0,618.71
1194,0.0285673100000006,0.00320001,0.0,618.82
1195,0.0302782000000006,0.0047040139999999,0.0,618.43
1196,0.0300340600000002,0.004200012,0.0,618.63
1197,0.02978229,0.0047040139999999,0.0,618.22
1198,0.0290451000000003,0.004200012,0.0,618.49
1199,0.0315179800000003,0.004200012,0.0,619.9
1200,0.03127002,0.00369601,0.0,619.76
1201,0.0310230200000001,0.004200012,0.0,619.33
1202,0.0307750700000007,0.0047040139999999,0.0,618.79
1203,0.0305290200000004,0.004200012,0.0,618.91
1204,0.0325069400000002,0.004200012,0.0,621.46
1205,0.0317640300000006,0.00369601,0.0,620.39
1206,0.0248613300000002,0.00369601,0.0,624.38
1207,0.0251259800000003,0.00320001,0.0,623.77
1208,0.0246353100000007,0.00320001,0.0,625.04
1209,0.0105953200000002,0.0,0.0,746.27
1210,0.0104494100000005,0.0004030019999999,0.0,742.25
1211,0.0275611800000002,0.004200012,0.0,619.35
1212,0.0266013100000002,0.00320001,0.0,620.8
1213,0.0230603199999999,0.005200014,0.0,629.09
1214,0.0233330700000005,0.0047040139999999,0.0,628.52
1215,0.0228371599999999,0.0047040139999999,0.0,630.33
1216,0.0250501600000002,0.005200014,0.0,622.99
1217,0.0255479800000007,0.005200014,0.0,621.82
1218,0.02531719,0.0047040139999999,0.0,622.77
1219,0.0263400000000003,0.00369601,0.0,621.19
1220,0.0258131000000006,0.0047040139999999,0.0,621.69
1221,0.02436828,0.00369601,0.0,625.72
1222,0.0510921400000006,0.0061700049999999,0.0,602.66
1223,0.0508370400000002,0.005665005,0.0,604.64
1224,0.05060339,0.0061770079999999,0.0,605.91
1225,0.0479240400000007,0.0053240059999999,0.0,639.43
1226,0.0476770399999999,0.0049030039999999,0.0,643.6
1227,0.0514583499999999,0.0060460119999999,0.0,601.03
1228,0.0515432300000001,0.006635011,0.0,598.58
1229,0.0509142800000006,0.0066450089999999,0.0,602.61
1230,0.0565533600000006,0.0077900139999999,0.0,563.59
1231,0.0568709300000005,0.0082830039999999,0.0,561.89
1232,0.0570502200000007,0.0077800009999999,0.0,561.26
1233,0.0580172500000007,0.007744,0.0,557.11
1234,0.0584301900000002,0.008191005,0.0,555.33
1235,0.0584301900000002,0.0076250139999999,0.0,555.51
1236,0.0652370400000004,0.007770002,0.0,541.35
1237,0.0657320000000006,0.007770002,0.0,541.23
1238,0.0655269600000006,0.0072650019999999,0.0,541.32
1239,0.0660200099999999,0.0072650019999999,0.0,541.27
1240,0.0658121100000004,0.0067680029999999,0.0,541.21
1241,0.0667963,0.0067680029999999,0.0,541.38
1242,0.0663042000000003,0.0067680029999999,0.0,541.24
1243,0.0665130600000001,0.0072650019999999,0.0,541.35
1244,0.07193994,0.0072630049999999,0.0,550.23
1245,0.0717172600000007,0.0067670049999999,0.0,549.48
1246,0.0736083900000004,0.0087670089999999,0.0,555.37
1247,0.0741062100000001,0.0087670089999999,0.0,557.36
1248,0.0726580600000002,0.0077670069999999,0.0,552.47
1249,0.07292699,0.0072630049999999,0.0,553.46
1250,0.0734200400000002,0.0072630049999999,0.0,555.26
1251,0.0731930700000003,0.0067670049999999,0.0,554.32
1252,0.0813031200000003,0.007330001,0.0,598.1
1253,0.0815591800000002,0.0067670049999999,0.0,599.31
1254,0.08106613,0.0067670049999999,0.0,596.45
1255,0.0848813000000002,0.007052005,0.0,617.87
1256,0.08530616,0.0075430129999999,0.0,619.72
1257,0.0853752999999999,0.0068940079999999,0.0,620.52
1258,0.0911560000000007,0.00794001,0.0,659.23
1259,0.0913043,0.0073450059999999,0.0,662.49
1260,0.0906720100000005,0.0075320009999999,0.0,654.3
1261,0.0888371399999999,0.0057650059999999,0.0,640.32
1262,0.0893292400000005,0.0057650059999999,0.0,643.96
1263,0.0895819600000003,0.0062350039999999,0.0,646.07
1264,0.0898213300000004,0.0057650059999999,0.0,648.05
1265,0.0894413000000007,0.00730601,0.0,643.36
1266,0.0898232400000003,0.006741003,0.0,647.72
1267,0.0932650500000003,0.0057650059999999,0.0,684.29
1268,0.0935673700000006,0.0063800069999999,0.0,687.86
1269,0.0849771500000003,0.0064570009999999,0.0,618.78
1270,0.0844984000000002,0.0065670019999999,0.0,616.11
1271,0.0835251800000005,0.006715,0.0,610.59
1272,0.08334493,0.0073140119999999,0.0,609.59
1273,0.0907793000000003,0.0068780039999999,0.0,656.93
1274,0.0901679900000003,0.007189006,0.0,649.98
1275,0.0905570899999999,0.006272003,0.0,655.07
1276,0.0903129500000004,0.0057650059999999,0.0,652.58
1277,0.0900630900000001,0.0062330069999999,0.0,650.3
1278,0.0945520399999999,0.0061840119999999,0.0,698.41
1279,0.0947422900000001,0.0057650059999999,0.0,700.53
1280,0.0949592500000005,0.0061170009999999,0.0,703.16
1281,0.0797681800000003,0.007305011,0.0,588.92
1282,0.0795903200000003,0.0067670049999999,0.0,587.61
1283,0.07931709,0.0071730019999999,0.0,586.1
1284,0.0800819400000004,0.0067670049999999,0.0,590.6
1285,0.0786709700000001,0.0077920109999999,0.0,582.28
1286,0.0789103500000001,0.0083460069999999,0.0,583.91
1287,0.0792822800000001,0.007769004,0.0,586.1
1288,0.07067918,0.0077670069999999,0.0,546.78
1289,0.0702409700000004,0.0067670049999999,0.0,545.77
1290,0.0736470200000001,0.0077670069999999,0.0,556.08
1291,0.0731530100000004,0.0077670069999999,0.0,554.21
1292,0.0711731900000006,0.0077670069999999,0.0,548.01
1293,0.0716681399999999,0.0077670069999999,0.0,549.37
1294,0.0714473700000005,0.0072630049999999,0.0,548.81
1295,0.0768761600000003,0.0072640029999999,0.0,571.52
1296,0.0771303100000003,0.0067670049999999,0.0,572.83
1297,0.0766382200000004,0.0067670049999999,0.0,570.08
1298,0.0783700899999999,0.007272005,0.0,580.31
1299,0.0781140300000001,0.0067670049999999,0.0,578.6
1300,0.0778703600000004,0.0072690099999999,0.0,577.29
1301,0.0753650600000002,0.008271009,0.0,563.37
1302,0.0755991900000001,0.0087670089999999,0.0,564.14
1303,0.0758624000000001,0.008271009,0.0,565.84
1304,0.0953111600000005,0.006328002,0.0,707.29
1305,0.0957260099999999,0.0066550079999999,0.0,711.0
1306,0.0957260099999999,0.0062099999999999,0.0,713.41
1307,0.0863790500000006,0.0072960109999999,0.0,625.24
1308,0.0847573200000005,0.007716,0.0,616.88
1309,0.0842351900000002,0.0077170139999999,0.0,614.25
1310,0.0902709900000005,0.0083780139999999,0.0,645.28
1311,0.0900139800000002,0.007826001,0.0,646.31
1312,0.08976221,0.0084560069999999,0.0,641.07
1313,0.0878543800000005,0.0058140009999999,0.0,634.16
1314,0.0928082400000001,0.011222005,0.0,623.21
1315,0.0925641000000006,0.010737002,0.0,623.42
1316,0.0923271100000003,0.011230007,0.0,623.59
1317,0.0704021400000006,0.008272007,0.0,545.95
1318,0.07122516,0.0067670049999999,0.0,548.12
1319,0.0758881499999999,0.0072630049999999,0.0,566.23
1320,0.0763821600000005,0.0072630049999999,0.0,568.81
1321,0.0790700900000001,0.0089520069999999,0.0,585.09
1322,0.0794563200000002,0.0084250129999999,0.0,587.44
1323,0.0756273200000006,0.0077670069999999,0.0,564.86
1324,0.0788693400000007,0.007275001,0.0,583.38
1325,0.0630612300000006,0.0072670129999999,0.0,543.37
1326,0.0599842000000006,0.008274004,0.0,549.98
1327,0.0594840000000003,0.0082680139999999,0.0,551.55
1328,0.05967521,0.0087680069999999,0.0,550.63
1329,0.0696892700000005,0.0077680049999999,0.0,544.68
1330,0.0691943100000003,0.0077680049999999,0.0,543.82
1331,0.0667209600000005,0.007769004,0.0,541.36
1332,0.0664329500000003,0.008272007,0.0,541.09
1333,0.0669293400000006,0.008272007,0.0,541.26
1334,0.0552272800000004,0.007307008,0.0,570.6
1335,0.0549392700000002,0.008388013,0.0,571.79
1336,0.0546979900000002,0.0087680069999999,0.0,572.87
1337,0.0551962800000005,0.0087680069999999,0.0,570.09
1338,0.0596141800000005,0.0072630049999999,0.0,551.39
1339,0.0599083900000004,0.0067680029999999,0.0,550.41
1340,0.0594153400000001,0.0067680029999999,0.0,551.98
1341,0.0620751300000002,0.0072680119999999,0.0,545.05
1342,0.0598053900000002,0.007773012,0.0,550.71
1343,0.0602960500000007,0.007776007,0.0,549.25
1344,0.0601043700000004,0.0072670129999999,0.0,549.87
1345,0.0511312400000001,0.0071260039999999,0.0,599.64
1346,0.0494370399999999,0.006919012,0.0,613.65
1347,0.0494251200000004,0.0064590129999999,0.0,615.88
1348,0.0490384100000005,0.0066570049999999,0.0,618.88
1349,0.05252838,0.0067500029999999,0.0,590.06
1350,0.0520873000000002,0.0065400009999999,0.0,595.33
1351,0.05209112,0.0070590079999999,0.0,592.99
1352,0.0555291100000002,0.0078190119999999,0.0,568.82
1353,0.0560493400000004,0.00780201,0.0,566.09
1354,0.0553779600000004,0.008306012,0.0,569.41
1355,0.0556941000000002,0.0087680069999999,0.0,567.41
1356,0.0558733900000004,0.0082970119999999,0.0,566.79
1357,0.0491471200000007,0.0061000139999999,0.0,620.69
1358,0.0490679700000003,0.005641014,0.0,624.35
1359,0.0486841199999999,0.0058710129999999,0.0,627.78
1360,0.0485920900000005,0.0069500059999999,0.0,621.54
1361,0.04902315,0.0071980059999999,0.0,615.84
1362,0.0459022500000001,0.0056710099999999,0.0,662.76
1363,0.0463733600000005,0.005832002,0.0,655.56
1364,0.0463290199999999,0.005310014,0.0,659.42
1365,0.0477461800000007,0.005861014,0.0,638.13
1366,0.0481991700000002,0.0061450009999999,0.0,631.24
1367,0.04828834,0.005635009,0.0,633.89
1368,0.04728698,0.0062250049999999,0.0,641.01
1369,0.0477271000000004,0.0064570009999999,0.0,634.26
1370,0.04864406,0.006390006,0.0,624.7
1371,0.0481610300000002,0.0067020059999999,0.0,627.75
1372,0.0263090100000003,0.0047040139999999,0.0,620.76
1373,0.0265722200000003,0.004200012,0.0,620.63
1374,0.0320172300000001,0.005200014,0.0,619.82
1375,0.0345053600000007,0.005200014,0.0,625.53
1376,0.040699,0.0047029999999999,0.0,656.27
1377,0.0404772700000002,0.005200014,0.0,654.21
1378,0.04445123,0.005327002,0.0,675.05
1379,0.0448360400000007,0.004885003,0.0,675.84
1380,0.0443091300000003,0.0047610109999999,0.0,677.1
1381,0.0452523200000003,0.0044840129999999,0.0,677.74
1382,0.0457811299999999,0.004634008,0.0,672.28
1383,0.0456933900000003,0.0041480069999999,0.0,680.1
1384,0.0478672900000001,0.0044650139999999,0.0,642.37
1385,0.0481743800000007,0.0048690139999999,0.0,639.25
1386,0.0434632300000004,0.005217001,0.0,673.62
1387,0.0432310100000004,0.0046750009999999,0.0,673.6
1388,0.0429654099999999,0.0052020109999999,0.0,671.02
1389,0.0438313400000006,0.003474012,0.0,684.2
1390,0.04329538,0.003056005,0.0,681.26
1391,0.04535102,0.0050180109999999,0.0,672.28
1392,0.04515695,0.0039280059999999,0.0,685.06
1393,0.0451860399999999,0.0034020099999999,0.0,693.29
1394,0.0235571800000001,0.005200014,0.0,627.34
1395,0.0240550000000006,0.005200014,0.0,625.74
1396,0.0243253700000006,0.0047040139999999,0.0,625.36
1397,0.0364961600000004,0.005200014,0.0,632.72
1398,0.0399789799999999,0.005200014,0.0,651.01
1399,0.0394821100000007,0.005200014,0.0,647.95
1400,0.0387129700000006,0.0047040139999999,0.0,644.06
1401,0.03844213,0.004200012,0.0,642.94
1402,0.0382161100000005,0.0047040139999999,0.0,641.38
1403,0.0265431400000002,0.005200014,0.0,619.93
1404,0.0268063500000002,0.0047040139999999,0.0,619.97
1405,0.0280561400000003,0.004200012,0.0,618.92
1406,0.0290312699999999,0.005200014,0.0,617.73
1407,0.0292863800000003,0.0047040139999999,0.0,618.16
1408,0.0170879300000006,0.005200014,0.0,661.68
1409,0.0160932499999999,0.005200014,0.0,669.26
1410,0.0185813900000005,0.005200014,0.0,651.48
1411,0.0190792000000002,0.005200014,0.0,648.39
1412,0.0188679700000005,0.0047050119999999,0.0,650.06
1413,0.01936435,0.0047050119999999,0.0,647.07
1414,0.0195760700000003,0.005200014,0.0,645.45
1415,0.0218453400000005,0.0047040139999999,0.0,634.37
1416,0.0231113400000007,0.004200012,0.0,629.62
1417,0.0226163800000005,0.004200012,0.0,631.48
1418,0.0245532900000001,0.005200014,0.0,624.29
1419,0.0018692000000006,0.00513801,0.0,743.53
1420,0.0016531900000007,0.0046830029999999,0.0,743.88
1421,0.0014600700000002,0.005111009,0.0,744.41
1422,0.0007462500000006,0.005217001,0.0,746.04
1423,0.00043535,0.0051560109999999,0.0,746.78
1424,0.0005483600000006,0.0053470139999999,0.0,746.66
1425,0.0155949500000006,0.005200014,0.0,673.28
1426,0.0158891600000004,0.0047029999999999,0.0,671.24
1427,0.0153880100000006,0.004698009,0.0,675.35
1428,0.01488494,0.004692003,0.0,679.64
1429,0.0146732300000005,0.0041730109999999,0.0,681.82
1430,0.0143752100000007,0.0046840019999999,0.0,684.14
1431,0.0001730900000005,0.0051780049999999,0.0,747.94
1432,0.0002379399999998,0.0049600009999999,0.0,747.22
1433,0.0003724100000006,0.0043780059999999,0.0,746.88
1434,0.0114540999999999,0.010133013,0.0,689.37
1435,0.0116119299999999,0.0064209999999999,0.0,702.78
1436,0.01186227,0.0059900139999999,0.0,703.58
1437,0.0114540999999999,0.010382012,0.0,689.0
1438,0.0150980900000004,0.005200014,0.0,677.46
1439,0.0007133399999998,0.0055230109999999,0.0,746.49
1440,0.0003452300000006,0.0053500089999999,0.0,747.39
1441,0.0030093100000003,0.004662007,0.0,740.67
1442,0.0027132000000005,0.0051190109999999,0.0,741.45
1443,0.0031661899999999,0.0051470099999999,0.0,740.07
1444,0.0020742400000006,0.0047880119999999,0.0,742.98
1445,0.0020699500000001,0.0043000129999999,0.0,743.16
1446,0.0038599900000004,0.0060370119999999,0.0,736.29
1447,0.0040202100000001,0.0056230129999999,0.0,736.5
1448,0.0036053599999998,0.0057380049999999,0.0,738.09
1449,0.0032539300000005,0.005559013,0.0,739.96
1450,0.0036373100000002,0.005304009,0.0,738.29
1451,0.0062112800000004,0.0048210029999999,0.0,730.99
1452,0.0055890000000005,0.0043280129999999,0.0,733.69
1453,0.0075449900000004,0.004670009,0.0,726.04
1454,0.0072531700000002,0.0038940019999999,0.0,729.04
1455,0.0057311000000002,0.005719006,0.0,731.78
1456,0.0068802800000007,0.0046720059999999,0.0,728.78
1457,0.0064163200000004,0.003996,0.0,731.7
1458,0.01147937,0.0068990139999999,0.0,700.77
1459,0.01013135,0.0057779999999999,0.0,708.33
1460,0.0126333199999999,0.0053760109999999,0.0,699.96
1461,0.0131082500000002,0.0052300099999999,0.0,695.79
1462,0.0039782500000002,0.006411001,0.0,735.04
1463,0.0046672800000005,0.007859007,0.0,730.68
1464,0.0051131200000007,0.0075390039999999,0.0,730.6
1465,0.0046310400000004,0.0074480029999999,0.0,731.86
1466,0.0066952700000007,0.0053430049999999,0.0,728.84
1467,0.00617599,0.005493,0.0,730.64
1468,0.00656604,0.0058660059999999,0.0,729.57
1469,0.0563721600000004,0.0082900079999999,0.0,564.27
1470,0.0581822400000007,0.0087680069999999,0.0,555.95
1471,0.0586791,0.0087680069999999,0.0,554.05
1472,0.0591301900000003,0.0072550029999999,0.0,553.0
1473,0.05449533,0.008278013,0.0,574.42
1474,0.0539760500000002,0.0082260079999999,0.0,577.56
1475,0.0534563000000006,0.0081990069999999,0.0,580.84
1476,0.0530362100000001,0.0077310059999999,0.0,584.25
1477,0.0614719300000006,0.008275003,0.0,546.06
1478,0.06097602,0.0082760009999999,0.0,547.24
1479,0.0611681900000001,0.0087680069999999,0.0,546.47
1480,0.0654401700000005,0.008273006,0.0,541.1
1481,0.06177616,0.007774011,0.0,545.59
1482,0.0619683200000001,0.008275003,0.0,545.01
1483,0.0662260000000003,0.007769004,0.0,541.23
1484,0.0641531900000007,0.0087680069999999,0.0,541.55
1485,0.0639519600000007,0.008274004,0.0,542.04
1486,0.0636563300000006,0.0087680069999999,0.0,542.06
1487,0.0634560500000001,0.008274004,0.0,542.6
1488,0.0671391400000001,0.0087670089999999,0.0,541.07
1489,0.0666422799999999,0.0087670089999999,0.0,540.84
1490,0.0649442600000008,0.008273006,0.0,541.29
1491,0.0672163900000005,0.007769004,0.0,541.61
1492,0.0674252500000003,0.008272007,0.0,541.56
1493,0.0689129800000003,0.008272007,0.0,543.2
1494,0.0694103200000002,0.008272007,0.0,543.99
1495,0.0687003100000005,0.0077680049999999,0.0,543.09
1496,0.0776200300000003,0.007777006,0.0,575.83
1497,0.0773553800000002,0.008278013,0.0,574.12
1498,0.0778594000000004,0.0082930029999999,0.0,577.2
1499,0.0892434099999999,0.0080099999999999,0.0,639.67
1500,0.0906491200000001,0.0080950109999999,0.0,651.4
1501,0.0910530000000005,0.0083980119999999,0.0,655.16
1502,0.0915479600000006,0.0062950109999999,0.0,665.68
1503,0.0912971499999999,0.0057650059999999,0.0,662.72
1504,0.0910420400000005,0.0062890059999999,0.0,660.13
1505,0.09537029,0.011701003,0.0,622.68
1506,0.0956001200000003,0.011174009,0.0,622.7
1507,0.0907273200000001,0.0086710009999999,0.0,646.02
1508,0.0944161399999999,0.0071649999999999,0.0,696.43
1509,0.0953302300000001,0.0081000029999999,0.0,702.48
1510,0.0957260099999999,0.0071000009999999,0.0,708.67
1511,0.0952892300000006,0.0072900059999999,0.0,704.15
1512,0.0677104000000002,0.007769004,0.0,541.98
1513,0.0760970100000007,0.0087670089999999,0.0,566.68
1514,0.0748682000000001,0.008271009,0.0,561.03
1515,0.0896763800000002,0.0090430079999999,0.0,637.0
1516,0.0892043100000004,0.0086550119999999,0.0,636.81
1517,0.0880532199999999,0.0068990139999999,0.0,634.68
1518,0.0876350400000003,0.006387011,0.0,632.72
1519,0.0933322900000002,0.0083980119999999,0.0,688.21
1520,0.0931081700000007,0.0078140049999999,0.0,684.82
1521,0.0928874000000004,0.0083980119999999,0.0,684.92
1522,0.0706233900000006,0.0087670089999999,0.0,546.13
1523,0.0708980500000003,0.008271009,0.0,547.12
1524,0.0768561300000004,0.008273006,0.0,571.2
1525,0.0771183899999999,0.007771001,0.0,572.88
1526,0.0780863700000003,0.0088120109999999,0.0,578.5
1527,0.0783729500000003,0.0083190059999999,0.0,580.45
1528,0.0511970500000007,0.007693008,0.0,597.33
1529,0.0512709600000001,0.0082530079999999,0.0,595.07
1530,0.0591773900000003,0.0087680069999999,0.0,552.28
1531,0.0571870800000003,0.0087680069999999,0.0,560.14
1532,0.0573730399999999,0.008273006,0.0,559.62
1533,0.0524291900000007,0.0075900109999999,0.0,588.91
1534,0.05209493,0.0080200139999999,0.0,590.26
1535,0.0537042599999999,0.0087400079999999,0.0,578.66
1536,0.0532083500000002,0.008694008,0.0,581.71
1537,0.0109343500000003,0.009220004,0.0,691.89
1538,0.0104031500000001,0.0095600039999999,0.0,691.22
1539,0.0109891800000002,0.0097070039999999,0.0,690.66
1540,0.0542011200000001,0.0087620019999999,0.0,575.73
1541,0.0043110799999999,0.007580012,0.0,732.51
1542,0.0039863499999999,0.008018002,0.0,731.55
1543,0.00425815,0.0078750109999999,0.0,731.61
1544,0.0039863499999999,0.007715002,0.0,733.57
1545,0.0060863500000003,0.0070190129999999,0.0,730.17
1546,0.0056071200000005,0.0072680119999999,0.0,730.32
1547,0.0104131700000005,0.0090070069999999,0.0,692.71
1548,0.00982093,0.0072520079999999,0.0,700.07
1549,0.0098233200000006,0.006746009,0.0,703.19
1550,0.0093550600000007,0.007073,0.0,700.92
1551,0.0039863499999999,0.0087000129999999,0.0,728.0
1552,0.0042972500000004,0.0089490119999999,0.0,727.58
1553,0.0057363500000002,0.00938201,0.0,726.18
1554,0.0060863500000003,0.0091450069999999,0.0,726.08
1555,0.00583124,0.0090660009999999,0.0,726.54
1556,0.0053582100000007,0.0085470079999999,0.0,728.01
1557,0.0052623700000005,0.0089790079999999,0.0,727.27
1558,0.0043182299999999,0.008554012,0.0,728.72
1559,0.0050363500000001,0.00938201,0.0,726.8
1560,0.0056042600000001,0.007775009,0.0,729.33
1561,0.08687925,0.0078990019999999,0.0,627.03
1562,0.0877680700000001,0.0077370109999999,0.0,631.79
1563,0.0844182900000003,0.010250002,0.0,614.87
1564,0.0840063100000004,0.010563001,0.0,613.39
1565,0.0844492900000002,0.010791004,0.0,615.1
1566,0.0859293900000004,0.0080600089999999,0.0,622.31
1567,0.0892310100000007,0.010681004,0.0,628.12
1568,0.0898289600000002,0.010885001,0.0,627.82
1569,0.0896940200000005,0.010246009,0.0,630.42
1570,0.0844273500000003,0.008528009,0.0,615.02
1571,0.0838379800000002,0.0092330129999999,0.0,612.27
1572,0.0846772100000006,0.009523005,0.0,615.94
1573,0.0884842800000003,0.010501013,0.0,627.37
1574,0.0877113300000003,0.010482014,0.0,625.53
1575,0.0881433400000002,0.011301011,0.0,624.81
1576,0.0907263700000005,0.0096150039999999,0.0,635.06
1577,0.0907263700000005,0.0091430099999999,0.0,639.35
1578,0.0871372200000007,0.012246013,0.0,621.78
1579,0.08374214,0.0079160039999999,0.0,611.71
1580,0.0840373000000003,0.0099330099999999,0.0,613.28
1581,0.0870709400000003,0.0097080029999999,0.0,624.99
1582,0.0862970299999999,0.010286004,0.0,621.58
1583,0.0862769999999999,0.011725009,0.0,620.42
1584,0.0866951900000004,0.012007013,0.0,621.16
1585,0.0102100300000005,0.010005012,0.0,690.26
1586,0.0835800100000004,0.010347009,0.0,611.59
1587,0.08362436,0.010893002,0.0,612.13
1588,0.0861320500000007,0.0095460119999999,0.0,621.74
1589,0.0871191000000007,0.01279901,0.0,621.36
1590,0.0854811600000005,0.009971008,0.0,618.96
1591,0.0857939700000001,0.010755003,0.0,619.61
1592,0.0863103800000005,0.011059001,0.0,620.93
1593,0.0858211500000001,0.011448011,0.0,619.39
1594,0.0853424,0.011243001,0.0,618.07
1595,0.0866823200000004,0.01256001,0.0,620.84
1596,0.0888142500000004,0.01185301,0.0,624.6
1597,0.0875563600000007,0.013037011,0.0,621.7
1598,0.0880322400000004,0.012711004,0.0,622.48
1599,0.0889382300000001,0.013208002,0.0,622.47
1600,0.0894961300000006,0.012903005,0.0,623.08
1601,0.08900737,0.012574002,0.0,623.42
1602,0.0884871400000007,0.012447,0.0,623.25
1603,0.0884842800000003,0.012967006,0.0,622.54
1604,0.0907502100000004,0.010555014,0.0,628.22
1605,0.0907263700000005,0.010087014,0.0,631.59
1606,0.0902543000000007,0.010412008,0.0,629.82
1607,0.0894370000000002,0.01140301,0.0,626.09
1608,0.08973312,0.013780013,0.0,621.9
1609,0.0920233700000006,0.014325008,0.0,621.19
1610,0.0919632900000007,0.012933001,0.0,622.6
1611,0.0901789600000003,0.014464006,0.0,621.07
1612,0.0906233700000003,0.014688,0.0,620.8
1613,0.0897412300000004,0.014228002,0.0,621.35
1614,0.0940990400000006,0.014524013,0.0,621.24
1615,0.0942974000000003,0.015060008,0.0,620.85
1616,0.0967221199999999,0.015155003,0.0,622.65
1617,0.0969409900000002,0.014566005,0.0,623.31
1618,0.09591817,0.013896004,0.0,622.53
1619,0.09674739,0.013891012,0.0,623.23
1620,0.10441732,0.015638009,0.0,645.36
1621,0.10391902,0.015638009,0.0,644.43
1622,0.09746933,0.014661014,0.0,624.07
1623,0.0944652500000007,0.015627012,0.0,620.36
1624,0.0963912000000002,0.01432401,0.0,622.76
1625,0.0971612900000007,0.012162,0.0,623.17
1626,0.0971102699999999,0.012773007,0.0,623.35
1627,0.0979990900000001,0.014520005,0.0,625.13
1628,0.0980091100000005,0.013949007,0.0,625.02
1629,0.10048818,0.014107004,0.0,633.52
1630,0.09474611,0.013021007,0.0,622.32
1631,0.0951161300000001,0.012344003,0.0,622.58
1632,0.0948519700000006,0.011756003,0.0,622.63
1633,0.0943193400000002,0.012261004,0.0,622.51
1634,0.0976920100000003,0.012412012,0.0,623.41
1635,0.0965452100000004,0.011216,0.0,622.85
1636,0.0982260699999999,0.011674002,0.0,623.08
1637,0.0970110800000006,0.011192009,0.0,622.91
1638,0.0967931700000007,0.011745006,0.0,622.97
1639,0.0888142500000004,0.011162013,0.0,626.16
1640,0.0918793600000001,0.012306005,0.0,623.24
1641,0.0901823000000004,0.011534006,0.0,625.77
1642,0.0896172499999999,0.012141005,0.0,624.45
1643,0.0903563500000004,0.010904014,0.0,627.54
1644,0.0907831100000003,0.011152014,0.0,626.11
1645,0.0934891700000007,0.012250006,0.0,622.59
1646,0.0911493300000004,0.010737002,0.0,625.96
1647,0.0913090700000003,0.011236012,0.0,624.98
1648,0.0916199600000001,0.010737002,0.0,624.67
1649,0.0946631400000006,0.011197001,0.0,622.65
1650,0.0944509500000006,0.010737002,0.0,622.63
1651,0.0941863000000005,0.011188001,0.0,622.69
1652,0.0988202100000004,0.013638005,0.0,627.01
1653,0.09847831,0.014083013,0.0,626.22
1654,0.0986151700000004,0.014621005,0.0,626.65
1655,0.10192918,0.015638009,0.0,638.14
1656,0.10164022,0.015129,0.0,637.62
1657,0.10143137,0.015638009,0.0,636.15
1658,0.10145902,0.014129013,0.0,638.09
1659,0.10097026,0.01412201,0.0,635.69
1660,0.10319519,0.015139014,0.0,643.28
1661,0.107438080000001,0.014585004,0.0,643.88
1662,0.106770030000001,0.014561013,0.0,646.76
1663,0.10623741,0.015066013,0.0,646.37
1664,0.10570812,0.015082002,0.0,646.98
1665,0.103167050000001,0.013280005,0.0,647.85
1666,0.10265016,0.013459012,0.0,645.74
1667,0.10310602,0.014013008,0.0,645.51
1668,0.11347627,0.014137,0.0,599.18
1669,0.10342216,0.015638009,0.0,643.21
1670,0.10292434,0.015638009,0.0,641.73
1671,0.10116338,0.013638005,0.0,636.79
1672,0.100694180000001,0.013638005,0.0,634.48
1673,0.11456537,0.015137002,0.0,592.53
1674,0.115203380000001,0.014611006,0.0,589.4
1675,0.11492109,0.014124006,0.0,590.93
1676,0.11538028,0.014096007,0.0,588.58
1677,0.0992040599999999,0.015252009,0.0,628.1
1678,0.0989432300000006,0.015638009,0.0,626.91
1679,0.0969533900000004,0.015638009,0.0,622.52
1680,0.1001544,0.015133009,0.0,631.56
1681,0.0992169299999999,0.014725,0.0,628.47
1682,0.0999383900000002,0.015638009,0.0,630.25
1683,0.0996470400000007,0.015158013,0.0,629.67
1684,0.100436210000001,0.015638009,0.0,632.13
1685,0.10093402,0.015638009,0.0,634.12
1686,0.172996990000001,0.064599008,0.0,352.85
1687,0.17296123,0.064116001,0.0,352.92
1688,0.1724863,0.064401001,0.0,353.02
1689,0.17301797,0.062699005,0.0,353.15
1690,0.17362403,0.062435001,0.0,353.03
1691,0.17300701,0.062205002,0.0,353.26
1692,0.1076951,0.015158013,0.0,640.78
1693,0.107991210000001,0.014729008,0.0,640.19
1694,0.10965538,0.015127003,0.0,626.72
1695,0.10912418,0.015092001,0.0,631.02
1696,0.10939312,0.015638009,0.0,628.24
1697,0.112576000000001,0.015154004,0.0,604.64
1698,0.109949110000001,0.014141009,0.0,625.18
1699,0.11010408,0.014698014,0.0,623.46
1700,0.11047601,0.014159009,0.0,620.67
1701,0.11138439,0.015638009,0.0,612.69
1702,0.11157703,0.01516001,0.0,611.66
1703,0.112781040000001,0.014649004,0.0,603.53
1704,0.112877360000001,0.015638009,0.0,602.26
1705,0.11337518,0.015638009,0.0,599.1
1706,0.1130743,0.015151009,0.0,601.37
1707,0.11486721,0.015638009,0.0,590.53
1708,0.11387205,0.015638009,0.0,596.09
1709,0.11406612,0.015144006,0.0,595.34
1710,0.119843960000001,0.015638009,0.0,571.73
1711,0.123825070000001,0.015638009,0.0,567.06
1712,0.12679815,0.015833006,0.0,567.97
1713,0.127283090000001,0.015940011,0.0,568.04
1714,0.12714004,0.015323013,0.0,568.59
1715,0.12906694,0.014704004,0.0,570.56
1716,0.128522390000001,0.014318005,0.0,571.01
1717,0.13222122,0.01775901,0.0,550.76
1718,0.13274002,0.017476008,0.0,548.57
1719,0.13218402,0.017302007,0.0,552.71
1720,0.132539270000001,0.016322002,0.0,555.65
1721,0.13197612,0.016371012,0.0,558.63
1722,0.132457250000001,0.016860009,0.0,553.07
1723,0.13137912,0.017371014,0.0,556.58
1724,0.133114330000001,0.017028004,0.0,547.55
1725,0.13178014,0.018029005,0.0,552.28
1726,0.13483333,0.016080007,0.0,534.55
1727,0.13304424,0.017999009,0.0,544.93
1728,0.13636493,0.017840013,0.0,523.2
1729,0.136837,0.018367008,0.0,519.95
1730,0.13705921,0.017782003,0.0,518.84
1731,0.13488197,0.018410012,0.0,532.23
1732,0.13464307,0.018836007,0.0,533.15
1733,0.135138980000001,0.018884003,0.0,530.1
1734,0.131704330000001,0.015738011,0.0,563.98
1735,0.13435125,0.016080007,0.0,538.43
1736,0.127887240000001,0.014338002,0.0,570.35
1737,0.12806415,0.014928013,0.0,569.53
1738,0.128673070000001,0.015773014,0.0,568.07
1739,0.12916421,0.015991003,0.0,567.25
1740,0.129158970000001,0.015315011,0.0,568.94
1741,0.129638190000001,0.016235009,0.0,566.0
1742,0.12965917,0.015571013,0.0,567.99
1743,0.13059997,0.016737014,0.0,562.05
1744,0.12083911,0.015638009,0.0,569.72
1745,0.12088108,0.014638007,0.0,570.21
1746,0.12038993,0.014638007,0.0,571.12
1747,0.12450218,0.015091002,0.0,567.51
1748,0.124321930000001,0.015638009,0.0,567.07
1749,0.12482023,0.015638009,0.0,567.18
1750,0.11725616,0.014134005,0.0,580.32
1751,0.11677312,0.01413101,0.0,582.24
1752,0.11696815,0.014638007,0.0,581.37
1753,0.118636130000001,0.015142009,0.0,575.3
1754,0.118848320000001,0.015638009,0.0,574.32
1755,0.11745405,0.014640004,0.0,579.5
1756,0.121143340000001,0.014133007,0.0,569.86
1757,0.12137317,0.014638007,0.0,569.44
1758,0.12110805,0.015142009,0.0,569.63
1759,0.12973022,0.014786005,0.0,570.64
1760,0.132791040000001,0.013578013,0.0,586.39
1761,0.13228416,0.013715014,0.0,582.24
1762,0.13018894,0.013945014,0.0,574.48
1763,0.13103628,0.014322013,0.0,574.08
1764,0.13100719,0.013502002,0.0,578.8
1765,0.13278722,0.01502201,0.0,568.49
1766,0.13228416,0.014818013,0.0,570.91
1767,0.127506250000001,0.014788002,0.0,569.42
1768,0.13012695,0.015284002,0.0,568.78
1769,0.13050317,0.014785007,0.0,571.05
1770,0.13121223,0.015122012,0.0,569.06
1771,0.13169336,0.01458101,0.0,572.93
1772,0.12464714,0.013772011,0.0,568.07
1773,0.12640905,0.013132006,0.0,569.83
1774,0.12682294,0.013571009,0.0,570.06
1775,0.126891130000001,0.012908012,0.0,570.63
1776,0.125318050000001,0.015651003,0.0,567.36
1777,0.12557315,0.015089006,0.0,567.92
1778,0.12502908,0.015060008,0.0,567.69
1779,0.12545633,0.013318003,0.0,568.73
1780,0.12560033,0.012827009,0.0,568.95
1781,0.13177394,0.013246,0.0,583.87
1782,0.1316781,0.013928011,0.0,578.18
1783,0.13066625,0.01220201,0.0,582.59
1784,0.130409240000001,0.011625007,0.0,582.25
1785,0.13009214,0.012148008,0.0,579.97
1786,0.115125170000001,0.013638005,0.0,589.8
1787,0.12236404,0.013638005,0.0,568.32
1788,0.122616290000001,0.014133007,0.0,568.19
1789,0.122847080000001,0.013638005,0.0,567.98
1790,0.11464214,0.013638005,0.0,592.35
1791,0.11891937,0.014638007,0.0,574.68
1792,0.12332916,0.013620004,0.0,567.79
1793,0.123119350000001,0.014127001,0.0,567.92
1794,0.12364625,0.014103011,0.0,567.8
1795,0.123402110000001,0.01463601,0.0,567.74
1796,0.11601734,0.014610008,0.0,585.47
1797,0.111271380000001,0.014665008,0.0,614.22
1798,0.11100435,0.014147014,0.0,616.42
1799,0.11298894,0.014138013,0.0,602.26
1800,0.11174631,0.013638005,0.0,610.75
1801,0.112712380000001,0.013638005,0.0,604.01
1802,0.11319398,0.013638005,0.0,600.88
1803,0.102971070000001,0.014665008,0.0,643.47
1804,0.10462427,0.011949003,0.0,656.17
1805,0.10425806,0.012157008,0.0,653.97
1806,0.104647160000001,0.012375012,0.0,655.61
1807,0.10900306,0.014073,0.0,634.01
1808,0.10886001,0.01354,0.0,637.03
1809,0.1084752,0.013920009,0.0,639.46
1810,0.111264220000001,0.013638005,0.0,614.36
1811,0.10549211,0.012513012,0.0,659.96
1812,0.10534906,0.012094006,0.0,662.52
1813,0.10506725,0.01245901,0.0,657.83
1814,0.10673904,0.013187006,0.0,655.52
1815,0.10636806,0.012613014,0.0,661.55
1816,0.1044774,0.011043012,0.0,653.11
1817,0.1044774,0.010737002,0.0,652.91
1818,0.10422706,0.011054009,0.0,652.98
1819,0.10614204,0.012151003,0.0,666.51
1820,0.106536380000001,0.012143001,0.0,667.44
1821,0.11367702,0.013638005,0.0,597.89
1822,0.11705493,0.013638005,0.0,581.03
1823,0.103987210000001,0.011833012,0.0,653.08
1824,0.10410213,0.010737002,0.0,652.72
1825,0.1036601,0.013554007,0.0,648.47
1826,0.10206604,0.013504014,0.0,643.17
1827,0.1002264,0.013638005,0.0,632.43
1828,0.10272026,0.012375012,0.0,649.45
1829,0.10319709,0.012054012,0.0,650.84
1830,0.1026721,0.01189901,0.0,650.31
1831,0.10435295,0.013410002,0.0,650.94
1832,0.10475111,0.012905002,0.0,654.18
1833,0.10424423,0.012705013,0.0,652.81
1834,0.10360097,0.011869014,0.0,651.95
1835,0.10374498,0.012327001,0.0,651.8
1836,0.103515140000001,0.011114002,0.0,652.0
1837,0.103760240000001,0.011466012,0.0,652.45
1838,0.10389423,0.011083007,0.0,652.57
1839,0.10337305,0.011544004,0.0,651.68
1840,0.10309219,0.011163011,0.0,651.4
1841,0.0952343899999999,0.0057650059999999,0.0,706.84
1842,0.102976320000001,0.010737002,0.0,651.3
1843,0.10375404,0.012974009,0.0,650.4
1844,0.10323,0.012646005,0.0,649.77
1845,0.10574102,0.012121007,0.0,665.19
1846,0.10591602,0.012564004,0.0,661.2
1847,0.10497427,0.012062013,0.0,659.0
1848,0.105224130000001,0.012869001,0.0,656.28
1849,0.105224130000001,0.011737004,0.0,664.22
1850,0.127352230000001,0.012697012,0.0,571.55
1851,0.12694311,0.012287006,0.0,571.03
1852,0.13274908,0.011583001,0.0,603.5
1853,0.13297605,0.011935011,0.0,604.25
1854,0.13321828,0.011594013,0.0,609.87
1855,0.13123321,0.012691006,0.0,583.98
1856,0.13162422,0.012100011,0.0,589.24
1857,0.131151190000001,0.012016014,0.0,585.97
1858,0.10940504,0.014551014,0.0,629.53
1859,0.10863018,0.014591009,0.0,635.93
1860,0.126495360000001,0.012467012,0.0,570.21
1861,0.128005020000001,0.013677001,0.0,571.51
1862,0.12735128,0.013360009,0.0,570.96
1863,0.12776327,0.013034001,0.0,571.97
1864,0.13366508,0.01162301,0.0,614.34
1865,0.13345432,0.011132002,0.0,618.46
1866,0.1334033,0.012127012,0.0,607.76
1867,0.13297128,0.012324006,0.0,601.59
1868,0.133237360000001,0.012678013,0.0,602.43
1869,0.135694020000001,0.012591005,0.0,620.55
1870,0.13524007,0.012168005,0.0,620.01
1871,0.13522195,0.012712002,0.0,618.72
1872,0.13252496,0.011132002,0.0,601.41
1873,0.132303230000001,0.011589006,0.0,597.63
1874,0.13183212,0.011576012,0.0,592.51
1875,0.13156032,0.011132002,0.0,590.25
1876,0.13136816,0.011579007,0.0,588.43
1877,0.12918138,0.011385009,0.0,577.49
1878,0.12873411,0.011566013,0.0,575.88
1879,0.12912941,0.012007013,0.0,576.66
1880,0.166815280000001,0.041645006,0.0,362.82
1881,0.16729402,0.041683004,0.0,362.72
1882,0.16695404,0.041280002,0.0,362.83
1883,0.1632061,0.029959008,0.0,423.33
1884,0.163698190000001,0.030033008,0.0,422.11
1885,0.16780519,0.041533009,0.0,362.63
1886,0.16781425,0.042960003,0.0,362.51
1887,0.16826295,0.041966006,0.0,362.48
1888,0.16693019,0.042426005,0.0,362.75
1889,0.16688203,0.042008013,0.0,362.78
1890,0.16648626,0.04222101,0.0,362.84
1891,0.167423240000001,0.041112006,0.0,362.75
1892,0.16825294,0.043417007,0.0,362.32
1893,0.16957807,0.042575002,0.0,362.09
1894,0.169731140000001,0.04197,0.0,362.17
1895,0.16959714,0.041340009,0.0,362.3
1896,0.17267894,0.044219002,0.0,361.16
1897,0.17285633,0.04459101,0.0,360.98
1898,0.17025995,0.042513013,0.0,361.97
1899,0.16988229,0.043017,0.0,361.92
1900,0.17185306,0.040277005,0.0,362.2
1901,0.171966070000001,0.04084301,0.0,362.09
1902,0.17087507,0.042485014,0.0,361.87
1903,0.17117214,0.043005005,0.0,361.71
1904,0.169297210000001,0.040440008,0.0,362.47
1905,0.16882801,0.040608004,0.0,362.53
1906,0.16921615,0.041002006,0.0,362.41
1907,0.171412940000001,0.040706009,0.0,362.16
1908,0.17142629,0.040165007,0.0,362.26
1909,0.171039100000001,0.040354014,0.0,362.26
1910,0.17234802,0.04144001,0.0,361.94
1911,0.17389011,0.040286005,0.0,362.1
1912,0.17314529,0.041779012,0.0,361.81
1913,0.17366409,0.039799005,0.0,362.19
1914,0.172115320000001,0.043202013,0.0,361.55
1915,0.17253923,0.043432012,0.0,361.43
1916,0.17737817,0.040337012,0.0,362.35
1917,0.1748743,0.040243,0.0,362.12
1918,0.17510032,0.040639013,0.0,362.05
1919,0.17536497,0.040245012,0.0,362.14
1920,0.17598533,0.04218401,0.0,361.73
1921,0.176348200000001,0.042929009,0.0,361.53
1922,0.176152220000001,0.039799005,0.0,362.28
1923,0.17565441,0.039799005,0.0,362.24
1924,0.17585516,0.040289,0.0,362.17
1925,0.17501831,0.042092011,0.0,361.7
1926,0.175698280000001,0.041470006,0.0,361.9
1927,0.17653513,0.041469008,0.0,361.98
1928,0.17619419,0.043841005,0.0,361.18
1929,0.176867000000001,0.040304005,0.0,362.28
1930,0.17714738,0.039799005,0.0,362.41
1931,0.17665004,0.039799005,0.0,362.34
1932,0.17739009,0.041616008,0.0,362.06
1933,0.1781373,0.04146801,0.0,362.24
1934,0.17412805,0.040824011,0.0,361.99
1935,0.17439413,0.040287003,0.0,362.1
1936,0.17400837,0.042171002,0.0,361.68
1937,0.174606320000001,0.042957008,0.0,361.44
1938,0.17396307,0.044737011,0.0,360.82
1939,0.17348623,0.045164004,0.0,360.68
1940,0.174154280000001,0.045337007,0.0,360.56
1941,0.17289638,0.043766007,0.0,361.28
1942,0.17376899,0.043001011,0.0,361.45
1943,0.173724170000001,0.041369006,0.0,361.88
1944,0.175497050000001,0.043000013,0.0,361.44
1945,0.1730194,0.047564,0.0,359.67
1946,0.17304134,0.048065007,0.0,359.43
1947,0.17347431,0.043652013,0.0,361.26
1948,0.174185270000001,0.043619007,0.0,361.23
1949,0.17561006,0.044822008,0.0,360.74
1950,0.17491006,0.045588002,0.0,360.4
1951,0.17562007,0.045800001,0.0,360.28
1952,0.17505836,0.04663001,0.0,359.89
1953,0.174736970000001,0.044796005,0.0,360.76
1954,0.175081250000001,0.043888003,0.0,361.12
1955,0.17680025,0.047447011,0.0,359.29
1956,0.17608213,0.04642801,0.0,359.94
1957,0.17670106,0.048913002,0.0,358.46
1958,0.176548,0.044694007,0.0,360.85
1959,0.18115997,0.04325001,0.0,362.3
1960,0.180150980000001,0.042683006,0.0,362.31
1961,0.180410380000001,0.043760002,0.0,361.99
1962,0.17740631,0.047176004,0.0,359.4
1963,0.177997110000001,0.047006011,0.0,359.45
1964,0.17748308,0.046570003,0.0,359.83
1965,0.1758213,0.053105012,0.0,356.42
1966,0.17668294,0.052706003,0.0,356.48
1967,0.17594432,0.052286014,0.0,356.82
1968,0.17360401,0.046831012,0.0,359.93
1969,0.17417907,0.046627,0.0,359.97
1970,0.17420625,0.048895002,0.0,358.84
1971,0.17507934,0.049179003,0.0,358.57
1972,0.17489337,0.048433006,0.0,358.98
1973,0.17349624,0.04731001,0.0,359.72
1974,0.172933100000001,0.050519005,0.0,358.2
1975,0.173345080000001,0.050313011,0.0,358.24
1976,0.17296314,0.050050006,0.0,358.44
1977,0.17439699,0.054129005,0.0,356.14
1978,0.17488241,0.053273008,0.0,356.49
1979,0.17410135,0.053270012,0.0,356.62
1980,0.1724863,0.046833009,0.0,360.08
1981,0.17302894,0.04656601,0.0,360.12
1982,0.1724863,0.046345011,0.0,360.29
1983,0.173628330000001,0.048360005,0.0,359.19
1984,0.1724863,0.047809005,0.0,359.64
1985,0.1724863,0.048297003,0.0,359.4
1986,0.17429637,0.046013013,0.0,360.24
1987,0.17307901,0.043201,0.0,361.44
1988,0.173011300000001,0.047066003,0.0,359.9
1989,0.173608300000001,0.04628101,0.0,360.18
1990,0.1724863,0.048785001,0.0,359.17
1991,0.173007960000001,0.048568011,0.0,359.19
1992,0.16648626,0.043381006,0.0,362.86
1993,0.16677427,0.043162003,0.0,362.79
1994,0.16648626,0.042994008,0.0,362.83
1995,0.16746711,0.04267101,0.0,362.62
1996,0.170088290000001,0.043477014,0.0,361.76
1997,0.16969013,0.043479011,0.0,361.85
1998,0.17174911,0.043534011,0.0,361.52
1999,0.171650410000001,0.043083012,0.0,361.63
2000,0.16990232,0.043881014,0.0,361.68
2001,0.17148637,0.043881014,0.0,361.46
2002,0.17134094,0.043482006,0.0,361.57
2003,0.171090120000001,0.043881014,0.0,361.46
2004,0.17299413,0.052945003,0.0,356.95
2005,0.1724863,0.053177014,0.0,356.91
2006,0.17301797,0.053909004,0.0,356.47
2007,0.1724863,0.054153011,0.0,356.43
2008,0.17301416,0.049073011,0.0,358.93
2009,0.17347335,0.04885,0.0,358.97
2010,0.1736474,0.049351007,0.0,358.69
2011,0.1729393,0.050965011,0.0,357.97
2012,0.17302322,0.049569011,0.0,358.68
2013,0.173575400000001,0.049903006,0.0,358.42
2014,0.17595911,0.049504012,0.0,358.26
2015,0.17405128,0.056683004,0.0,354.99
2016,0.17339515,0.056632012,0.0,355.13
2017,0.173592090000001,0.057080001,0.0,354.9
2018,0.17298507,0.056855008,0.0,355.11
2019,0.173004150000001,0.057323009,0.0,354.91
2020,0.1729722,0.056372002,0.0,355.32
2021,0.17301034,0.060723007,0.0,353.66
2022,0.17298698,0.060252011,0.0,353.82
2023,0.17423915,0.055987001,0.0,355.27
2024,0.1724863,0.059033007,0.0,354.34
2025,0.1724863,0.059521005,0.0,354.17
2026,0.17301225,0.059283004,0.0,354.14
2027,0.173006050000001,0.055393011,0.0,355.76
2028,0.17350912,0.057565004,0.0,354.71
2029,0.17301797,0.057815001,0.0,354.7
2030,0.17363834,0.058058009,0.0,354.48
2031,0.1729722,0.059767008,0.0,353.98
2032,0.1724863,0.060009003,0.0,354.0
2033,0.1724863,0.060497001,0.0,353.85
2034,0.1730194,0.061702013,0.0,353.38
2035,0.17348718,0.063857019,0.0,352.79
2036,0.1729474,0.063655019,0.0,352.99
2037,0.17347097,0.061941013,0.0,353.2
2038,0.1724863,0.066352994,0.0,352.94
2039,0.17302322,0.066082001,0.0,352.77
2040,0.1724863,0.06586501,0.0,352.94
2041,0.17362928,0.065335006,0.0,352.59
2042,0.173621170000001,0.065908015,0.0,352.57
2043,0.17420435,0.065542996,0.0,352.36
2044,0.17304801,0.065605998,0.0,352.77
2045,0.17304325,0.065091998,0.0,352.8
2046,0.1724863,0.065376997,0.0,352.95
2047,0.17412138,0.064153016,0.0,352.52
2048,0.173425190000001,0.064315021,0.0,352.75
2049,0.173619270000001,0.064763993,0.0,352.63
2050,0.17497205,0.065286994,0.0,352.04
2051,0.174577230000001,0.065917015,0.0,352.19
2052,0.17527294,0.066385001,0.0,351.86
2053,0.175486080000001,0.06684202,0.0,351.77
2054,0.17572593,0.066377014,0.0,351.63
2055,0.173396110000001,0.06001401,0.0,353.8
2056,0.176692,0.062983007,0.0,351.67
2057,0.17296123,0.063181013,0.0,353.07
2058,0.1724863,0.062937022,0.0,353.24
2059,0.17428207,0.062791005,0.0,352.73
2060,0.17344999,0.058540002,0.0,354.33
2061,0.17419195,0.058496014,0.0,354.18
2062,0.174350260000001,0.057527006,0.0,354.56
2063,0.17510032,0.058234006,0.0,354.08
2064,0.174738400000001,0.06448102,0.0,352.23
2065,0.174227230000001,0.064936996,0.0,352.39
2066,0.175854200000001,0.065259993,0.0,351.61
2067,0.176700110000001,0.065140009,0.0,351.14
2068,0.17622232,0.064617008,0.0,351.5
2069,0.17503118,0.065979004,0.0,351.98
2070,0.17481613,0.066408009,0.0,352.08
2071,0.17391014,0.066424996,0.0,352.46
2072,0.17437315,0.066421002,0.0,352.27
2073,0.17411422,0.066042006,0.0,352.38
2074,0.17677211,0.06684202,0.0,351.02
2075,0.177075380000001,0.066410005,0.0,350.8
2076,0.1766324,0.066420019,0.0,351.09
2077,0.175493240000001,0.065833003,0.0,351.76
2078,0.17642498,0.066063017,0.0,351.23
2079,0.17617511,0.066430003,0.0,351.37
2080,0.17598915,0.065939009,0.0,351.49
2081,0.17794704,0.065153003,0.0,350.3
2082,0.17737722,0.064891011,0.0,350.75
2083,0.17737531,0.06547001,0.0,350.66
2084,0.17636108,0.065614999,0.0,351.29
2085,0.17689704,0.065871001,0.0,350.94
2086,0.177556030000001,0.064404995,0.0,350.75
2087,0.17687511,0.064323008,0.0,351.19
2088,0.17743396,0.06310302,0.0,351.24
2089,0.17546939,0.064491004,0.0,351.9
2090,0.17610216,0.063756019,0.0,351.74
2091,0.177966110000001,0.062767014,0.0,351.08
2092,0.1773734,0.058507011,0.0,353.34
2093,0.17731905,0.059064001,0.0,353.08
2094,0.177937030000001,0.058803007,0.0,353.02
2095,0.175947180000001,0.055527002,0.0,355.17
2096,0.17673826,0.056146011,0.0,354.69
2097,0.17802715,0.050083012,0.0,357.62
2098,0.17764616,0.05034101,0.0,357.55
2099,0.178048130000001,0.050547004,0.0,357.38
2100,0.17362403,0.053667009,0.0,356.5
2101,0.17517709,0.054838002,0.0,355.65
2102,0.17502927,0.055752009,0.0,355.24
2103,0.173597330000001,0.059021011,0.0,354.11
2104,0.176064960000001,0.058083013,0.0,353.9
2105,0.176634310000001,0.058705002,0.0,353.46
2106,0.1730504,0.051927001,0.0,357.46
2107,0.1724863,0.051713005,0.0,357.65
2108,0.17670631,0.049818009,0.0,357.98
2109,0.173989290000001,0.050429002,0.0,358.08
2110,0.17487621,0.050738007,0.0,357.79
2111,0.1743803,0.049800009,0.0,358.35
2112,0.177480220000001,0.048871011,0.0,358.35
2113,0.1765232,0.051696003,0.0,357.03
2114,0.17695808,0.051070005,0.0,357.28
2115,0.17701339,0.050435007,0.0,357.61
2116,0.17606735,0.050646007,0.0,357.65
2117,0.17548322,0.051533014,0.0,357.28
2118,0.17735529,0.04938601,0.0,358.1
2119,0.1779294,0.048075006,0.0,358.69
2120,0.17848634,0.047859013,0.0,358.62
2121,0.17793226,0.051946,0.0,356.67
2122,0.1773734,0.05160901,0.0,356.94
2123,0.177286140000001,0.052183003,0.0,356.65
2124,0.17794704,0.052960009,0.0,356.13
2125,0.17848634,0.053213001,0.0,355.91
2126,0.17848634,0.052726001,0.0,356.17
2127,0.177955150000001,0.047540009,0.0,359.02
2128,0.186860080000001,0.044339001,0.0,361.54
2129,0.186109060000001,0.044346005,0.0,361.57
2130,0.178339950000001,0.045995012,0.0,360.44
2131,0.178833,0.046124012,0.0,360.62
2132,0.17875623,0.045647011,0.0,360.85
2133,0.17770004,0.045935005,0.0,360.31
2134,0.18046236,0.044524014,0.0,361.78
2135,0.181241030000001,0.044292003,0.0,361.95
2136,0.17848634,0.047372014,0.0,358.92
2137,0.18093013,0.045881003,0.0,361.67
2138,0.18109893,0.045450002,0.0,361.71
2139,0.180671210000001,0.045464009,0.0,361.65
2140,0.17796325,0.049106002,0.0,358.13
2141,0.177999020000001,0.051459,0.0,356.92
2142,0.17848634,0.051753,0.0,356.69
2143,0.1767373,0.055289001,0.0,355.13
2144,0.177420130000001,0.055088014,0.0,355.1
2145,0.17691993,0.054591,0.0,355.45
2146,0.17848634,0.056620002,0.0,354.06
2147,0.17848634,0.057107002,0.0,353.79
2148,0.17759037,0.054641009,0.0,355.3
2149,0.17738437,0.054193005,0.0,355.58
2150,0.175123210000001,0.052415014,0.0,356.88
2151,0.174323080000001,0.052573011,0.0,356.93
2152,0.177966110000001,0.049604014,0.0,357.87
2153,0.17848634,0.049806014,0.0,357.68
2154,0.17848634,0.049319014,0.0,357.92
2155,0.17848634,0.0537,0.0,355.64
2156,0.17794513,0.053450004,0.0,355.87
2157,0.177966110000001,0.053946004,0.0,355.6
2158,0.177476400000001,0.052692011,0.0,356.35
2159,0.17699098,0.063632995,0.0,351.31
2160,0.17848634,0.055647001,0.0,354.58
2161,0.17848634,0.055160001,0.0,354.84
2162,0.17796135,0.055383012,0.0,354.83
2163,0.17799425,0.054414004,0.0,355.34
2164,0.17848634,0.054186002,0.0,355.37
2165,0.17794895,0.061758012,0.0,351.54
2166,0.17737197,0.060521007,0.0,352.36
2167,0.17744827,0.061019004,0.0,352.1
2168,0.17752122,0.066036016,0.0,350.49
2169,0.177632330000001,0.063528002,0.0,350.98
2170,0.17848634,0.062948019,0.0,350.7
2171,0.17848634,0.062461004,0.0,350.94
2172,0.17848634,0.064895004,0.0,349.94
2173,0.17791605,0.066442013,0.0,350.17
2174,0.17848634,0.06635502,0.0,349.67
2175,0.17808294,0.066074014,0.0,350.05
2176,0.178002350000001,0.054897011,0.0,355.08
2177,0.177577970000001,0.060066,0.0,352.5
2178,0.177989960000001,0.060290009,0.0,352.23
2179,0.17798709,0.059806004,0.0,352.48
2180,0.17848634,0.060027004,0.0,352.18
2181,0.18006801,0.045881003,0.0,361.48
2182,0.17976903,0.045441002,0.0,361.41
2183,0.17963695,0.045881003,0.0,361.3
2184,0.179766170000001,0.044336006,0.0,361.68
2185,0.179978370000001,0.044967011,0.0,361.57
2186,0.17940998,0.04493101,0.0,361.4
2187,0.179209230000001,0.04592,0.0,361.03
2188,0.17927217,0.045471013,0.0,361.19
2189,0.181797980000001,0.043765009,0.0,362.17
2190,0.187651150000001,0.045100004,0.0,361.08
2191,0.184420100000001,0.045881003,0.0,360.39
2192,0.184200280000001,0.045380012,0.0,360.92
2193,0.18396902,0.045881003,0.0,360.46
2194,0.18541908,0.044505,0.0,361.49
2195,0.184817310000001,0.04424201,0.0,361.73
2196,0.18621301,0.045024008,0.0,361.08
2197,0.18645334,0.045426011,0.0,360.78
2198,0.18665409,0.044880003,0.0,361.18
2199,0.18903303,0.044934005,0.0,361.39
2200,0.18737411,0.045458004,0.0,360.82
2201,0.1871314,0.045881003,0.0,360.49
2202,0.1879282,0.042860002,0.0,362.24
2203,0.1874113,0.04250601,0.0,362.64
2204,0.18910932,0.044186011,0.0,361.63
2205,0.18947219,0.043944001,0.0,361.7
2206,0.18913221,0.045317009,0.0,361.3
2207,0.18889522,0.045599014,0.0,361.12
2208,0.189447400000001,0.043532014,0.0,361.79
2209,0.20192194,0.031471014,0.0,377.31
2210,0.20149517,0.030881003,0.0,377.29
2211,0.178770060000001,0.045052007,0.0,361.13
2212,0.17825222,0.043539003,0.0,361.6
2213,0.17727804,0.044160009,0.0,361.17
2214,0.18394231,0.044842005,0.0,361.41
2215,0.183427330000001,0.044859007,0.0,361.53
2216,0.18372106,0.045384005,0.0,361.08
2217,0.18042516,0.045092002,0.0,361.65
2218,0.18085336,0.044944004,0.0,361.75
2219,0.18691206,0.045405001,0.0,360.82
2220,0.18716096,0.044953004,0.0,361.14
2221,0.185363290000001,0.045094014,0.0,361.04
2222,0.18496322,0.044912011,0.0,361.21
2223,0.18512439,0.045451001,0.0,360.76
2224,0.178925990000001,0.044311002,0.0,361.47
2225,0.17863702,0.042001009,0.0,362.19
2226,0.17940807,0.043546006,0.0,361.85
2227,0.18359899,0.04420501,0.0,361.89
2228,0.18290329,0.044384003,0.0,361.88
2229,0.18282032,0.04544501,0.0,361.5
2230,0.1832652,0.045423001,0.0,361.29
2231,0.183002940000001,0.045035005,0.0,361.57
2232,0.18751239,0.044546008,0.0,361.41
2233,0.18669796,0.042707011,0.0,362.7
2234,0.189841270000001,0.043373004,0.0,361.82
2235,0.189841270000001,0.043739006,0.0,361.75
2236,0.18950605,0.042921007,0.0,361.88
2237,0.18955326,0.04321,0.0,361.84
2238,0.18658828,0.040248007,0.0,365.39
2239,0.186557290000001,0.040854007,0.0,364.6
2240,0.18712234,0.040538013,0.0,365.06
2241,0.185815330000001,0.042778001,0.0,362.77
2242,0.187154290000001,0.038685009,0.0,367.58
2243,0.187284940000001,0.038173005,0.0,368.25
2244,0.18856525,0.044035003,0.0,361.66
2245,0.18447828,0.040492013,0.0,364.67
2246,0.18624734,0.042023003,0.0,363.36
2247,0.18670511,0.041466013,0.0,363.85
2248,0.188037390000001,0.043538004,0.0,361.9
2249,0.18798828,0.044217006,0.0,361.59
2250,0.18934631,0.042641014,0.0,361.91
2251,0.18793916,0.042257011,0.0,362.52
2252,0.18039512,0.040861011,0.0,363.04
2253,0.18028831,0.04171601,0.0,362.7
2254,0.180860040000001,0.041324005,0.0,363.02
2255,0.18226003,0.042874009,0.0,362.61
2256,0.18238019,0.041759014,0.0,363.22
2257,0.181261060000001,0.042188004,0.0,362.75
2258,0.184209340000001,0.044325009,0.0,361.73
2259,0.17708015,0.040919006,0.0,362.18
2260,0.17814302,0.039799005,0.0,362.6
2261,0.177645200000001,0.039799005,0.0,362.5
2262,0.17979002,0.041010008,0.0,362.79
2263,0.17901229,0.04270801,0.0,362.04
2264,0.17945718,0.041805014,0.0,362.45
2265,0.18319606,0.043500006,0.0,362.33
2266,0.179432390000001,0.040360004,0.0,362.86
2267,0.17913723,0.039786011,0.0,362.88
2268,0.17889404,0.040354014,0.0,362.7
2269,0.17860794,0.04088901,0.0,362.49
2270,0.17918109,0.040976003,0.0,362.62
2271,0.180125230000001,0.039669007,0.0,363.3
2272,0.18051815,0.040170014,0.0,363.33
2273,0.18060541,0.039541006,0.0,363.57
2274,0.182023040000001,0.039577008,0.0,364.34
2275,0.182495110000001,0.039305002,0.0,364.78
2276,0.180974,0.04067801,0.0,363.32
2277,0.181504250000001,0.041263014,0.0,363.24
2278,0.181511400000001,0.040478006,0.0,363.62
2279,0.18103408,0.040001005,0.0,363.62
2280,0.181535240000001,0.039806009,0.0,363.96
2281,0.18107509,0.039378003,0.0,363.89
2282,0.184795380000001,0.039131001,0.0,366.1
2283,0.18431901,0.039643005,0.0,365.4
2284,0.18404722,0.038899005,0.0,365.99
2285,0.18686294,0.036834002,0.0,369.65
2286,0.18731832,0.036384002,0.0,370.37
2287,0.185145370000001,0.037466005,0.0,368.12
2288,0.1859231,0.037522003,0.0,368.43
2289,0.1854372,0.036946014,0.0,368.89
2290,0.18773508,0.029955,0.0,376.42
2291,0.1892662,0.033133,0.0,374.32
2292,0.189077370000001,0.033629,0.0,373.85
2293,0.18968915,0.033573002,0.0,374.09
2294,0.18653106,0.038690001,0.0,367.31
2295,0.18586301,0.038638011,0.0,367.09
2296,0.184429160000001,0.037375003,0.0,367.85
2297,0.184048170000001,0.036847011,0.0,368.27
2298,0.183781140000001,0.037266001,0.0,367.57
2299,0.183587070000001,0.039312005,0.0,365.37
2300,0.187489980000001,0.037723005,0.0,368.88
2301,0.18550205,0.038025007,0.0,367.64
2302,0.18498897,0.03070201,0.0,377.87
2303,0.185619350000001,0.031706006,0.0,376.15
2304,0.18520593,0.032142014,0.0,375.8
2305,0.18350219,0.029691011,0.0,380.98
2306,0.18775129,0.034092009,0.0,373.09
2307,0.18697738,0.034362004,0.0,372.62
2308,0.18748521,0.034890011,0.0,372.15
2309,0.187843320000001,0.033245012,0.0,373.97
2310,0.18768835,0.032411009,0.0,374.76
2311,0.187123290000001,0.032853008,0.0,374.35
2312,0.186429970000001,0.030470014,0.0,376.8
2313,0.18680715,0.031264007,0.0,375.98
2314,0.18728923,0.030627013,0.0,376.24
2315,0.19100618,0.031503007,0.0,375.76
2316,0.18962431,0.02911,0.0,376.23
2317,0.18935394,0.02857101,0.0,376.33
2318,0.18915796,0.028991014,0.0,376.31
2319,0.19654607,0.030492008,0.0,376.97
2320,0.19690513,0.030163005,0.0,376.99
2321,0.19649314,0.029906005,0.0,376.94
2322,0.191784380000001,0.030891002,0.0,376.09
2323,0.19178819,0.03024301,0.0,376.17
2324,0.18973016,0.032143012,0.0,375.12
2325,0.190360060000001,0.032251001,0.0,375.25
2326,0.1870222,0.032057002,0.0,375.18
2327,0.188801280000001,0.035886005,0.0,371.53
2328,0.18947935,0.032636002,0.0,374.75
2329,0.199818130000001,0.030829013,0.0,377.22
2330,0.19940328,0.031312004,0.0,377.21
2331,0.19987917,0.031449005,0.0,377.24
2332,0.201721190000001,0.032072008,0.0,377.31
2333,0.2022171,0.03207101,0.0,377.32
2334,0.19844532,0.029363007,0.0,377.1
2335,0.19802427,0.029083014,0.0,377.07
2336,0.19780111,0.029647008,0.0,377.06
2337,0.1993823,0.029595003,0.0,377.18
2338,0.19933509,0.02901201,0.0,377.17
2339,0.19895315,0.029355005,0.0,377.14
2340,0.19845104,0.031039,0.0,377.15
2341,0.19838619,0.030453012,0.0,377.12
2342,0.1979742,0.030902013,0.0,377.11
2343,0.202816960000001,0.030396,0.0,377.33
2344,0.20238494,0.030367002,0.0,377.32
2345,0.202699180000001,0.030846,0.0,377.32
2346,0.20255708,0.031438008,0.0,377.32
2347,0.20215225,0.030905009,0.0,377.31
2348,0.20124006,0.029558003,0.0,377.28
2349,0.20085907,0.030029014,0.0,377.26
2350,0.201369280000001,0.030180008,0.0,377.28
2351,0.20026922,0.031108007,0.0,377.25
2352,0.19018697,0.030510009,0.0,375.9
2353,0.189449310000001,0.030257002,0.0,375.96
2354,0.18973827,0.030999005,0.0,375.69
2355,0.19542312,0.029647008,0.0,376.8
2356,0.19519233,0.029054001,0.0,376.76
2357,0.19488525,0.029601008,0.0,376.72
2358,0.19606924,0.030356005,0.0,376.91
2359,0.19070005,0.030090005,0.0,376.04
2360,0.20037412,0.029888004,0.0,377.24
2361,0.199876300000001,0.029737011,0.0,377.21
2362,0.199988360000001,0.030264005,0.0,377.22
2363,0.19510412,0.030138001,0.0,376.77
2364,0.194609160000001,0.03011401,0.0,376.69
2365,0.19709205,0.029577002,0.0,376.99
2366,0.19882535,0.029945001,0.0,377.14
2367,0.19597435,0.029750005,0.0,376.87
2368,0.195592400000001,0.030223012,0.0,376.84
2369,0.20266914,0.029968009,0.0,377.32
2370,0.19752931,0.029064,0.0,377.02
2371,0.19888114,0.030594006,0.0,377.16
2372,0.1993103,0.030833006,0.0,377.19
2373,0.199439040000001,0.030246005,0.0,377.19
2374,0.19838333,0.028739006,0.0,377.09
2375,0.19885921,0.028875009,0.0,377.13
2376,0.199810980000001,0.029149011,0.0,377.2
2377,0.20028829,0.029285014,0.0,377.23
2378,0.20076417,0.029422,0.0,377.26
2379,0.19547939,0.028137014,0.0,376.8
2380,0.19564724,0.028647006,0.0,376.82
2381,0.195971960000001,0.028183014,0.0,376.86
2382,0.191831110000001,0.029584006,0.0,376.25
2383,0.19241809,0.029294014,0.0,376.35
2384,0.19191026,0.029053003,0.0,376.3
2385,0.1947751,0.028601006,0.0,376.71
2386,0.196455950000001,0.029272005,0.0,376.92
2387,0.197906010000001,0.028602004,0.0,377.05
2388,0.19498395,0.028116003,0.0,376.74
2389,0.195215220000001,0.028510005,0.0,376.76
2390,0.191735260000001,0.028590009,0.0,376.3
2391,0.19151496,0.028114006,0.0,376.3
2392,0.191296100000001,0.028507009,0.0,376.27
2393,0.19126224,0.029786006,0.0,376.15
2394,0.192506310000001,0.028114006,0.0,376.4
2395,0.19223022,0.028651014,0.0,376.35
2396,0.19273614,0.028684005,0.0,376.42
2397,0.193261140000001,0.028653011,0.0,376.49
2398,0.19300222,0.028114006,0.0,376.46
2399,0.19134807,0.029087007,0.0,376.24
2400,0.19300413,0.029229001,0.0,376.44
2401,0.19384431,0.029666007,0.0,376.56
2402,0.19354629,0.029174,0.0,376.52
2403,0.19333124,0.029735014,0.0,376.47
2404,0.18953323,0.028114006,0.0,376.32
2405,0.18903827,0.028114006,0.0,376.41
2406,0.188618180000001,0.029989004,0.0,376.15
2407,0.1905241,0.028114006,0.0,376.26
2408,0.19002914,0.028114006,0.0,376.28
2409,0.19033718,0.028650001,0.0,376.24
2410,0.186283110000001,0.028598011,0.0,377.73
2411,0.18676519,0.028614,0.0,377.36
2412,0.18656015,0.028114006,0.0,377.55
2413,0.18811607,0.029321,0.0,376.5
2414,0.18885707,0.028595001,0.0,376.42
2415,0.18854236,0.028114006,0.0,376.53
2416,0.18834638,0.028668002,0.0,376.55
2417,0.175660130000001,0.028114006,0.0,396.39
2418,0.18408727,0.029272005,0.0,380.15
2419,0.183592320000001,0.029084012,0.0,381.04
2420,0.157948970000001,0.017454014,0.0,443.94
2421,0.184614180000001,0.029705003,0.0,379.15
2422,0.185209270000001,0.029486001,0.0,378.5
2423,0.1846714,0.029133007,0.0,379.34
2424,0.178383350000001,0.028609008,0.0,391.11
2425,0.1781373,0.028114006,0.0,391.59
2426,0.17788696,0.028609008,0.0,392.07
2427,0.17763519,0.02911301,0.0,392.55
2428,0.17713928,0.02911301,0.0,393.51
2429,0.17738294,0.02961801,0.0,393.04
2430,0.18160629,0.028114006,0.0,384.85
2431,0.17863321,0.028114006,0.0,390.63
2432,0.18011903,0.02911301,0.0,387.74
2433,0.18061494,0.029114008,0.0,386.77
2434,0.18036699,0.028609008,0.0,387.26
2435,0.17813205,0.02911301,0.0,391.59
2436,0.17986917,0.02961801,0.0,388.23
2437,0.17962217,0.02911301,0.0,388.71
2438,0.181359290000001,0.028610006,0.0,385.32
2439,0.18237018,0.029624,0.0,383.26
2440,0.182108400000001,0.029118002,0.0,383.83
2441,0.18186426,0.029619009,0.0,384.29
2442,0.1813631,0.02961801,0.0,385.3
2443,0.181112280000001,0.029114008,0.0,385.8
2444,0.18086433,0.02961801,0.0,386.29
2445,0.18520402,0.030072004,0.0,378.16
2446,0.18384695,0.028646007,0.0,380.71
2447,0.186017990000001,0.02903001,0.0,377.86
2448,0.18755102,0.028114006,0.0,376.93
2449,0.1880474,0.028114006,0.0,376.7
2450,0.189832210000001,0.028593004,0.0,376.27
2451,0.19011735,0.029109001,0.0,376.2
2452,0.188962930000001,0.030805007,0.0,375.77
2453,0.185561180000001,0.029100001,0.0,378.28
2454,0.18870401,0.029212013,0.0,376.36
2455,0.18927097,0.029587001,0.0,376.17
2456,0.1816101,0.029115007,0.0,384.82
2457,0.182609080000001,0.02913101,0.0,382.85
2458,0.18285131,0.028624013,0.0,382.45
2459,0.183567040000001,0.030363009,0.0,380.45
2460,0.174401280000001,0.02961801,0.0,398.84
2461,0.17464304,0.03011401,0.0,398.35
2462,0.174911020000001,0.028609008,0.0,397.85
2463,0.17539501,0.02961801,0.0,396.89
2464,0.17689514,0.028609008,0.0,393.99
2465,0.176641940000001,0.02911301,0.0,394.48
2466,0.178378100000001,0.02961801,0.0,391.12
2467,0.177391050000001,0.028609008,0.0,393.03
2468,0.17219209,0.028114006,0.0,403.28
2469,0.172430990000001,0.028609008,0.0,402.79
2470,0.173903940000001,0.02961801,0.0,399.82
2471,0.17366313,0.02911301,0.0,400.31
2472,0.17316627,0.02911301,0.0,401.3
2473,0.17193508,0.028609008,0.0,403.8
2474,0.171696180000001,0.028114006,0.0,404.29
2475,0.174174300000001,0.028114006,0.0,399.31
2476,0.173407070000001,0.02961801,0.0,400.81
2477,0.17614603,0.02911301,0.0,395.44
2478,0.174145220000001,0.03011401,0.0,399.33
2479,0.1677041,0.02911301,0.0,412.82
2480,0.167938230000001,0.02961801,0.0,412.27
2481,0.16971397,0.028114006,0.0,408.43
2482,0.169455050000001,0.028609008,0.0,408.99
2483,0.16271925,0.029858008,0.0,424.58
2484,0.164199350000001,0.029087007,0.0,421.19
2485,0.16497898,0.028601006,0.0,419.27
2486,0.164707180000001,0.029098004,0.0,419.9
2487,0.16494703,0.02960901,0.0,419.23
2488,0.16083622,0.029222012,0.0,429.81
2489,0.160864350000001,0.028702006,0.0,430.43
2490,0.162417410000001,0.028362006,0.0,426.71
2491,0.162938110000001,0.028521002,0.0,424.96
2492,0.162784100000001,0.028040007,0.0,425.85
2493,0.1620121,0.028684005,0.0,427.51
2494,0.16214227,0.02921401,0.0,426.59
2495,0.162555210000001,0.028864011,0.0,425.81
2496,0.16223716,0.029732004,0.0,425.87
2497,0.16943025,0.02961801,0.0,409.0
2498,0.16846227,0.028609008,0.0,411.15
2499,0.16796636,0.028609008,0.0,412.25
2500,0.16820097,0.02911301,0.0,411.71
2501,0.17021036,0.028114006,0.0,407.38
2502,0.16921901,0.028114006,0.0,409.5
2503,0.17118024,0.029114008,0.0,405.34
2504,0.170921320000001,0.02961801,0.0,405.86
2505,0.16969013,0.029114008,0.0,408.47
2506,0.15918016,0.027693004,0.0,435.61
2507,0.15866422,0.028011009,0.0,436.09
2508,0.159093380000001,0.028263003,0.0,434.92
2509,0.15741396,0.026704014,0.0,439.71
2510,0.15325403,0.023004011,0.0,448.85
2511,0.15304231,0.023618013,0.0,448.53
2512,0.153536320000001,0.023691014,0.0,447.74
2513,0.156566140000001,0.02615501,0.0,441.41
2514,0.15648603,0.025441006,0.0,442.27
2515,0.15611028,0.02600801,0.0,442.12
2516,0.15923214,0.027112007,0.0,436.48
2517,0.1582942,0.027194009,0.0,437.83
2518,0.15840911,0.026564002,0.0,438.56
2519,0.15494298,0.024482012,0.0,445.08
2520,0.154862400000001,0.025146008,0.0,444.52
2521,0.15535736,0.02485101,0.0,444.21
2522,0.160501,0.027301014,0.0,433.67
2523,0.153079030000001,0.024144009,0.0,447.91
2524,0.15265607,0.023887009,0.0,448.8
2525,0.15442419,0.024355009,0.0,445.86
2526,0.1539731,0.024634004,0.0,446.17
2527,0.155717370000001,0.024109006,0.0,444.48
2528,0.15660333,0.024531007,0.0,443.08
2529,0.15666532,0.023447007,0.0,444.01
2530,0.15698432,0.026446,0.0,440.57
2531,0.15741634,0.026193008,0.0,440.32
2532,0.15480613,0.025737003,0.0,443.98
2533,0.15532207,0.025404007,0.0,443.69
2534,0.155611990000001,0.023172006,0.0,445.41
2535,0.15566301,0.026242003,0.0,442.43
2536,0.15609216,0.02649501,0.0,441.64
2537,0.15593004,0.024999008,0.0,443.38
2538,0.159656040000001,0.026817009,0.0,436.33
2539,0.16147518,0.027345002,0.0,430.98
2540,0.161434170000001,0.027915001,0.0,430.15
2541,0.16190099,0.02759701,0.0,429.35
2542,0.16041898,0.027849004,0.0,432.82
2543,0.160935400000001,0.028174013,0.0,431.04
2544,0.16190815,0.028160006,0.0,428.47
2545,0.16232824,0.027848006,0.0,427.67
2546,0.16746997,0.028609008,0.0,413.37
2547,0.167207240000001,0.02911301,0.0,413.95
2548,0.17764234,0.028114006,0.0,392.55
2549,0.166476250000001,0.02860801,0.0,415.66
2550,0.16670894,0.02911301,0.0,415.1
2551,0.166973110000001,0.028609008,0.0,414.5
2552,0.159718030000001,0.02017501,0.0,443.77
2553,0.15918922,0.019940004,0.0,443.89
2554,0.15869522,0.018459007,0.0,443.96
2555,0.15812206,0.018306002,0.0,444.0
2556,0.158181190000001,0.018835008,0.0,444.06
2557,0.17516422,0.028114006,0.0,397.36
2558,0.147164340000001,0.020644009,0.0,463.14
2559,0.14762926,0.020375014,0.0,462.42
2560,0.14648008,0.019501001,0.0,466.76
2561,0.148097030000001,0.019755006,0.0,462.07
2562,0.14392614,0.018959001,0.0,477.87
2563,0.1437931,0.018361003,0.0,479.48
2564,0.14342117,0.018835008,0.0,480.72
2565,0.147792330000001,0.018258006,0.0,464.17
2566,0.144430160000001,0.019131005,0.0,475.13
2567,0.14488124,0.018704012,0.0,473.79
2568,0.14435339,0.018484012,0.0,476.5
2569,0.14726829,0.018599004,0.0,465.39
2570,0.14671325,0.018265009,0.0,467.34
2571,0.14661741,0.018882007,0.0,467.09
2572,0.147580140000001,0.020907,0.0,461.74
2573,0.143254280000001,0.018303007,0.0,482.47
2574,0.14278698,0.018316001,0.0,485.07
2575,0.142371170000001,0.018095002,0.0,487.76
2576,0.143608090000001,0.016915009,0.0,481.81
2577,0.1442461,0.017311007,0.0,478.08
2578,0.14453601,0.016915009,0.0,476.68
2579,0.14407205,0.016915009,0.0,479.09
2580,0.14549636,0.017920003,0.0,472.0
2581,0.13757705,0.017890007,0.0,515.59
2582,0.147089,0.021189004,0.0,462.4
2583,0.146660320000001,0.020937011,0.0,463.87
2584,0.13637208,0.018490002,0.0,522.78
2585,0.136133190000001,0.018915013,0.0,523.99
2586,0.13663101,0.018915013,0.0,520.92
2587,0.145976060000001,0.01916501,0.0,468.88
2588,0.14589405,0.019829005,0.0,468.1
2589,0.13812398,0.018915013,0.0,511.79
2590,0.138831130000001,0.018414006,0.0,507.83
2591,0.139321320000001,0.018371001,0.0,504.98
2592,0.13900613,0.017848,0.0,507.04
2593,0.14197635,0.018511012,0.0,489.45
2594,0.14209795,0.019046009,0.0,487.99
2595,0.142456050000001,0.018652007,0.0,486.46
2596,0.13407516,0.017742008,0.0,538.6
2597,0.150985240000001,0.022947014,0.0,452.53
2598,0.15051794,0.023210004,0.0,452.95
2599,0.150947090000001,0.023463011,0.0,451.93
2600,0.13535928,0.018308014,0.0,529.3
2601,0.1339612,0.018316001,0.0,538.27
2602,0.13415098,0.018763006,0.0,536.27
2603,0.13442707,0.018278003,0.0,535.34
2604,0.13590002,0.018359006,0.0,525.84
2605,0.13855934,0.017964006,0.0,509.63
2606,0.13860416,0.01748401,0.0,509.53
2607,0.13865995,0.017005012,0.0,509.32
2608,0.138501160000001,0.012651012,0.0,623.56
2609,0.13833093,0.013129011,0.0,623.38
2610,0.1406722,0.017031014,0.0,498.03
2611,0.14089202,0.016584009,0.0,497.09
2612,0.140402310000001,0.016582012,0.0,499.61
2613,0.13843631,0.016577006,0.0,510.71
2614,0.13892221,0.016606003,0.0,507.85
2615,0.13390111,0.011132002,0.0,621.2
2616,0.13412714,0.011616007,0.0,617.71
2617,0.13760614,0.012625009,0.0,623.3
2618,0.137105940000001,0.012604013,0.0,622.97
2619,0.13737011,0.013132006,0.0,622.95
2620,0.1337552,0.017135009,0.0,542.18
2621,0.13353633,0.016567007,0.0,545.41
2622,0.13438129,0.012106002,0.0,616.17
2623,0.13390207,0.012124002,0.0,612.58
2624,0.134221070000001,0.01261501,0.0,613.01
2625,0.13434696,0.011132002,0.0,622.68
2626,0.13767337,0.01161401,0.0,624.11
2627,0.13791894,0.011132002,0.0,624.52
2628,0.137472150000001,0.011132002,0.0,624.66
2629,0.13480806,0.012019009,0.0,618.82
2630,0.13475322,0.012574002,0.0,616.71
2631,0.13371706,0.012624011,0.0,608.3
2632,0.13457536,0.011595011,0.0,620.04
2633,0.134794230000001,0.011132002,0.0,623.6
2634,0.13502502,0.011616007,0.0,621.41
2635,0.13737106,0.012099013,0.0,623.57
2636,0.136605260000001,0.012620002,0.0,622.4
2637,0.136151310000001,0.012727008,0.0,621.52
2638,0.136407370000001,0.013132006,0.0,621.8
2639,0.13929605,0.012181014,0.0,623.74
2640,0.13951015,0.011629001,0.0,623.89
2641,0.13906097,0.011625007,0.0,623.96
2642,0.13884115,0.012008012,0.0,623.83
2643,0.13925838,0.011132002,0.0,624.1
2644,0.13970518,0.011132002,0.0,623.98
2645,0.14114236,0.017163009,0.0,495.49
2646,0.14139413,0.016618014,0.0,494.67
2647,0.13881206,0.011132002,0.0,624.23
2648,0.138869280000001,0.012449012,0.0,623.66
2649,0.13923502,0.01279001,0.0,623.58
2650,0.1375513,0.017203003,0.0,515.97
2651,0.13751125,0.016532004,0.0,516.34
2652,0.140818110000001,0.012214005,0.0,623.55
2653,0.14104414,0.012132004,0.0,623.52
2654,0.14085197,0.011876002,0.0,623.6
2655,0.14185524,0.017893002,0.0,490.92
2656,0.14129018,0.017763004,0.0,494.18
2657,0.14109039,0.016080007,0.0,496.22
2658,0.144858360000001,0.018018008,0.0,474.66
2659,0.145203110000001,0.017442003,0.0,473.49
2660,0.14006614,0.017735005,0.0,501.0
2661,0.139834400000001,0.018341005,0.0,502.02
2662,0.140373230000001,0.018315003,0.0,498.92
2663,0.140591140000001,0.011896,0.0,623.64
2664,0.142721170000001,0.016723007,0.0,488.44
2665,0.14104414,0.011882007,0.0,623.56
2666,0.14546394,0.016915009,0.0,472.47
2667,0.144999980000001,0.016915009,0.0,474.49
2668,0.144693370000001,0.017421007,0.0,475.82
2669,0.14934825,0.017340005,0.0,460.84
2670,0.148437970000001,0.017345012,0.0,462.86
2671,0.14824724,0.016915009,0.0,463.36
2672,0.147981160000001,0.017334,0.0,464.02
2673,0.14917421,0.016915009,0.0,461.22
2674,0.15243721,0.018014014,0.0,456.58
2675,0.157196040000001,0.017917008,0.0,443.97
2676,0.14949798,0.017882005,0.0,460.4
2677,0.15155601,0.017872006,0.0,457.31
2678,0.15101718,0.017986,0.0,457.87
2679,0.151319020000001,0.018481002,0.0,457.17
2680,0.151270390000001,0.017416001,0.0,457.78
2681,0.14817524,0.017811001,0.0,463.4
2682,0.14839601,0.01838401,0.0,462.57
2683,0.14900207,0.018277005,0.0,461.24
2684,0.150791160000001,0.017411009,0.0,458.37
2685,0.14993906,0.020115003,0.0,457.83
2686,0.1475172,0.021442011,0.0,461.02
2687,0.147946350000001,0.021695003,0.0,459.72
2688,0.14864397,0.02041401,0.0,460.07
2689,0.14883232,0.01907,0.0,461.06
2690,0.149060240000001,0.019843012,0.0,459.84
2691,0.14887619,0.021051005,0.0,458.78
2692,0.15016317,0.022013009,0.0,455.12
2693,0.14972019,0.022209004,0.0,455.64
2694,0.15014934,0.022467003,0.0,454.55
2695,0.14940214,0.021284014,0.0,457.45
2696,0.14931011,0.021907002,0.0,456.79
2697,0.15009021,0.022958011,0.0,453.99
2698,0.149661060000001,0.022705004,0.0,455.07
2699,0.14923238,0.022452012,0.0,456.17
2700,0.14985036,0.021633014,0.0,456.17
2701,0.15122795,0.021707014,0.0,453.65
2702,0.15141296,0.023181007,0.0,451.54
2703,0.15137624,0.023716003,0.0,450.93
2704,0.15141105,0.022727013,0.0,452.1
2705,0.150588030000001,0.019562006,0.0,457.26
2706,0.14977741,0.019277007,0.0,458.96
2707,0.150508400000001,0.018622011,0.0,458.21
2708,0.15204238,0.020125002,0.0,454.22
2709,0.15187311,0.019439012,0.0,455.45
2710,0.15121698,0.019148007,0.0,456.7
2711,0.15185928,0.018816009,0.0,456.24
2712,0.15174102,0.022269011,0.0,452.1
2713,0.15239095,0.019046009,0.0,455.43
2714,0.15243721,0.019573003,0.0,454.46
2715,0.153531070000001,0.020379007,0.0,450.74
2716,0.15384626,0.019871012,0.0,450.16
2717,0.15338325,0.019871012,0.0,451.56
2718,0.155260080000001,0.02227901,0.0,446.51
2719,0.15482902,0.022936002,0.0,446.61
2720,0.153948300000001,0.025232002,0.0,445.57
2721,0.15437698,0.025484011,0.0,444.77
2722,0.15442133,0.024897009,0.0,445.32
2723,0.157176010000001,0.022378013,0.0,444.28
2724,0.156201360000001,0.022479013,0.0,445.21
2725,0.15971708,0.023175001,0.0,442.23
2726,0.155278200000001,0.021463007,0.0,446.95
2727,0.1553421,0.020856008,0.0,447.08
2728,0.15429019,0.021264002,0.0,448.63
2729,0.15551614,0.020317003,0.0,446.92
2730,0.15430831,0.019871012,0.0,449.09
2731,0.15403127,0.020385012,0.0,449.59
2732,0.16020727,0.019932002,0.0,443.76
2733,0.1597042,0.019671008,0.0,443.83
2734,0.1687231,0.028114006,0.0,410.58
2735,0.155793190000001,0.020705,0.0,446.46
2736,0.155998230000001,0.020309002,0.0,446.22
2737,0.15864801,0.019751013,0.0,444.04
2738,0.158678050000001,0.019107014,0.0,444.01
2739,0.158144950000001,0.019457013,0.0,444.16
2740,0.15869712,0.020373002,0.0,443.98
2741,0.158471100000001,0.017908007,0.0,443.94
2742,0.15806531,0.020160005,0.0,444.26
2743,0.152591220000001,0.020044014,0.0,453.36
2744,0.15569639,0.019871012,0.0,446.66
2745,0.15647697,0.020334006,0.0,445.59
2746,0.1561594,0.019871012,0.0,445.99
2747,0.15477132,0.019871012,0.0,448.18
2748,0.14104414,0.011382014,0.0,623.65
2749,0.14104414,0.011132002,0.0,623.7
2750,0.14082098,0.011132002,0.0,623.75
2751,0.1576662,0.018611014,0.0,444.08
2752,0.140758030000001,0.011508003,0.0,623.68
2753,0.15919733,0.018842012,0.0,443.92
2754,0.159276960000001,0.018319011,0.0,443.9
2755,0.0041532499999998,0.0,0.0,757.21
2756,0.00334739,0.0011590129999999,0.0,750.24
2757,0.0033340400000003,0.0007480089999999,0.0,753.07
2758,0.0033540700000003,0.0,0.0,759.56
2759,0.0029539999999999,0.0,0.0,760.01
2760,0.0029539999999999,0.0004140139999999,0.0,756.16
2761,0.0034971200000004,0.0004000069999999,0.0,755.55
2762,0.0037531800000003,0.0,0.0,758.55
2763,0.0052909800000007,0.0009290129999999,0.0,744.8
2764,0.0048780400000003,0.0007809999999999,0.0,747.52
2765,0.00444507,0.0008890039999999,0.0,748.85
2766,0.0045523599999999,0.0,0.0,755.46
2767,0.0059962200000001,0.000451014,0.0,743.02
2768,0.0058012000000005,0.0,0.0,744.8
2769,0.0062141399999999,0.0008570109999999,0.0,741.18
2770,0.0070743499999999,0.0,0.0,740.11
2771,0.0072870200000005,0.0004370069999999,0.0,739.15
2772,0.0064339600000007,0.0004460069999999,0.0,741.32
2773,0.0074992100000006,0.0,0.0,739.34
2774,0.0083479799999999,0.0,0.0,739.24
2775,0.0062250999999999,0.0,0.0,742.8
2776,0.0066499700000006,0.0,0.0,741.26
2777,0.0084052000000003,0.0023260119999999,0.0,731.08
2778,0.0077791200000003,0.0031530119999999,0.0,729.52
2779,0.0051450700000002,0.0029100029999999,0.0,738.29
2780,0.0031881300000007,0.001642004,0.0,747.76
2781,0.0029320699999999,0.0012380039999999,0.0,750.1
2782,0.0048961600000003,0.0013260099999999,0.0,744.75
2783,0.0043821300000006,0.0029280039999999,0.0,740.35
2784,0.0048179600000004,0.003829003,0.0,736.91
2785,0.00430536,0.001475007,0.0,746.1
2786,0.0037074000000005,0.0015450119999999,0.0,747.35
2787,0.0029539999999999,0.0008269999999999,0.0,752.89
2788,0.0027623100000004,0.001613006,0.0,748.1
2789,0.0012402500000003,0.0020230119999999,0.0,749.17
2790,0.0,0.0020230119999999,0.0,754.08
2791,0.0,0.0028750009999999,0.0,752.74
2792,0.0,0.0033010099999999,0.0,751.74
2793,0.0,0.0037270039999999,0.0,750.84
2794,0.0,0.0041540119999999,0.0,749.98
2795,0.0,0.004580006,0.0,749.17
2796,0.0026631300000001,0.0041190089999999,0.0,742.01
2797,0.0035843800000003,0.0028520079999999,0.0,742.54
2798,0.0028619700000005,0.0055230109999999,0.0,741.41
2799,0.0041480000000007,0.004381001,0.0,737.76
2800,0.0057730600000001,0.003413007,0.0,735.08
2801,0.0047392799999999,0.0067300049999999,0.0,732.86
2802,0.0052132600000005,0.0069770069999999,0.0,731.47
2803,0.0051693900000007,0.0063910039999999,0.0,732.38
2804,0.0070390700000002,0.0058660059999999,0.0,727.29
2805,0.0072460100000002,0.005298004,0.0,726.49
2806,0.0040602600000001,0.0021860009999999,0.0,743.68
2807,0.0123753500000001,0.003002003,0.0,707.18
2808,0.0141563400000004,0.004165009,0.0,686.46
2809,0.01627826,0.00320001,0.0,668.93
2810,0.0167703600000007,0.00320001,0.0,665.14
2811,0.0172619800000007,0.00320001,0.0,661.52
2812,0.0157871200000006,0.00320001,0.0,672.86
2813,0.0151801100000002,0.0041820109999999,0.0,677.43
2814,0.0132951700000001,0.0046800079999999,0.0,693.97
2815,0.0115752200000001,0.004750014,0.0,706.26
2816,0.0121603000000006,0.0050160139999999,0.0,702.57
2817,0.0079841600000003,0.0058660059999999,0.0,722.37
2818,0.0084562300000001,0.0058660059999999,0.0,719.31
2819,0.0098671900000004,0.0052070019999999,0.0,712.31
2820,0.0138521200000001,0.0046780109999999,0.0,688.89
2821,0.0136051100000003,0.005200014,0.0,690.97
2822,0.0141019800000004,0.005200014,0.0,686.29
2823,0.0196490200000001,0.0042010099999999,0.0,645.73
2824,0.0198602600000006,0.0047050119999999,0.0,644.23
2825,0.0187363600000001,0.00320001,0.0,651.56
2826,0.0189461700000004,0.003697008,0.0,650.11
2827,0.0203561700000003,0.0047050119999999,0.0,641.54
2828,0.0191550200000004,0.0042010099999999,0.0,648.62
2829,0.0178761400000003,0.0047060109999999,0.0,656.5
2830,0.0200743600000006,0.005200014,0.0,642.66
2831,0.0186600600000002,0.0042020089999999,0.0,651.67
2832,0.0205721800000003,0.005200014,0.0,640.03
2833,0.02162694,0.004200012,0.0,635.64
2834,0.0223412500000002,0.0047040139999999,0.0,632.27
2835,0.0228891300000003,0.00369601,0.0,630.63
2836,0.0233821800000005,0.00369601,0.0,628.85
2837,0.0238752300000007,0.00369601,0.0,627.22
2838,0.0207023600000005,0.00320001,0.0,640.39
2839,0.0211939800000005,0.00320001,0.0,637.96
2840,0.02315998,0.00320001,0.0,629.71
2841,0.0241432100000001,0.00320001,0.0,626.45
2842,0.0236520700000007,0.00320001,0.0,628.01
2843,0.01196193,0.0027360029999999,0.0,713.46
2844,0.01124334,0.0009829999999999,0.0,736.29
2845,0.0092411000000005,0.0008449999999999,0.0,738.19
2846,0.0116271900000005,0.0023780019999999,0.0,719.64
2847,0.0100831900000005,0.0004040009999999,0.0,742.51
2848,0.0091972300000007,0.0,0.0,743.55
2849,0.0087723699999999,0.0,0.0,740.37
2850,0.0098962700000004,0.0,0.0,746.8
2851,0.0095462800000003,0.0,0.0,746.33
2852,0.0102453200000001,0.0,0.0,746.7
2853,0.01124334,0.0,0.0,742.94
2854,0.0446782100000007,0.0001650009999999,0.0,740.54
2855,0.0460653300000002,0.0004010049999999,0.0,747.96
2856,0.0446319500000003,0.0024950059999999,0.0,704.9
2857,0.02979135,0.00369601,0.0,618.7
2858,0.0428214000000002,0.0031800119999999,0.0,674.81
2859,0.0261092100000004,0.00320001,0.0,621.65
2860,0.0369234000000001,0.00320001,0.0,635.57
2861,0.0442862500000007,0.002994001,0.0,693.64
2862,0.0447039600000005,0.004276008,0.0,680.86
2863,0.0445699600000005,0.0035930129999999,0.0,688.04
2864,0.0440840700000003,0.0024830109999999,0.0,698.77
2865,0.0461053800000002,0.0030190049999999,0.0,703.84
2866,0.0437250100000002,0.0028180039999999,0.0,689.05
2867,0.0464630100000001,0.0023260119999999,0.0,730.79
2868,0.04614925,0.0025980029999999,0.0,717.1
2869,0.0468883500000006,0.002305001,0.0,741.56
2870,0.04729604,0.002305001,0.0,747.91
2871,0.0474510100000005,0.0013990109999999,0.0,749.29
2872,0.0477499900000007,0.0,0.0,757.75
2873,0.0480632700000001,0.0013120029999999,0.0,752.62
2874,0.0462741800000002,0.0007190109999999,0.0,745.74
2875,0.0470003999999999,0.0,0.0,756.45
2876,0.0485443999999999,0.0,0.0,755.24
2877,0.04811239,0.0008030089999999,0.0,753.8
2878,0.0485301000000007,0.0009400099999999,0.0,754.25
2879,0.0489621100000006,0.0,0.0,754.92
2880,0.0493803000000002,0.0,0.0,754.87
2881,0.05063438,0.0,0.0,754.87
2882,0.0510520900000007,0.0,0.0,754.81
2883,0.0514712300000006,0.0003260079999999,0.0,754.8
2884,0.0507841100000004,0.001193002,0.0,755.1
2885,0.0507783800000006,0.0017050059999999,0.0,755.21
2886,0.0514712300000006,0.0,0.0,754.75
2887,0.0511240900000001,0.0015050029999999,0.0,755.03
2888,0.0500850600000007,0.0021050129999999,0.0,756.07
2889,0.0497393600000002,0.002305001,0.0,757.3
2890,0.0496463700000005,0.0019260049999999,0.0,756.26
2891,0.0493311800000003,0.002305001,0.0,757.44
2892,0.0489239600000007,0.002305001,0.0,756.34
2893,0.0485172199999999,0.002305001,0.0,754.88
2894,0.0352153700000004,0.00369601,0.0,628.82
2895,0.0354480700000002,0.00320001,0.0,629.63
2896,0.0388894000000004,0.00320001,0.0,645.55
2897,0.0396533000000003,0.003695011,0.0,650.1
2898,0.0393810200000004,0.00320001,0.0,648.42
2899,0.0398721700000007,0.00320001,0.0,651.43
2900,0.0392093600000001,0.0047040139999999,0.0,646.89
2901,0.0474400500000005,0.0044650139999999,0.0,646.94
2902,0.0427083900000005,0.0046860129999999,0.0,670.32
2903,0.0404233899999999,0.0041979999999999,0.0,654.85
2904,0.0461053800000002,0.0038750029999999,0.0,683.31
2905,0.0462360300000002,0.004800007,0.0,664.67
2906,0.0462141000000003,0.004277006,0.0,672.26
2907,0.0458373999999999,0.005168006,0.0,666.61
2908,0.0471830300000002,0.00494501,0.0,649.43
2909,0.0416960700000004,0.004698009,0.0,663.2
2910,0.0364642100000001,0.004200012,0.0,633.45
2911,0.0367283800000004,0.0047040139999999,0.0,634.23
2912,0.0344853400000007,0.004200012,0.0,626.3
2913,0.0347223200000002,0.00369601,0.0,627.19
2914,0.0327591900000002,0.0047040139999999,0.0,621.62
2915,0.0325150400000007,0.005200014,0.0,620.67
2916,0.0295290900000005,0.005200014,0.0,617.72
2917,0.0300273899999999,0.005200014,0.0,617.85
2918,0.0330123900000006,0.005200014,0.0,621.67
2919,0.0344653100000007,0.00320001,0.0,626.38
2920,0.0349574000000006,0.00320001,0.0,627.93
2921,0.0339741700000005,0.00320001,0.0,624.97
2922,0.0310254100000007,0.00320001,0.0,619.5
2923,0.0315160700000003,0.00320001,0.0,620.06
2924,0.0295400600000004,0.004200012,0.0,618.49
2925,0.0283122000000002,0.00369601,0.0,618.92
2926,0.0300421700000006,0.00320001,0.0,618.81
2927,0.0253543800000005,0.00369601,0.0,623.17
2928,0.0256180700000002,0.00320001,0.0,622.63
2929,0.0270671800000004,0.004200012,0.0,619.92
2930,0.0273022599999999,0.0047040139999999,0.0,619.32
2931,0.02704095,0.005200014,0.0,619.2
2932,0.0277981700000005,0.0047040139999999,0.0,618.81
2933,0.0468363700000003,0.0060160009999999,0.0,648.15
2934,0.0498399700000007,0.006583005,0.0,611.36
2935,0.0495090400000002,0.005665005,0.0,617.22
2936,0.04966735,0.0060900009999999,0.0,614.53
2937,0.0494551599999999,0.0074460059999999,0.0,610.78
2938,0.0501313200000002,0.0061540009999999,0.0,609.82
2939,0.04995203,0.005665005,0.0,612.0
2940,0.0790982200000006,0.0067670049999999,0.0,584.59
2941,0.0776219300000003,0.0067670049999999,0.0,575.68
2942,0.07737207,0.0072659999999999,0.0,574.35
2943,0.0786061199999999,0.0067670049999999,0.0,581.58
2944,0.08205127,0.0067670049999999,0.0,602.13
2945,0.0817971200000001,0.007329002,0.0,600.93
2946,0.0823073299999999,0.007272005,0.0,603.8
2947,0.0825433700000007,0.0067670049999999,0.0,604.95
2948,0.0828170699999999,0.007302001,0.0,606.67
2949,0.0830349900000007,0.006753013,0.0,607.78
2950,0.0512800200000001,0.005665005,0.0,602.14
2951,0.0530190400000006,0.0067680029999999,0.0,585.31
2952,0.0527071900000005,0.007196009,0.0,587.56
2953,0.0503940500000004,0.005665005,0.0,607.93
2954,0.0517220500000004,0.005665005,0.0,600.94
2955,0.0517973899999999,0.0061480109999999,0.0,599.47
2956,0.0873661000000006,0.0058750069999999,0.0,631.44
2957,0.0868811599999999,0.0059600029999999,0.0,628.87
2958,0.0864009800000005,0.0060680059999999,0.0,626.38
2959,0.0874862600000004,0.0087280129999999,0.0,628.48
2960,0.09029913,0.006670013,0.0,652.22
2961,0.0908050500000002,0.0057650059999999,0.0,657.5
2962,0.0925292899999999,0.0062870089999999,0.0,676.64
2963,0.0927729600000005,0.0057650059999999,0.0,678.97
2964,0.0922813400000004,0.0057650059999999,0.0,673.57
2965,0.0939493100000002,0.00682801,0.0,691.95
2966,0.12959337,0.011811003,0.0,578.51
2967,0.0957260099999999,0.0057650059999999,0.0,714.38
2968,0.0912961900000004,0.006749004,0.0,662.83
2969,0.0920310000000004,0.0062900039999999,0.0,671.1
2970,0.0918011600000002,0.0068820119999999,0.0,668.73
2971,0.0917892400000007,0.0057650059999999,0.0,668.12
2972,0.09304237,0.0063910039999999,0.0,682.3
2973,0.0922780000000003,0.0067320019999999,0.0,674.17
2974,0.0933423000000007,0.007106006,0.0,686.02
2975,0.0957260099999999,0.0075450099999999,0.0,706.73
2976,0.0927462500000003,0.0068619999999999,0.0,679.52
2977,0.0918259600000004,0.0074550069999999,0.0,669.27
2978,0.0916509599999999,0.0079160039999999,0.0,666.96
2979,0.0857882500000002,0.007300005,0.0,622.29
2980,0.0707330700000002,0.0067670049999999,0.0,546.88
2981,0.0689802100000003,0.0072640029999999,0.0,543.54
2982,0.0687651599999999,0.0067680029999999,0.0,543.16
2983,0.0684871600000001,0.0072640029999999,0.0,542.86
2984,0.0709533600000007,0.0072630049999999,0.0,547.5
2985,0.0761461200000006,0.0067670049999999,0.0,567.45
2986,0.0751624099999999,0.0067670049999999,0.0,562.56
2987,0.0756540299999999,0.0067670049999999,0.0,564.95
2988,0.0886240000000003,0.0075640089999999,0.0,637.05
2989,0.09435796,0.00760901,0.0,695.63
2990,0.0831351200000006,0.0078820139999999,0.0,608.53
2991,0.08281326,0.0084140009999999,0.0,607.01
2992,0.0835351900000001,0.0085140019999999,0.0,610.71
2993,0.0939283300000007,0.0074020029999999,0.0,691.86
2994,0.09359216,0.0078140049999999,0.0,689.17
2995,0.0937781300000005,0.0083980119999999,0.0,691.35
2996,0.08257198,0.007809013,0.0,605.48
2997,0.0718912999999999,0.008271009,0.0,549.83
2998,0.0723872100000005,0.008271009,0.0,551.37
2999,0.0721631,0.0077670069999999,0.0,550.86
3000,0.0682730600000001,0.0067680029999999,0.0,542.53
3001,0.0684170700000006,0.008272007,0.0,542.53
3002,0.0682053500000004,0.0077680049999999,0.0,542.47
3003,0.06158208,0.0072690099999999,0.0,546.07
3004,0.0618762900000007,0.0067680029999999,0.0,545.39
3005,0.0613842,0.0067680029999999,0.0,546.46
3006,0.0586643200000001,0.0072270039999999,0.0,554.67
3007,0.0612821500000003,0.007775009,0.0,546.69
3008,0.0610890300000007,0.0072690099999999,0.0,547.22
3009,0.0605959800000004,0.0072690099999999,0.0,548.48
3010,0.0604000000000005,0.0067680029999999,0.0,548.97
3011,0.0608921000000002,0.0067680029999999,0.0,547.65
3012,0.0589232400000004,0.0067680029999999,0.0,553.68
3013,0.0659360800000002,0.008273006,0.0,541.03
3014,0.0648283900000006,0.0067680029999999,0.0,541.53
3015,0.0650343900000001,0.0072659999999999,0.0,541.49
3016,0.0653200100000007,0.0067680029999999,0.0,541.31
3017,0.0562553399999999,0.0072800069999999,0.0,565.15
3018,0.0564632400000002,0.0067680029999999,0.0,564.08
3019,0.0498933700000004,0.0076820109999999,0.0,606.35
3020,0.0540032300000002,0.0067680029999999,0.0,578.02
3021,0.0549459400000005,0.0078700039999999,0.0,572.03
3022,0.0575399400000007,0.0077670069999999,0.0,559.1
3023,0.0584311400000006,0.0067680029999999,0.0,555.5
3024,0.0449399900000005,0.0054190009999999,0.0,673.01
3025,0.0454239800000007,0.0055340079999999,0.0,668.84
3026,0.0421991300000002,0.004693002,0.0,666.78
3027,0.0439581800000006,0.0052600059999999,0.0,675.12
3028,0.04147195,0.005200014,0.0,660.97
3029,0.0419702500000003,0.005200014,0.0,664.44
3030,0.0409750899999999,0.005200014,0.0,657.54
3031,0.04246807,0.005200014,0.0,667.86
3032,0.0335102000000003,0.005200014,0.0,622.81
3033,0.035501,0.005200014,0.0,628.83
3034,0.0275392500000002,0.005200014,0.0,618.62
3035,0.0280361100000004,0.005200014,0.0,618.18
3036,0.0285344100000007,0.005200014,0.0,617.88
3037,0.0146002700000007,0.005200014,0.0,681.8
3038,0.0220651600000004,0.005200014,0.0,633.02
3039,0.0350031800000004,0.005200014,0.0,627.1
3040,0.0260462700000001,0.005200014,0.0,620.81
3041,0.01758623,0.005200014,0.0,658.12
3042,0.0180830900000002,0.005200014,0.0,654.73
3043,0.01837205,0.0047050119999999,0.0,653.2
3044,0.0225620200000005,0.005200014,0.0,630.98
3045,0.0369939800000001,0.005200014,0.0,634.89
3046,0.0389842900000001,0.005200014,0.0,645.04
3047,0.0384860000000007,0.005200014,0.0,642.27
3048,0.03052425,0.005200014,0.0,618.13
3049,0.0089292500000004,0.0058720109999999,0.0,715.16
3050,0.0080990700000001,0.004862011,0.0,723.05
3051,0.0077843600000004,0.005333007,0.0,723.84
3052,0.0075111300000001,0.0058660059999999,0.0,724.96
3053,0.0097780200000006,0.006219,0.0,706.93
3054,0.0094623500000006,0.0056440089999999,0.0,712.15
3055,0.0114540999999999,0.0073960129999999,0.0,698.35
3056,0.0122089299999999,0.005636007,0.0,702.67
3057,0.0024971900000005,0.0046840019999999,0.0,742.0
3058,0.0016903800000003,0.0055230109999999,0.0,744.28
3059,0.0045523599999999,0.0055640039999999,0.0,734.92
3060,0.0035843800000003,0.004773006,0.0,738.89
3061,0.0041522900000003,0.00508,0.0,736.77
3062,0.0,0.0047930039999999,0.0,748.78
3063,0.0010771700000002,0.0051690049999999,0.0,745.27
3064,0.0,0.0050060009999999,0.0,748.46
3065,0.0022892900000002,0.005140007,0.0,742.56
3066,0.0020799600000005,0.0055230109999999,0.0,743.36
3067,0.00247097,0.0055230109999999,0.0,742.43
3068,0.0009083700000003,0.0055230109999999,0.0,746.12
3069,0.0012993800000007,0.0055230109999999,0.0,745.19
3070,0.0005173599999999,0.0055230109999999,0.0,746.88
3071,0.0092992700000005,0.006137014,0.0,709.59
3072,0.00566434,0.0082579999999999,0.0,728.25
3073,0.0093541100000003,0.0066010059999999,0.0,704.52
3074,0.0102710699999999,0.0069650119999999,0.0,701.48
3075,0.00985527,0.0077400059999999,0.0,697.54
3076,0.0093550600000007,0.0075460079999999,0.0,698.11
3077,0.0109109800000002,0.0076300059999999,0.0,697.76
3078,0.0060863500000003,0.0084360099999999,0.0,727.38
3079,0.0060863500000003,0.007964,0.0,728.35
3080,0.0103683400000003,0.007442013,0.0,698.98
3081,0.0043082200000004,0.0069090129999999,0.0,733.79
3082,0.0060863500000003,0.0074910079999999,0.0,729.3
3083,0.0048761300000004,0.0071820019999999,0.0,731.81
3084,0.0045580800000006,0.007101,0.0,732.77
3085,0.0042843800000005,0.0072600099999999,0.0,733.4
3086,0.0039863499999999,0.0068069999999999,0.0,734.85
3087,0.0039863499999999,0.007109002,0.0,734.93
3088,0.0039863499999999,0.007412002,0.0,734.45
3089,0.00986814,0.008239001,0.0,695.32
3090,0.0103893200000007,0.0079570119999999,0.0,696.59
3091,0.0508022300000004,0.008085013,0.0,598.66
3092,0.0056943800000004,0.008749008,0.0,727.25
3093,0.0093550600000007,0.008019001,0.0,695.79
3094,0.0114540999999999,0.0078930109999999,0.0,696.07
3095,0.0039863499999999,0.0083589999999999,0.0,729.35
3096,0.0043320600000003,0.0081830029999999,0.0,730.14
3097,0.0114540999999999,0.0083910079999999,0.0,694.07
3098,0.0517463600000001,0.0083990099999999,0.0,591.58
3099,0.0525679500000003,0.0081030129999999,0.0,586.86
3100,0.0529952000000007,0.0082640049999999,0.0,583.73
3101,0.0561909600000003,0.0087680069999999,0.0,564.86
3102,0.0607891,0.007776007,0.0,547.91
3103,0.0604801100000003,0.0082760009999999,0.0,548.55
3104,0.0578851700000005,0.008250013,0.0,557.46
3105,0.0733799900000003,0.008271009,0.0,554.85
3106,0.0728831200000002,0.008271009,0.0,553.04
3107,0.0731110500000005,0.0087670089999999,0.0,553.51
3108,0.0940670900000002,0.0079520049999999,0.0,693.2
3109,0.08239412,0.0089490119999999,0.0,605.13
3110,0.0830941200000002,0.0089860109999999,0.0,608.68
3111,0.0851740800000007,0.0081980079999999,0.0,618.66
3112,0.0827260000000001,0.0093800129999999,0.0,607.11
3113,0.0945253300000006,0.007996008,0.0,696.75
3114,0.0946683799999999,0.0083980119999999,0.0,697.5
3115,0.0902309400000005,0.0088610059999999,0.0,640.87
3116,0.0951132700000006,0.0083980119999999,0.0,700.55
3117,0.0854153600000007,0.0089500099999999,0.0,619.29
3118,0.07813406,0.0077870039999999,0.0,578.95
3119,0.0770921700000002,0.0087670089999999,0.0,572.24
3120,0.0775890300000004,0.0087780059999999,0.0,575.29
3121,0.0711202600000007,0.0087670089999999,0.0,547.35
3122,0.0713953900000002,0.008271009,0.0,548.41
3123,0.0716180800000004,0.0087670089999999,0.0,548.7
3124,0.0721163700000007,0.0087670089999999,0.0,550.17
3125,0.07261323,0.0087670089999999,0.0,551.78
3126,0.0746040300000006,0.0087670089999999,0.0,559.49
3127,0.0765943500000006,0.0087670089999999,0.0,569.37
3128,0.0751013700000005,0.0087670089999999,0.0,561.75
3129,0.0800371100000001,0.0091870129999999,0.0,591.66
3130,0.0849080000000004,0.010341004,0.0,616.72
3131,0.0852761200000005,0.010690004,0.0,617.95
3132,0.0864739400000003,0.008798003,0.0,623.98
3133,0.0919971400000001,0.0083980119999999,0.0,673.96
3134,0.0930361700000004,0.010737002,0.0,623.07
3135,0.07858038,0.0088700059999999,0.0,581.78
3136,0.0915250700000003,0.0083980119999999,0.0,664.76
3137,0.0942230200000003,0.0083980119999999,0.0,694.41
3138,0.0795569400000007,0.0090570009999999,0.0,588.4
3139,0.0566892600000006,0.0087680069999999,0.0,562.43
3140,0.0601720800000001,0.0087680069999999,0.0,549.12
3141,0.0606703700000004,0.0087680069999999,0.0,547.73
3142,0.0621633500000005,0.0087680069999999,0.0,544.33
3143,0.0661439900000005,0.0087670089999999,0.0,540.74
3144,0.0644483500000002,0.008273006,0.0,541.6
3145,0.0691299400000007,0.0087670089999999,0.0,543.21
3146,0.0576839400000004,0.0087680069999999,0.0,557.98
3147,0.0646510100000004,0.0087680069999999,0.0,541.16
3148,0.0656461699999999,0.0087670089999999,0.0,540.75
3149,0.0522279700000006,0.008522004,0.0,588.18
3150,0.0527162500000005,0.0086210079999999,0.0,584.87
3151,0.0055632500000006,0.0091170079999999,0.0,726.76
3152,0.0093550600000007,0.0084910099999999,0.0,693.83
3153,0.0105962700000006,0.010000006,0.0,690.26
3154,0.0060863500000003,0.008909002,0.0,726.48
3155,0.0616650500000002,0.0087680069999999,0.0,545.34
3156,0.0686321200000002,0.0087670089999999,0.0,542.49
3157,0.0651493000000007,0.0087670089999999,0.0,540.89
3158,0.0814313800000006,0.009718001,0.0,600.79
3159,0.0809760000000006,0.0095170139999999,0.0,597.9
3160,0.0114540999999999,0.0088890049999999,0.0,692.36
3161,0.00468635,0.00938201,0.0,726.9
3162,0.0053863500000002,0.00938201,0.0,726.55
3163,0.0060863500000003,0.00938201,0.0,725.72
3164,0.0107541000000007,0.010382012,0.0,689.61
3165,0.0114540999999999,0.009386003,0.0,690.94
3166,0.0093550600000007,0.009909004,0.0,689.79
3167,0.0093550600000007,0.010145009,0.0,689.37
3168,0.0093550600000007,0.010382012,0.0,689.02
3169,0.0096211400000001,0.010070011,0.0,689.79
3170,0.0104041100000005,0.010382012,0.0,689.69
3171,0.0114540999999999,0.009884,0.0,689.82
3172,0.0840611400000002,0.011131004,0.0,613.88
3173,0.0844984000000002,0.011369005,0.0,615.48
3174,0.0848832100000001,0.011009008,0.0,616.63
3175,0.0849351800000004,0.011608005,0.0,616.9
3176,0.0853710100000002,0.011846006,0.0,618.15
3177,0.0862450600000004,0.012322009,0.0,620.13
3178,0.0871119500000006,0.011759013,0.0,622.2
3179,0.0884304,0.013513014,0.0,621.9
3180,0.0909080500000004,0.01177001,0.0,624.7
3181,0.0915250700000003,0.011812002,0.0,624.03
3182,0.0893859800000003,0.013471008,0.0,622.26
3183,0.08799314,0.013275013,0.0,621.87
3184,0.0888671800000003,0.013752014,0.0,621.79
3185,0.0893039700000005,0.01399,0.0,621.6
3186,0.0910782800000005,0.014889002,0.0,620.57
3187,0.0918612400000001,0.01479201,0.0,620.7
3188,0.0920171700000001,0.015219003,0.0,620.24
3189,0.0923042299999999,0.014787004,0.0,620.72
3190,0.0924973400000004,0.015348003,0.0,620.14
3191,0.0929832400000006,0.015454009,0.0,620.1
3192,0.0915431900000003,0.015066013,0.0,620.38
3193,0.0939683900000006,0.015593008,0.0,620.2
3194,0.0918321600000001,0.011258006,0.0,624.14
3195,0.0939450200000005,0.011720002,0.0,622.67
3196,0.0930500000000007,0.011771009,0.0,622.93
3197,0.0934982300000007,0.011601001,0.0,622.8
3198,0.0951342500000001,0.011221007,0.0,622.66
3199,0.0932650500000003,0.011205003,0.0,622.96
3200,0.0937342600000006,0.011189014,0.0,622.78
3201,0.0944004000000005,0.011601001,0.0,622.64
3202,0.0920920299999999,0.010737002,0.0,623.92
3203,0.0858082700000002,0.012084008,0.0,619.23
3204,0.0939793500000006,0.010737002,0.0,622.7
3205,0.0935082400000002,0.010737002,0.0,622.85
3206,0.0949230100000005,0.010737002,0.0,622.61
3207,0.0964593800000006,0.014784009,0.0,622.59
3208,0.0959711000000008,0.014643014,0.0,622.2
3209,0.09573316,0.015126005,0.0,621.63
3210,0.1007471,0.014537007,0.0,634.42
3211,0.101833340000001,0.014597014,0.0,639.2
3212,0.102686400000001,0.015105009,0.0,641.69
3213,0.103918070000001,0.014088005,0.0,647.64
3214,0.0983853300000002,0.013504014,0.0,625.3
3215,0.0997571900000001,0.013638005,0.0,630.55
3216,0.102170940000001,0.015080005,0.0,639.83
3217,0.10949325,0.014033005,0.0,629.41
3218,0.10981607,0.013638005,0.0,626.48
3219,0.10933303,0.013631001,0.0,631.44
3220,0.110736370000001,0.014666006,0.0,618.36
3221,0.11029815,0.013638005,0.0,622.17
3222,0.11078119,0.013638005,0.0,618.15
3223,0.112229340000001,0.013638005,0.0,607.3
3224,0.10677814,0.012546003,0.0,662.22
3225,0.107182020000001,0.015116006,0.0,643.38
3226,0.10546636,0.014628008,0.0,648.36
3227,0.10518312,0.01513201,0.0,646.94
3228,0.10671138,0.015202001,0.0,644.9
3229,0.11011695,0.015240014,0.0,622.88
3230,0.11056423,0.015154004,0.0,619.39
3231,0.111072060000001,0.015159011,0.0,615.45
3232,0.11038923,0.015638009,0.0,620.33
3233,0.105412,0.015638009,0.0,646.11
3234,0.10491514,0.015638009,0.0,645.94
3235,0.10866212,0.015218005,0.0,634.36
3236,0.10889625,0.015638009,0.0,632.08
3237,0.105910300000001,0.015638009,0.0,645.8
3238,0.10640811,0.015638009,0.0,644.96
3239,0.102427,0.015638009,0.0,640.03
3240,0.0962209700000001,0.015179009,0.0,622.04
3241,0.0959572700000004,0.015638009,0.0,621.33
3242,0.0964550900000001,0.015638009,0.0,621.86
3243,0.0994410500000003,0.015638009,0.0,628.49
3244,0.0979480700000002,0.015638009,0.0,624.33
3245,0.10690498,0.015638009,0.0,643.52
3246,0.107403270000001,0.015638009,0.0,641.46
3247,0.109890930000001,0.015638009,0.0,624.29
3248,0.11088609,0.015638009,0.0,616.46
3249,0.114370340000001,0.015638009,0.0,593.23
3250,0.11561012,0.014493004,0.0,587.42
3251,0.11715412,0.015140012,0.0,580.42
3252,0.117649070000001,0.015142009,0.0,578.56
3253,0.1173563,0.015638009,0.0,579.28
3254,0.11934614,0.015638009,0.0,572.95
3255,0.12160301,0.015143007,0.0,568.92
3256,0.12133693,0.015638009,0.0,568.93
3257,0.12183427,0.015638009,0.0,568.28
3258,0.118350980000001,0.015638009,0.0,575.83
3259,0.11785316,0.015638009,0.0,577.48
3260,0.12776327,0.016071007,0.0,567.95
3261,0.12816619,0.015595004,0.0,568.5
3262,0.12765407,0.015442014,0.0,568.65
3263,0.1286993,0.01640901,0.0,566.97
3264,0.12915325,0.016614005,0.0,565.96
3265,0.12823629,0.016228006,0.0,567.61
3266,0.129596230000001,0.016840011,0.0,564.54
3267,0.13013601,0.015893013,0.0,566.35
3268,0.13010215,0.016505003,0.0,564.25
3269,0.1300311,0.017081008,0.0,562.71
3270,0.13046217,0.017329008,0.0,560.51
3271,0.13089418,0.017578006,0.0,557.98
3272,0.13181495,0.015141011,0.0,568.34
3273,0.12860631,0.015094012,0.0,569.44
3274,0.12581396,0.015688002,0.0,567.58
3275,0.127339360000001,0.01407601,0.0,570.15
3276,0.126307010000001,0.015749008,0.0,567.8
3277,0.126101970000001,0.015133009,0.0,568.19
3278,0.12467098,0.014449001,0.0,567.89
3279,0.125874990000001,0.014481008,0.0,568.52
3280,0.12163209,0.014134005,0.0,569.16
3281,0.12212228,0.014134005,0.0,568.61
3282,0.11648702,0.014631003,0.0,583.38
3283,0.11871099,0.014134005,0.0,575.36
3284,0.11968326,0.014133007,0.0,572.75
3285,0.11919736,0.014133007,0.0,573.99
3286,0.120169160000001,0.014133007,0.0,571.65
3287,0.12065601,0.014133007,0.0,570.68
3288,0.116297240000001,0.014123008,0.0,584.28
3289,0.1141591,0.013638005,0.0,595.05
3290,0.115838050000001,0.014096007,0.0,586.37
3291,0.118986130000001,0.013638005,0.0,574.5
3292,0.11946821,0.013638005,0.0,573.21
3293,0.119951240000001,0.013638005,0.0,572.05
3294,0.12043428,0.013638005,0.0,571.03
3295,0.120916360000001,0.013638005,0.0,570.15
3296,0.121881960000001,0.013638005,0.0,568.79
3297,0.125911230000001,0.013273001,0.0,569.19
3298,0.128286360000001,0.011746005,0.0,574.41
3299,0.128658290000001,0.012056008,0.0,575.17
3300,0.12829494,0.012970001,0.0,573.08
3301,0.12889814,0.012687013,0.0,574.94
3302,0.12781524,0.012504012,0.0,572.62
3303,0.12828207,0.012334004,0.0,573.86
3304,0.12604808,0.012647003,0.0,569.53
3305,0.11850309,0.013638005,0.0,575.93
3306,0.11657333,0.013638005,0.0,583.01
3307,0.1213994,0.013638005,0.0,569.4
3308,0.116090290000001,0.013638005,0.0,585.13
3309,0.11753797,0.013638005,0.0,579.19
3310,0.118021010000001,0.013638005,0.0,577.49
3311,0.11560726,0.013638005,0.0,587.4
3312,0.108423230000001,0.013338,0.0,643.07
3313,0.10804605,0.013036013,0.0,649.54
3314,0.101632110000001,0.013638005,0.0,639.64
3315,0.0977220500000007,0.012953013,0.0,623.79
3316,0.0982260699999999,0.013080001,0.0,624.2
3317,0.0982260699999999,0.012142003,0.0,623.29
3318,0.10222625,0.012142003,0.0,649.6
3319,0.1059761,0.011737004,0.0,671.47
3320,0.10560035,0.011737004,0.0,669.47
3321,0.103005400000001,0.011630014,0.0,651.03
3322,0.0977540000000001,0.010737002,0.0,622.9
3323,0.0982260699999999,0.011205003,0.0,622.95
3324,0.0982260699999999,0.010737002,0.0,622.87
3325,0.10222625,0.011674002,0.0,650.38
3326,0.102601050000001,0.010737002,0.0,651.0
3327,0.10222625,0.010737002,0.0,650.87
3328,0.0982260699999999,0.012611002,0.0,623.62
3329,0.0968103400000002,0.010737002,0.0,622.83
3330,0.0953950800000003,0.010737002,0.0,622.64
3331,0.0955543500000005,0.0083690139999999,0.0,703.43
3332,0.0957260099999999,0.007991001,0.0,705.31
3333,0.09728241,0.010737002,0.0,622.88
3334,0.10335111,0.010737002,0.0,651.74
3335,0.10372638,0.010737002,0.0,652.25
3336,0.10464334,0.011609003,0.0,655.55
3337,0.104918000000001,0.011733011,0.0,658.83
3338,0.10635232,0.011737004,0.0,672.76
3339,0.10672807,0.011737004,0.0,673.72
3340,0.10756015,0.012212009,0.0,664.55
3341,0.10710334,0.011737004,0.0,674.36
3342,0.10747909,0.011737004,0.0,673.89
3343,0.12739133,0.012106002,0.0,571.99
3344,0.127838130000001,0.011926011,0.0,573.11
3345,0.130884170000001,0.011602,0.0,584.97
3346,0.129970070000001,0.011565,0.0,580.27
3347,0.13011217,0.011145011,0.0,581.07
3348,0.1305952,0.011132002,0.0,583.42
3349,0.1075201,0.011974007,0.0,669.14
3350,0.12963724,0.01122801,0.0,579.2
3351,0.13107729,0.011132002,0.0,586.43
3352,0.16976499,0.040272013,0.0,362.42
3353,0.16969728,0.040831,0.0,362.36
3354,0.17018699,0.040679008,0.0,362.31
3355,0.16772317,0.042107001,0.0,362.59
3356,0.16726398,0.042172,0.0,362.69
3357,0.16648626,0.041448012,0.0,362.9
3358,0.16648626,0.041834012,0.0,362.86
3359,0.16648626,0.042608008,0.0,362.83
3360,0.16690921,0.04281801,0.0,362.75
3361,0.16714239,0.043136001,0.0,362.7
3362,0.170137400000001,0.041309014,0.0,362.22
3363,0.17148399,0.042566002,0.0,361.78
3364,0.169301030000001,0.043519005,0.0,361.93
3365,0.16911029,0.043881014,0.0,361.88
3366,0.169506070000001,0.043881014,0.0,361.77
3367,0.171247950000001,0.042050004,0.0,361.92
3368,0.17187595,0.042035014,0.0,361.85
3369,0.17091608,0.043454007,0.0,361.62
3370,0.172040930000001,0.042659,0.0,361.69
3371,0.1705923,0.040407002,0.0,362.3
3372,0.17070198,0.039936006,0.0,362.36
3373,0.1702342,0.040104002,0.0,362.38
3374,0.17117404,0.039799005,0.0,362.33
3375,0.17167329,0.039799005,0.0,362.29
3376,0.172171110000001,0.039799005,0.0,362.26
3377,0.17416238,0.039799005,0.0,362.18
3378,0.1746521,0.040783003,0.0,362.01
3379,0.17465925,0.039799005,0.0,362.19
3380,0.17442607,0.041441009,0.0,361.86
3381,0.173648350000001,0.03011401,0.0,400.31
3382,0.17515707,0.039799005,0.0,362.21
3383,0.175546160000001,0.040796012,0.0,362.04
3384,0.175141330000001,0.03011401,0.0,397.38
3385,0.17563819,0.03011401,0.0,396.41
3386,0.175892350000001,0.02961801,0.0,395.93
3387,0.17638921,0.02961801,0.0,394.96
3388,0.176081180000001,0.040859014,0.0,362.07
3389,0.1763544,0.040285006,0.0,362.22
3390,0.17658424,0.040746004,0.0,362.15
3391,0.17506408,0.041239009,0.0,361.92
3392,0.172436230000001,0.043906004,0.0,361.31
3393,0.172925940000001,0.045034007,0.0,360.79
3394,0.1724863,0.045369014,0.0,360.68
3395,0.174348350000001,0.044244007,0.0,360.99
3396,0.1781373,0.045392007,0.0,360.76
3397,0.17807817,0.044598013,0.0,361.13
3398,0.17674827,0.046807006,0.0,359.69
3399,0.178575990000001,0.046467007,0.0,360.1
3400,0.177445410000001,0.049926013,0.0,357.8
3401,0.175277230000001,0.049995005,0.0,358.11
3402,0.173696990000001,0.052167014,0.0,357.24
3403,0.1724863,0.049273014,0.0,358.92
3404,0.1724863,0.049761012,0.0,358.67
3405,0.1724863,0.050249011,0.0,358.42
3406,0.1724863,0.047321007,0.0,359.86
3407,0.1724863,0.044881001,0.0,360.89
3408,0.1724863,0.045857013,0.0,360.49
3409,0.17243719,0.044572011,0.0,361.05
3410,0.17229509,0.044293002,0.0,361.21
3411,0.17211818,0.043675006,0.0,361.43
3412,0.17207431,0.044072002,0.0,361.35
3413,0.170694350000001,0.043881014,0.0,361.52
3414,0.1702981,0.043881014,0.0,361.6
3415,0.166851990000001,0.043481008,0.0,362.79
3416,0.16721916,0.043581009,0.0,362.7
3417,0.16831827,0.043881014,0.0,362.22
3418,0.167951100000001,0.043781013,0.0,362.43
3419,0.17179536,0.043930009,0.0,361.44
3420,0.1724863,0.050737009,0.0,358.16
3421,0.17297935,0.051440001,0.0,357.72
3422,0.173004150000001,0.053435013,0.0,356.71
3423,0.1724863,0.053665012,0.0,356.67
3424,0.1724863,0.051225007,0.0,357.9
3425,0.17342901,0.05320701,0.0,356.75
3426,0.173603050000001,0.052744001,0.0,356.96
3427,0.17752599,0.056126014,0.0,354.53
3428,0.173009390000001,0.058295012,0.0,354.51
3429,0.174829,0.056662008,0.0,354.85
3430,0.1748681,0.059045002,0.0,353.79
3431,0.1724863,0.05805701,0.0,354.7
3432,0.172996990000001,0.058793009,0.0,354.32
3433,0.1724863,0.058545009,0.0,354.51
3434,0.1724863,0.057569012,0.0,354.89
3435,0.1724863,0.057081014,0.0,355.09
3436,0.1724863,0.056105003,0.0,355.51
3437,0.1724863,0.055617005,0.0,355.73
3438,0.1724863,0.056593001,0.0,355.3
3439,0.1724863,0.060985014,0.0,353.7
3440,0.1724863,0.062449009,0.0,353.34
3441,0.1724863,0.063425005,0.0,353.15
3442,0.1724863,0.06196101,0.0,353.45
3443,0.1724863,0.061473012,0.0,353.57
3444,0.173548220000001,0.062983007,0.0,352.93
3445,0.173363200000001,0.063419998,0.0,352.9
3446,0.1724863,0.063913018,0.0,353.08
3447,0.1724863,0.064889014,0.0,352.98
3448,0.172914980000001,0.06684202,0.0,352.83
3449,0.1724863,0.06684202,0.0,352.95
3450,0.17302322,0.066491008,0.0,352.78
3451,0.17346,0.066424012,0.0,352.63
3452,0.173343180000001,0.06684202,0.0,352.68
3453,0.17377233,0.06684202,0.0,352.53
3454,0.17420005,0.06684202,0.0,352.36
3455,0.174022190000001,0.063463003,0.0,352.68
3456,0.1749711,0.059956,0.0,353.4
3457,0.175464150000001,0.06086801,0.0,352.91
3458,0.17462921,0.06684202,0.0,352.18
3459,0.17505741,0.06684202,0.0,351.98
3460,0.17634296,0.06684202,0.0,351.29
3461,0.17591524,0.06684202,0.0,351.54
3462,0.17797231,0.06564802,0.0,350.19
3463,0.17720031,0.06684202,0.0,350.72
3464,0.17748594,0.066489995,0.0,350.5
3465,0.177628990000001,0.06684202,0.0,350.4
3466,0.178026190000001,0.063251019,0.0,350.85
3467,0.17794227,0.061265007,0.0,351.77
3468,0.177293300000001,0.061535001,0.0,351.94
3469,0.17688417,0.060134009,0.0,352.71
3470,0.17737722,0.059621007,0.0,352.78
3471,0.177938930000001,0.059314013,0.0,352.75
3472,0.177964210000001,0.060766012,0.0,352.01
3473,0.17848634,0.060514003,0.0,351.92
3474,0.17848634,0.061001003,0.0,351.67
3475,0.17848634,0.058567003,0.0,352.97
3476,0.17848634,0.059054002,0.0,352.71
3477,0.17738437,0.055635006,0.0,354.82
3478,0.17797422,0.055876002,0.0,354.57
3479,0.1761403,0.054620013,0.0,355.59
3480,0.17660617,0.053742007,0.0,355.95
3481,0.177957050000001,0.056377009,0.0,354.31
3482,0.17550325,0.053954006,0.0,356.04
3483,0.177462100000001,0.053705007,0.0,355.82
3484,0.17730331,0.05319801,0.0,356.11
3485,0.17753839,0.050759003,0.0,357.35
3486,0.17794227,0.052449003,0.0,356.4
3487,0.17848634,0.052239001,0.0,356.43
3488,0.17761707,0.051188007,0.0,357.12
3489,0.178812020000001,0.041419,0.0,362.4
3490,0.17998123,0.040299014,0.0,363.07
3491,0.18249034,0.043820009,0.0,362.17
3492,0.182103150000001,0.044437006,0.0,361.93
3493,0.182001110000001,0.040873006,0.0,363.61
3494,0.18204927,0.040248007,0.0,363.97
3495,0.182569020000001,0.044935003,0.0,361.71
3496,0.18153905,0.045441002,0.0,361.73
3497,0.18196106,0.045446009,0.0,361.7
3498,0.18173027,0.044905007,0.0,361.81
3499,0.18129301,0.045021013,0.0,361.78
3500,0.18022537,0.045474008,0.0,361.55
3501,0.180499070000001,0.045881003,0.0,361.6
3502,0.181361190000001,0.045881003,0.0,361.71
3503,0.18179225,0.045881003,0.0,361.7
3504,0.17848634,0.046885014,0.0,359.47
3505,0.17808723,0.046477005,0.0,359.95
3506,0.17804098,0.050989002,0.0,357.15
3507,0.17848634,0.051266,0.0,356.94
3508,0.17848634,0.050292,0.0,357.44
3509,0.17848634,0.054673001,0.0,355.1
3510,0.17848634,0.056133002,0.0,354.32
3511,0.17848634,0.061487004,0.0,351.42
3512,0.17848634,0.059540004,0.0,352.44
3513,0.17848634,0.061974004,0.0,351.18
3514,0.17848634,0.065381021,0.0,349.81
3515,0.17848634,0.063921005,0.0,350.28
3516,0.178057190000001,0.06684202,0.0,350.06
3517,0.17848634,0.06586802,0.0,349.72
3518,0.17848634,0.063434005,0.0,350.48
3519,0.17848634,0.06684202,0.0,349.68
3520,0.17848634,0.050779,0.0,357.19
3521,0.18215322,0.045065001,0.0,361.74
3522,0.18446636,0.044856012,0.0,361.31
3523,0.18467617,0.04539901,0.0,360.83
3524,0.18557119,0.045465008,0.0,360.74
3525,0.18532419,0.045881003,0.0,360.4
3526,0.18487215,0.045881003,0.0,360.38
3527,0.183086390000001,0.045881003,0.0,361.28
3528,0.18265533,0.045881003,0.0,361.51
3529,0.18577623,0.044960007,0.0,361.13
3530,0.18239831,0.045456007,0.0,361.63
3531,0.18351697,0.045881003,0.0,360.83
3532,0.182224270000001,0.045881003,0.0,361.64
3533,0.18577623,0.045881003,0.0,360.41
3534,0.186000340000001,0.045447007,0.0,360.76
3535,0.18622827,0.045881003,0.0,360.43
3536,0.188395020000001,0.045672,0.0,360.89
3537,0.18827629,0.045881003,0.0,360.69
3538,0.18848705,0.045881003,0.0,360.83
3539,0.18667936,0.045881003,0.0,360.46
3540,0.18834209,0.045424,0.0,361.01
3541,0.18865919,0.045881003,0.0,360.94
3542,0.188422200000001,0.044605002,0.0,361.43
3543,0.18924808,0.044631005,0.0,361.52
3544,0.18950796,0.044349,0.0,361.62
3545,0.18885135,0.044524014,0.0,361.5
3546,0.18936824,0.045036003,0.0,361.44
3547,0.189605230000001,0.044754014,0.0,361.55
3548,0.189841270000001,0.044472009,0.0,361.62
3549,0.189841270000001,0.044106007,0.0,361.68
3550,0.188500400000001,0.043014005,0.0,362.01
3551,0.188850400000001,0.042620004,0.0,362.0
3552,0.185354230000001,0.041870013,0.0,363.55
3553,0.18598318,0.041276008,0.0,364.12
3554,0.18325996,0.041357011,0.0,363.68
3555,0.1871562,0.041031003,0.0,364.29
3556,0.18837213,0.042496011,0.0,362.19
3557,0.18959331,0.042641014,0.0,361.9
3558,0.189841270000001,0.043007002,0.0,361.87
3559,0.189841270000001,0.042641014,0.0,361.9
3560,0.188268180000001,0.037273005,0.0,369.75
3561,0.186944,0.039170012,0.0,366.9
3562,0.18773508,0.038661003,0.0,367.88
3563,0.18791294,0.038198009,0.0,368.51
3564,0.18720722,0.040051014,0.0,365.83
3565,0.18737936,0.039586008,0.0,366.56
3566,0.18755722,0.039123014,0.0,367.23
3567,0.187222,0.037307009,0.0,369.25
3568,0.18623018,0.036924005,0.0,369.28
3569,0.18812608,0.035118014,0.0,372.09
3570,0.18816614,0.034636006,0.0,372.62
3571,0.188028330000001,0.036383003,0.0,370.66
3572,0.188446040000001,0.036811009,0.0,370.35
3573,0.188090320000001,0.037736014,0.0,369.13
3574,0.18862438,0.036348,0.0,370.95
3575,0.186290260000001,0.034421012,0.0,372.39
3576,0.18665599,0.035145,0.0,371.6
3577,0.18877935,0.034594,0.0,372.85
3578,0.185978410000001,0.034862012,0.0,371.74
3579,0.18771505,0.03599,0.0,370.98
3580,0.18720722,0.03564401,0.0,371.19
3581,0.185969350000001,0.035403014,0.0,371.04
3582,0.18529129,0.035429001,0.0,370.75
3583,0.184953210000001,0.036421001,0.0,369.32
3584,0.18471098,0.036911011,0.0,368.57
3585,0.18589735,0.032840014,0.0,374.5
3586,0.18536806,0.033120007,0.0,374.14
3587,0.18589401,0.033413008,0.0,373.69
3588,0.18545293,0.034957007,0.0,371.43
3589,0.184846400000001,0.035027013,0.0,371.1
3590,0.18502521,0.034563005,0.0,371.8
3591,0.18861532,0.033184007,0.0,374.14
3592,0.18428707,0.036411003,0.0,368.99
3593,0.18448925,0.035956011,0.0,369.71
3594,0.1851263,0.035922006,0.0,370.04
3595,0.18552923,0.039229006,0.0,366.29
3596,0.18515396,0.038561002,0.0,366.87
3597,0.1829462,0.038988009,0.0,365.28
3598,0.18444299,0.038434014,0.0,366.67
3599,0.18153238,0.039184004,0.0,364.25
3600,0.18197107,0.038947001,0.0,364.67
3601,0.17963409,0.039752007,0.0,363.07
3602,0.17864036,0.039799005,0.0,362.73
3603,0.183761120000001,0.038243011,0.0,366.47
3604,0.18410825,0.037818,0.0,367.14
3605,0.182384010000001,0.038670004,0.0,365.14
3606,0.183480260000001,0.037663013,0.0,366.88
3607,0.18478918,0.037944004,0.0,367.39
3608,0.18466806,0.035492003,0.0,370.42
3609,0.18712425,0.033592001,0.0,373.54
3610,0.18933534,0.034498006,0.0,373.14
3611,0.18893623,0.034118012,0.0,373.36
3612,0.18951225,0.034036011,0.0,373.63
3613,0.18843603,0.034233004,0.0,373.11
3614,0.18841934,0.033720002,0.0,373.61
3615,0.18988132,0.033117011,0.0,374.52
3616,0.18649625,0.033160001,0.0,374.02
3617,0.18561697,0.034463004,0.0,372.15
3618,0.18532609,0.033616007,0.0,373.32
3619,0.18580007,0.033966005,0.0,372.89
3620,0.18644523,0.033809007,0.0,373.2
3621,0.185200210000001,0.034097001,0.0,372.53
3622,0.185328960000001,0.032625005,0.0,374.97
3623,0.18645095,0.032497004,0.0,374.84
3624,0.18629312,0.031822011,0.0,375.66
3625,0.18580532,0.032266006,0.0,375.32
3626,0.18439722,0.03090401,0.0,378.42
3627,0.178874970000001,0.02961801,0.0,390.16
3628,0.179372310000001,0.02961801,0.0,389.2
3629,0.1816101,0.03011401,0.0,384.81
3630,0.18934822,0.031523004,0.0,375.41
3631,0.19362306,0.030188009,0.0,376.51
3632,0.19411516,0.030136004,0.0,376.6
3633,0.197021960000001,0.030629009,0.0,377.02
3634,0.198927400000001,0.031175003,0.0,377.18
3635,0.198274130000001,0.029929012,0.0,377.1
3636,0.1922183,0.030654013,0.0,376.21
3637,0.192286960000001,0.029993013,0.0,376.28
3638,0.192669390000001,0.030451,0.0,376.32
3639,0.19313812,0.030290008,0.0,376.42
3640,0.19280624,0.029834003,0.0,376.38
3641,0.190093040000001,0.032669008,0.0,374.91
3642,0.190013400000001,0.029725001,0.0,376.09
3643,0.19067096,0.029305011,0.0,376.17
3644,0.200344080000001,0.031619013,0.0,377.27
3645,0.201226230000001,0.032065004,0.0,377.3
3646,0.202688210000001,0.031932012,0.0,377.33
3647,0.20303535,0.031585008,0.0,377.33
3648,0.20317602,0.031115011,0.0,377.33
3649,0.20313024,0.030135006,0.0,377.33
3650,0.20317697,0.030619011,0.0,377.33
3651,0.195808410000001,0.029183001,0.0,376.84
3652,0.197021,0.028926,0.0,376.97
3653,0.1966052,0.028695002,0.0,376.93
3654,0.18698406,0.029078007,0.0,377.11
3655,0.18606519,0.028114006,0.0,377.96
3656,0.1908493,0.028646007,0.0,376.24
3657,0.18507432,0.028114006,0.0,379.01
3658,0.18435239,0.028656006,0.0,379.93
3659,0.18484926,0.028581009,0.0,379.25
3660,0.185112950000001,0.02896601,0.0,378.83
3661,0.18311595,0.029155001,0.0,381.88
3662,0.183341980000001,0.028615013,0.0,381.57
3663,0.18358802,0.028114006,0.0,381.18
3664,0.18408298,0.028114006,0.0,380.39
3665,0.19102001,0.028114006,0.0,376.27
3666,0.193776130000001,0.028627008,0.0,376.56
3667,0.1942811,0.028605014,0.0,376.64
3668,0.19614124,0.028716013,0.0,376.88
3669,0.196949,0.028348014,0.0,376.96
3670,0.19743013,0.028467,0.0,377.0
3671,0.19646215,0.028253004,0.0,376.91
3672,0.19349718,0.028114006,0.0,376.53
3673,0.19448804,0.028114006,0.0,376.67
3674,0.19399309,0.028114006,0.0,376.6
3675,0.19201135,0.028114006,0.0,376.34
3676,0.184579370000001,0.028114006,0.0,379.66
3677,0.187056060000001,0.028114006,0.0,377.2
3678,0.18309211,0.028114006,0.0,382.04
3679,0.18036699,0.02961801,0.0,387.26
3680,0.17937517,0.028609008,0.0,389.19
3681,0.17714595,0.028114006,0.0,393.51
3682,0.179871080000001,0.028609008,0.0,388.22
3683,0.18086338,0.028609008,0.0,386.29
3684,0.18061494,0.028114006,0.0,386.78
3685,0.18011903,0.028114006,0.0,387.74
3686,0.181110380000001,0.028114006,0.0,385.81
3687,0.17912817,0.028114006,0.0,389.67
3688,0.16020727,0.018445,0.0,443.83
3689,0.15972995,0.018651009,0.0,443.87
3690,0.16020727,0.018941,0.0,443.83
3691,0.17962408,0.028114006,0.0,388.71
3692,0.17466926,0.028114006,0.0,398.33
3693,0.17143917,0.028609008,0.0,404.81
3694,0.170705310000001,0.028114006,0.0,406.34
3695,0.17120122,0.028114006,0.0,405.31
3696,0.169927120000001,0.02961801,0.0,407.94
3697,0.170423980000001,0.02961801,0.0,406.89
3698,0.17613601,0.03011401,0.0,395.45
3699,0.17862415,0.03011401,0.0,390.65
3700,0.179121970000001,0.03011401,0.0,389.69
3701,0.181112280000001,0.03011401,0.0,385.81
3702,0.179619310000001,0.03011401,0.0,388.73
3703,0.18011713,0.03011401,0.0,387.76
3704,0.18061494,0.03011401,0.0,386.79
3705,0.18210697,0.03011401,0.0,383.79
3706,0.1701641,0.03011401,0.0,407.41
3707,0.16916894,0.03011401,0.0,409.53
3708,0.1706624,0.03011401,0.0,406.37
3709,0.16966724,0.03011401,0.0,408.46
3710,0.16867113,0.03011401,0.0,410.61
3711,0.166681290000001,0.03011401,0.0,415.07
3712,0.16767597,0.03011401,0.0,412.81
3713,0.168174260000001,0.03011401,0.0,411.7
3714,0.16618299,0.03011401,0.0,416.23
3715,0.1664462,0.029617012,0.0,415.67
3716,0.16822814,0.028114006,0.0,411.67
3717,0.16773223,0.028114006,0.0,412.78
3718,0.166245930000001,0.028114006,0.0,416.2
3719,0.16674137,0.028114006,0.0,415.04
3720,0.16723728,0.028114006,0.0,413.9
3721,0.165255070000001,0.028114006,0.0,418.6
3722,0.16597938,0.028607011,0.0,416.83
3723,0.16575002,0.028114006,0.0,417.39
3724,0.16396904,0.028586001,0.0,421.91
3725,0.16327333,0.028113008,0.0,424.08
3726,0.16376829,0.028114006,0.0,422.53
3727,0.16469001,0.030106008,0.0,419.74
3728,0.1634531,0.028586001,0.0,423.37
3729,0.16143512,0.028519005,0.0,429.26
3730,0.16038703,0.029007003,0.0,431.11
3731,0.1587224,0.027468011,0.0,436.75
3732,0.161051270000001,0.027087003,0.0,432.71
3733,0.16097211,0.027614013,0.0,431.89
3734,0.156949040000001,0.02700001,0.0,440.0
3735,0.15823602,0.027758003,0.0,437.18
3736,0.15875721,0.026929006,0.0,437.52
3737,0.15652132,0.026747003,0.0,440.83
3738,0.155234330000001,0.02599001,0.0,443.2
3739,0.15577411,0.025657013,0.0,442.89
3740,0.15705919,0.025800005,0.0,441.21
3741,0.15790224,0.026333005,0.0,439.54
3742,0.157782070000001,0.025660008,0.0,440.56
3743,0.15224599,0.023645014,0.0,449.69
3744,0.151805400000001,0.023968011,0.0,449.97
3745,0.15223312,0.024221003,0.0,449.03
3746,0.15266227,0.02447401,0.0,448.12
3747,0.152730940000001,0.02324301,0.0,449.41
3748,0.15262794,0.022368014,0.0,450.51
3749,0.15355014,0.022382006,0.0,448.99
3750,0.14880418,0.022200004,0.0,457.31
3751,0.1524682,0.020638004,0.0,452.75
3752,0.152513020000001,0.021385014,0.0,451.78
3753,0.15195322,0.021711007,0.0,452.39
3754,0.15309429,0.020888001,0.0,451.22
3755,0.155827990000001,0.021820009,0.0,446.02
3756,0.15585422,0.021217004,0.0,446.24
3757,0.15740299,0.021394,0.0,444.53
3758,0.15822315,0.020982012,0.0,444.09
3759,0.15969705,0.022180006,0.0,443.01
3760,0.15919923,0.021940008,0.0,443.28
3761,0.15915298,0.022476003,0.0,442.96
3762,0.159291260000001,0.022942007,0.0,442.55
3763,0.15913105,0.023421005,0.0,442.18
3764,0.15923929,0.023918003,0.0,441.61
3765,0.1590414,0.024424002,0.0,441.09
3766,0.159155360000001,0.024977014,0.0,440.25
3767,0.15967512,0.024680004,0.0,440.44
3768,0.159687040000001,0.02417101,0.0,441.14
3769,0.16020727,0.024391011,0.0,440.75
3770,0.15970802,0.023659006,0.0,441.74
3771,0.16020727,0.024886012,0.0,439.98
3772,0.16020727,0.023400009,0.0,441.95
3773,0.16020727,0.023895011,0.0,441.4
3774,0.159723280000001,0.021680013,0.0,443.29
3775,0.16020727,0.021418006,0.0,443.35
3776,0.16020727,0.021914006,0.0,443.11
3777,0.159264080000001,0.021445006,0.0,443.5
3778,0.14061212,0.01891701,0.0,497.15
3779,0.14066839,0.017668009,0.0,497.67
3780,0.13961601,0.018915013,0.0,502.99
3781,0.13911914,0.018915013,0.0,505.89
3782,0.13862133,0.018915013,0.0,508.82
3783,0.1401143,0.018915013,0.0,500.09
3784,0.139408110000001,0.016634003,0.0,505.05
3785,0.14173507,0.017210007,0.0,492.43
3786,0.140213960000001,0.017158002,0.0,500.44
3787,0.1391654,0.016080007,0.0,506.46
3788,0.139646050000001,0.016080007,0.0,503.74
3789,0.140609260000001,0.016080007,0.0,498.58
3790,0.13991403,0.016617,0.0,502.23
3791,0.14012813,0.016080007,0.0,501.1
3792,0.13808631,0.017757014,0.0,512.54
3793,0.13795995,0.01662001,0.0,513.57
3794,0.13820219,0.016080007,0.0,512.12
3795,0.138684270000001,0.016080007,0.0,509.25
3796,0.13817501,0.017124012,0.0,512.19
3797,0.137721060000001,0.016080007,0.0,515.05
3798,0.13724041,0.016080007,0.0,518.04
3799,0.13563537,0.018908009,0.0,527.05
3800,0.13605403,0.017135009,0.0,525.57
3801,0.13678216,0.017221004,0.0,520.8
3802,0.13834524,0.018378005,0.0,510.73
3803,0.13712835,0.018915013,0.0,517.85
3804,0.13366317,0.018663004,0.0,539.44
3805,0.13354206,0.018116013,0.0,541.42
3806,0.13318204,0.018539012,0.0,542.67
3807,0.13339328,0.017584011,0.0,543.75
3808,0.13484907,0.017063007,0.0,533.97
3809,0.131330960000001,0.017815009,0.0,555.23
3810,0.1317873,0.017555014,0.0,553.87
3811,0.13387012,0.016080007,0.0,542.79
3812,0.13531398,0.016080007,0.0,530.95
3813,0.13579511,0.016080007,0.0,527.55
3814,0.13604497,0.016496003,0.0,525.82
3815,0.13627719,0.016080007,0.0,524.28
3816,0.134963030000001,0.013132006,0.0,617.11
3817,0.134482380000001,0.013132006,0.0,614.15
3818,0.13351917,0.013132006,0.0,604.3
3819,0.135704990000001,0.012047008,0.0,621.66
3820,0.13544416,0.013132006,0.0,619.25
3821,0.13546609,0.011622012,0.0,622.46
3822,0.13253402,0.012113005,0.0,597.97
3823,0.13203907,0.012581006,0.0,590.27
3824,0.1340003,0.013132006,0.0,610.07
3825,0.13278722,0.014541,0.0,573.69
3826,0.132256030000001,0.014276013,0.0,576.24
3827,0.13278722,0.014059007,0.0,579.21
3828,0.13208293,0.011989013,0.0,593.78
3829,0.1320424,0.011132002,0.0,595.08
3830,0.133008,0.011132002,0.0,611.06
3831,0.13524007,0.011132002,0.0,624.21
3832,0.13568735,0.011132002,0.0,624.58
3833,0.135930060000001,0.011622012,0.0,623.19
3834,0.136133190000001,0.011132002,0.0,624.77
3835,0.136186120000001,0.012177006,0.0,622.34
3836,0.13657999,0.011132002,0.0,624.84
3837,0.136888020000001,0.013132006,0.0,622.5
3838,0.135926240000001,0.013132006,0.0,620.75
3839,0.13785123,0.013132006,0.0,623.23
3840,0.13878297,0.01295501,0.0,623.5
3841,0.13979196,0.012082011,0.0,623.72
3842,0.13968706,0.012625009,0.0,623.61
3843,0.140239230000001,0.011988014,0.0,623.68
3844,0.14014005,0.012461007,0.0,623.6
3845,0.14059209,0.012296006,0.0,623.57
3846,0.139966960000001,0.011580006,0.0,623.82
3847,0.1403923,0.011527002,0.0,623.75
3848,0.14104414,0.011632011,0.0,623.6
3849,0.140598290000001,0.011132002,0.0,623.79
3850,0.14015102,0.011132002,0.0,623.88
3851,0.157196040000001,0.017454014,0.0,443.93
3852,0.14238309,0.016406,0.0,491.04
3853,0.1437993,0.017371014,0.0,480.48
3854,0.14419508,0.017841012,0.0,477.99
3855,0.14681816,0.017748013,0.0,467.31
3856,0.148710250000001,0.016915009,0.0,462.24
3857,0.151029110000001,0.016915009,0.0,458.1
3858,0.147783270000001,0.016915009,0.0,464.58
3859,0.150566100000001,0.016915009,0.0,458.73
3860,0.14731931,0.016915009,0.0,465.91
3861,0.146391390000001,0.016915009,0.0,468.92
3862,0.149600980000001,0.018559009,0.0,459.85
3863,0.14533424,0.018396005,0.0,472.24
3864,0.14795827,0.018954009,0.0,463.22
3865,0.14293432,0.018758014,0.0,483.55
3866,0.14544916,0.018923,0.0,471.15
3867,0.141605370000001,0.018977002,0.0,491.08
3868,0.14493322,0.019333005,0.0,472.56
3869,0.14493131,0.019952014,0.0,471.27
3870,0.14542198,0.019566,0.0,470.22
3871,0.14401912,0.019554004,0.0,476.21
3872,0.14307022,0.019254014,0.0,481.89
3873,0.14258623,0.019139007,0.0,484.92
3874,0.14354801,0.019392014,0.0,478.98
3875,0.14448022,0.019741014,0.0,473.64
3876,0.14580297,0.020431012,0.0,467.2
3877,0.145370000000001,0.020185009,0.0,469.13
3878,0.14631605,0.020130009,0.0,466.27
3879,0.14623117,0.020684004,0.0,465.46
3880,0.14935922,0.020614013,0.0,458.37
3881,0.15298414,0.01967001,0.0,453.3
3882,0.1530261,0.020255,0.0,452.09
3883,0.155234330000001,0.019871012,0.0,447.38
3884,0.15428304,0.020787001,0.0,448.9
3885,0.156989090000001,0.020278007,0.0,445.01
3886,0.156622410000001,0.019871012,0.0,445.34
3887,0.1575303,0.020666004,0.0,444.57
3888,0.16020727,0.020923004,0.0,443.54
3889,0.16020727,0.020427004,0.0,443.67
3890,0.159705160000001,0.019156009,0.0,443.86
3891,0.15917921,0.019401014,0.0,443.93
3892,0.16020727,0.019436002,0.0,443.81
3893,0.15761995,0.019634009,0.0,444.37
3894,0.15746021,0.020100013,0.0,444.59
3895,0.157047270000001,0.019727007,0.0,444.73
3896,0.15766811,0.019110009,0.0,444.2
3897,0.157196040000001,0.019305006,0.0,444.35
3898,0.157196040000001,0.018842012,0.0,444.15
3899,0.15975809,0.018177003,0.0,443.85
3900,0.16020727,0.017950014,0.0,443.82
3901,0.157573220000001,0.017454014,0.0,443.94
3902,0.158930300000001,0.017911002,0.0,443.91
3903,0.15832519,0.017454014,0.0,443.92
3904,0.15870237,0.017454014,0.0,443.9
3905,0.152884960000001,0.019228012,0.0,454.73
3906,0.157196040000001,0.018379003,0.0,444.04
3907,0.152884960000001,0.018766001,0.0,455.64
3908,0.1523962,0.018523008,0.0,456.13
3909,0.15192794,0.018250004,0.0,456.72
3910,0.152884960000001,0.018303007,0.0,456.21
3911,0.152884960000001,0.017840013,0.0,456.59
3912,0.152884960000001,0.017378003,0.0,456.79
3913,0.152884960000001,0.016915009,0.0,456.84
3914,0.15937709,0.017843008,0.0,443.87
3915,0.15907812,0.017454014,0.0,443.87
3916,0.159810060000001,0.017763004,0.0,443.84
3917,0.16020727,0.017454014,0.0,443.8
3918,0.15945529,0.017454014,0.0,443.84
3919,0.15983104,0.017454014,0.0,443.82
